prod_name,category,Brand,Skin_Type,Link,,
"        Nivea Soft Light Moisturizer For Face, Hand & Body, Instant Hydration, Non-Greasy Cream With Vitamin E & Jojoba Oil, 300 Ml       ",Moisturizer,Nivea,All,https://www.amazon.in/sspa/click?ie=UTF8&spc=MTo2MDk2MTUzOTExMzk5MTgzOjE2ODA3MDU1NjE6c3BfYXRmOjIwMDI0MjIxMzk2Njk4OjowOjo&url=%2FNivea-Light-Moisturising-Cream-300ml%2Fdp%2FB00E96N6O8%2Fref%3Dsr_1_1_sspa%3Fkeywords%3DMoisturizer%26qid%3D1680705561%26sr%3D8-1-spons%26sp_csd%3Dd2lkZ2V0TmFtZT1zcF9hdGY%26psc%3D1,,
"        Nivea Soft Playful Peach, Light Moisturizer Cream For Face, Hands And Body, Instant Hydration, Non-Greasy Cream With Vitamin E & Jojoba Oil 200 Ml       ",Moisturizer,Nivea,All,https://www.amazon.in/sspa/click?ie=UTF8&spc=MTo2MDk2MTUzOTExMzk5MTgzOjE2ODA3MDU1NjE6c3BfYXRmOjIwMDI0MjIxMzk3MDk4OjowOjo&url=%2FNivea-Moisturizer-Playful-Vitamin-Jojoba%2Fdp%2FB0991N9YS2%2Fref%3Dsr_1_2_sspa%3Fkeywords%3DMoisturizer%26qid%3D1680705561%26sr%3D8-2-spons%26sp_csd%3Dd2lkZ2V0TmFtZT1zcF9hdGY%26psc%3D1,,
"        Nivea Soft Light Moisturizer For Face, Hand & Body, Instant Hydration, Non-Greasy Cream With Vitamin E & Jojoba Oil, 50ml       ",Moisturizer,Nivea,Dry,https://www.amazon.in/sspa/click?ie=UTF8&spc=MTo2MDk2MTUzOTExMzk5MTgzOjE2ODA3MDU1NjE6c3BfYXRmOjIwMDYyNDA1ODI3MDk4OjowOjo&url=%2FNivea-Soft-Cr%25C3%25A8me-50ml%2Fdp%2FB00KIP2FZA%2Fref%3Dsr_1_4_sspa%3Fkeywords%3DMoisturizer%26qid%3D1680705561%26sr%3D8-4-spons%26sp_csd%3Dd2lkZ2V0TmFtZT1zcF9hdGY%26psc%3D1,,
"        Biotique Morning Nectar Flawless Skin Moisturizer For All Skin Types, 190Ml       ",Moisturizer,Biotique,Combination,https://www.amazon.in/Biotique-Morning-Nectar-Flawless-Lotion/dp/B006NVDWGE/ref=sr_1_5?keywords=Moisturizer&qid=1680705561&sr=8-5,,
"        Minimalist Marula Oil 5% Face Moisturizer For Dry Skin With Hyaluronic Acid For Deep Nourishment & Hydration For Unisex, 50g       ",Moisturizer,Minimalist,Dry,https://www.amazon.in/Minimalist-Moisturizer-Hyaluronic-Nourishment-Hydration/dp/B09Q3MJZQB/ref=sr_1_6?keywords=Moisturizer&qid=1680705561&sr=8-6,,
"        Cetaphil Moisturizing Lotion for Normal to Combination, Sensitive Skin| 100 ml| Moisturizer with Niacinamide, Panthenol| Non-greasy, Won’t Clog Pores| Dermatologist Recommended| Paraben, Sulphate Free       ",Moisturizer,Cetaphil,"All, Combination, Sensitive, Dry, Normal",https://www.amazon.in/Cetaphil-Moisturizing-Lotion-100ml/dp/B01ER4HR4Q/ref=sr_1_7?keywords=Moisturizer&qid=1680705561&sr=8-7,,
"        Lakme Absolute Hydra Pro Overnight Gel, 50 g       ",Moisturizer,LAKMÉ,Normal,https://www.amazon.in/Lakm%C3%A9-Absolute-Hydra-Pro-Overnight/dp/B07YVHBFPL/ref=sxin_15?asc_contentid=amzn1.osa.59458683-24d8-46ba-b0f6-1379d1c83079.A21TJRUUN4KGV.en_IN&asc_contenttype=article&ascsubtag=amzn1.osa.59458683-24d8-46ba-b0f6-1379d1c83079.A21TJRUUN4KGV.en_IN&content-id=amzn1.sym.5445860c-82c6-43ce-b630-b0c7823a784d%3Aamzn1.sym.5445860c-82c6-43ce-b630-b0c7823a784d&creativeASIN=B07YVHBFPL&cv_ct_cx=Moisturizer&cv_ct_id=amzn1.osa.59458683-24d8-46ba-b0f6-1379d1c83079.A21TJRUUN4KGV.en_IN&cv_ct_pg=search&cv_ct_we=asin&cv_ct_wn=osp-single-source-pecos-desktop&keywords=Moisturizer&linkCode=oas&pd_rd_i=B07YVHBFPL&pd_rd_r=ff4a5966-36cb-4e3e-82d1-00bf8fabc196&pd_rd_w=mGqmH&pd_rd_wg=mVEIC&pf_rd_p=5445860c-82c6-43ce-b630-b0c7823a784d&pf_rd_r=D694KKZCNA0A716K51AF&qid=1680705561&sbo=RZvfv%2F%2FHxDF%2BO5021pAnSA%3D%3D&sr=1-1-c84eb971-91f2-4a4d-acce-811265c24254&tag=pinkvillaosp-21,,
"        Neutrogena Hydro Boost Hyaluronic Acid Hydrating Water Gel Daily Face Moisturizer For All Skin Types, 15 g       ",Moisturizer,Neutrogena,Normal,https://www.amazon.in/Neutrogena-Hydro-Boost-Water-White/dp/B08HRCNFCM/ref=sxin_15?asc_contentid=amzn1.osa.59458683-24d8-46ba-b0f6-1379d1c83079.A21TJRUUN4KGV.en_IN&asc_contenttype=article&ascsubtag=amzn1.osa.59458683-24d8-46ba-b0f6-1379d1c83079.A21TJRUUN4KGV.en_IN&content-id=amzn1.sym.5445860c-82c6-43ce-b630-b0c7823a784d%3Aamzn1.sym.5445860c-82c6-43ce-b630-b0c7823a784d&creativeASIN=B08HRCNFCM&cv_ct_cx=Moisturizer&cv_ct_id=amzn1.osa.59458683-24d8-46ba-b0f6-1379d1c83079.A21TJRUUN4KGV.en_IN&cv_ct_pg=search&cv_ct_we=asin&cv_ct_wn=osp-single-source-pecos-desktop&keywords=Moisturizer&linkCode=oas&pd_rd_i=B08HRCNFCM&pd_rd_r=ff4a5966-36cb-4e3e-82d1-00bf8fabc196&pd_rd_w=mGqmH&pd_rd_wg=mVEIC&pf_rd_p=5445860c-82c6-43ce-b630-b0c7823a784d&pf_rd_r=D694KKZCNA0A716K51AF&qid=1680705561&sbo=RZvfv%2F%2FHxDF%2BO5021pAnSA%3D%3D&sr=1-2-c84eb971-91f2-4a4d-acce-811265c24254&tag=pinkvillaosp-21,,
"        POND'S Super Light Gel Face Moisturiser, 147 g       ",Moisturizer,POND'S,Normal,https://www.amazon.in/Ponds-Super-Light-Gel-Moisturiser/dp/B07T8NWDJV/ref=sxin_15?asc_contentid=amzn1.osa.59458683-24d8-46ba-b0f6-1379d1c83079.A21TJRUUN4KGV.en_IN&asc_contenttype=article&ascsubtag=amzn1.osa.59458683-24d8-46ba-b0f6-1379d1c83079.A21TJRUUN4KGV.en_IN&content-id=amzn1.sym.5445860c-82c6-43ce-b630-b0c7823a784d%3Aamzn1.sym.5445860c-82c6-43ce-b630-b0c7823a784d&creativeASIN=B07T8NWDJV&cv_ct_cx=Moisturizer&cv_ct_id=amzn1.osa.59458683-24d8-46ba-b0f6-1379d1c83079.A21TJRUUN4KGV.en_IN&cv_ct_pg=search&cv_ct_we=asin&cv_ct_wn=osp-single-source-pecos-desktop&keywords=Moisturizer&linkCode=oas&pd_rd_i=B07T8NWDJV&pd_rd_r=ff4a5966-36cb-4e3e-82d1-00bf8fabc196&pd_rd_w=mGqmH&pd_rd_wg=mVEIC&pf_rd_p=5445860c-82c6-43ce-b630-b0c7823a784d&pf_rd_r=D694KKZCNA0A716K51AF&qid=1680705561&sbo=RZvfv%2F%2FHxDF%2BO5021pAnSA%3D%3D&sr=1-3-c84eb971-91f2-4a4d-acce-811265c24254&tag=pinkvillaosp-21,,
"        Joy Revivify Hydra Boost Lightweight Day Cream SPF 15, 50g       ",Moisturizer,JOY,All,https://www.amazon.in/Revivify-Hydra-Boost-Lightweight-15-50g/dp/B07TS2DW15/ref=sxin_15?asc_contentid=amzn1.osa.59458683-24d8-46ba-b0f6-1379d1c83079.A21TJRUUN4KGV.en_IN&asc_contenttype=article&ascsubtag=amzn1.osa.59458683-24d8-46ba-b0f6-1379d1c83079.A21TJRUUN4KGV.en_IN&content-id=amzn1.sym.5445860c-82c6-43ce-b630-b0c7823a784d%3Aamzn1.sym.5445860c-82c6-43ce-b630-b0c7823a784d&creativeASIN=B07TS2DW15&cv_ct_cx=Moisturizer&cv_ct_id=amzn1.osa.59458683-24d8-46ba-b0f6-1379d1c83079.A21TJRUUN4KGV.en_IN&cv_ct_pg=search&cv_ct_we=asin&cv_ct_wn=osp-single-source-pecos-desktop&keywords=Moisturizer&linkCode=oas&pd_rd_i=B07TS2DW15&pd_rd_r=ff4a5966-36cb-4e3e-82d1-00bf8fabc196&pd_rd_w=mGqmH&pd_rd_wg=mVEIC&pf_rd_p=5445860c-82c6-43ce-b630-b0c7823a784d&pf_rd_r=D694KKZCNA0A716K51AF&qid=1680705561&sbo=RZvfv%2F%2FHxDF%2BO5021pAnSA%3D%3D&sr=1-4-c84eb971-91f2-4a4d-acce-811265c24254&tag=pinkvillaosp-21,,
"        Parachute Advansed Deep Nourish Body Lotion for Women & Men, Dry Skin, 400ml | Pure Coconut Milk, 100% Natural, 72h Moisturisation       ",Moisturizer,Parachute Advansed,Dry,https://www.amazon.in/Parachute-Advansed-Body-Lotion-Nourish/dp/B00CBRJ34E/ref=sr_1_8?keywords=Moisturizer&qid=1680705561&sr=8-8,,
        Neutriderm Moisturising Lotion w/Vitamin E - 125 mL       ,Moisturizer,Neutriderm,All,https://www.amazon.in/Neutriderm-Vitamin-Moisturising-Lotion-125/dp/B00GSXY6DU/ref=sr_1_9?keywords=Moisturizer&qid=1680705561&sr=8-9,,
"        Cetaphil DAM Daily Advance Ultra Hydrating Lotion for Dry, Sensitive Skin| 30 g| Moisturizer with Shea Butter| Non-Greasy, Fragrance-Free| Paraben, Sulphate Free       ",Moisturizer,Cetaphil,"Sensitive, Dry",https://www.amazon.in/Cetaphil-Daily-Advance-Hydrating-Lotion/dp/B01N9975KN/ref=sr_1_10?keywords=Moisturizer&qid=1680705561&sr=8-10,,
"        Vaseline Intensive Care Deep Moisture Nourishing Body Lotion 400 ml, Daily Moisturizer for Dry Skin, Gives Non-Greasy, Glowing Skin - For Men & Women       ",Moisturizer,Vaseline,All,https://www.amazon.in/Vaseline-Intensive-Restore-Lasting-Moisturisation/dp/B08M4QF7V9/ref=sr_1_11?keywords=Moisturizer&qid=1680705561&sr=8-11,,
"        Neutrogena Hydro Boost Hyaluronic Acid Hydrating Water Gel Daily Face Moisturizer For All Skin Types, 50g       ",Moisturizer,Neutrogena,All,https://www.amazon.in/Neutrogena-Hydro-Boost-Water-Blue/dp/B00BQFTQW6/ref=sr_1_12?keywords=Moisturizer&qid=1680705561&sr=8-12,,
"        Dot & Key Ceramides & Hyaluronic Hydrating Face Cream With Probiotic & Rice Water I Barrier Repair For Dry Skin, 100g       ",Moisturizer,DOT & KEY,"Sensitive, Dry",https://www.amazon.in/Ceramides-Hyaluronic-Hydrating-Probiotic-Barrier/dp/B0BDVG99J5/ref=sr_1_13?keywords=Moisturizer&qid=1680705561&sr=8-13,,
"        Dot & Key Vitamin C + E Super Bright Moisturizer | Face Moisturizer For Glowing Skin, Fades Pigmentation, Reduces Skin Dullness | Super Soft Face Cream For Dry Skin & Oily Skin | For Women & Men | 25ml       ",Moisturizer,DOT & KEY,All,https://www.amazon.in/Vitamin-Moisturizer-Ascorbic-Ascorbyl-Phosphate/dp/B09FXLGW94/ref=sr_1_14?keywords=Moisturizer&qid=1680705561&sr=8-14,,
"        Mamaearth Vitamin C Ultra Light Gel Oil-Free Moisturizer For Face, Body And Hands; With Vitamin C & Aloe Vera Water For Glowing Hydration - 200 Ml       ",Moisturizer,Mamaearth,Combination,https://www.amazon.in/Mamaearth-Vitamin-Oil-Free-Moisturizer-Hydration/dp/B093H9K16H/ref=sr_1_15?keywords=Moisturizer&qid=1680705561&sr=8-15,,
        Minimalist 10% Vitamin B5 Gel Face Moisturizer For Oily & Acne Prone Skin | Oil-Free | Fast Absorbing Lightweight Winter Cream For Women & Men | Non Sticky | Fragrance Free | 50 G       ,Moisturizer,Minimalist,"Oily, Acne Prone",https://www.amazon.in/Minimalist-Vitamin-Absorbing-Lightweight-Moisturizer/dp/B09Q3MWP2S/ref=sr_1_16?keywords=Moisturizer&qid=1680705561&sr=8-16,,
"        POND'S Super Light Gel Oil Free Face Moisturizer 50 ml, With Hyaluronic Acid & Vitamin E for Fresh Glowing Skin & 24 hr Hydration - Daily Use       ",Moisturizer,POND'S,All,https://www.amazon.in/PONDS-Moisturizer-Hyaluronic-Vitamin-Hydration/dp/B09Z6R5XSK/ref=sr_1_17?keywords=Moisturizer&qid=1680705561&sr=8-17,,
        Mamaearth Vitamin C Oil-Free Moisturizer For Face With Vitamin C & Gotu Kola For Skin Illumination - 80 Ml       ,Moisturizer,Mamaearth,All,https://www.amazon.in/Mamaearth-Vitamin-Oil-Free-Moisturizer-Illumination/dp/B096W78HTH/ref=sr_1_18?keywords=Moisturizer&qid=1680705561&sr=8-18,,
        Re'equil Ceramide & Hyaluronic Acid Moisturiser For Normal To Dry Skin 100 gm       ,Moisturizer,RE' EQUIL,"Dry, Normal",https://www.amazon.in/RE-EQUIL-Ceramide-Hyaluronic-Moisturiser/dp/B082KWT81N/ref=sr_1_19?keywords=Moisturizer&qid=1680705561&sr=8-19,,
"        Cetaphil Moisturising Cream for Face & Body , Dry to very dry skin, 80 gm       ",Moisturizer,Cetaphil,Combination,https://www.amazon.in/Cetaphil-Moisturising-Cream-80g/dp/B01HMLB0LW/ref=sr_1_20?keywords=Moisturizer&qid=1680705561&sr=8-20,,
        Simple Kind To Skin Replenishing Rich Moisturiser 125 ml       ,Moisturizer,Simple,All,https://www.amazon.in/sspa/click?ie=UTF8&spc=MTo2MDk2MTUzOTExMzk5MTgzOjE2ODA3MDU1NjE6c3BfbXRmOjIwMDU0MDQ0NjU1NTk4OjowOjo&url=%2FSimple-77096-Replenishing-Rich-Moisturiser%2Fdp%2FB000LNHB6M%2Fref%3Dsr_1_21_sspa%3Fkeywords%3DMoisturizer%26qid%3D1680705561%26sr%3D8-21-spons%26sp_csd%3Dd2lkZ2V0TmFtZT1zcF9tdGY%26psc%3D1,,
        Neutriderm Moisturising Lotion w/Vitamin E - 125 mL       ,Moisturizer,Neutriderm,All,https://www.amazon.in/sspa/click?ie=UTF8&spc=MTo2MDk2MTUzOTExMzk5MTgzOjE2ODA3MDU1NjE6c3BfbXRmOjIwMTIzOTcxMTgyNTk4OjowOjo&url=%2FNeutriderm-Vitamin-Moisturising-Lotion-125%2Fdp%2FB00GSXY6DU%2Fref%3Dsr_1_22_sspa%3Fkeywords%3DMoisturizer%26qid%3D1680705561%26sr%3D8-22-spons%26sp_csd%3Dd2lkZ2V0TmFtZT1zcF9tdGY%26psc%3D1,,
"        Nivea Soft Entertainer College Edition Moisturizer For Face, Hand & Body, Non Sticky Cream, 300ml Qith Floral Styling Pouchh       ",Moisturizer,Nivea,All,https://www.amazon.in/sspa/click?ie=UTF8&spc=MTo2MDk2MTUzOTExMzk5MTgzOjE2ODA3MDU1NjE6c3BfbXRmOjIwMTI1MzM4NTYxMjk4OjowOjo&url=%2FEntertainer-College-Moisturizer-Sticky-Styling%2Fdp%2FB0B6FJ9GZ3%2Fref%3Dsr_1_23_sspa%3Fkeywords%3DMoisturizer%26qid%3D1680705561%26sr%3D8-23-spons%26sp_csd%3Dd2lkZ2V0TmFtZT1zcF9tdGY%26psc%3D1,,
"        Lakme Lumi Cream ,Moisturizer with highlighter, Enriched with Niacinamide for all skin type,30 gm       ",Moisturizer,LAKMÉ,Normal,https://www.amazon.in/Lakme-Moisturizer-highlighter-Enriched-Niacinamide/dp/B09FMJ8WWR/ref=sr_1_25?keywords=Moisturizer&qid=1680705561&sr=8-25,,
"        Bioderma Atoderm Creme Ultra-Nourishing - Moisturizer For Normal To Sensitive Dry Skin, 200ml       ",Moisturizer,Bioderma,Dry,https://www.amazon.in/Bioderma-3401399458835-Atoderm-Creme-200g/dp/B0025YVBG6/ref=sr_1_26?keywords=Moisturizer&qid=1680705561&sr=8-26,,
"        Vaseline Healthy Bright Sun Protection Body Lotion SPF 30 400 ml, Daily Moisturizer for Dry Skin, Gives Non-Greasy Glowing Skin - For Men & Women       ",Moisturizer,Vaseline,All,https://www.amazon.in/Vaseline-Pollution-Protection-Body-Lotion/dp/B07W7D9NSB/ref=sr_1_28_mod_primary_new?keywords=Moisturizer&qid=1680705561&sbo=RZvfv%2F%2FHxDF%2BO5021pAnSA%3D%3D&sr=8-28,,
"        WOW Skin Science Shea Butter and Cocoa Butter Moisturizing Body Lotion, Deep Hydration, 400ml       ",Moisturizer,WOW Skin Science,Combination,https://www.amazon.in/WOW-Butter-Moisturizing-Lotion-Hydration/dp/B07JZ23DVY/ref=sr_1_29?keywords=Moisturizer&qid=1680705561&sr=8-29,,
"        Nivea Body Lotion, Aloe Hydration, With Aloe Vera For Instant Hydration In Summer, For Men & Women, 400 ml       ",Moisturizer,Nivea,Normal,https://www.amazon.in/Nivea-Aloe-Hydration-Lotion-400ml/dp/B079KGC4NZ/ref=sr_1_30?keywords=Moisturizer&qid=1680705561&sr=8-30,,
        Neutrogena Combi Skin Moisture for Moisturize Dry Skin and Control Shine in Oily Areas (Dry Skin) 118 milliliters       ,Moisturizer,Neutrogena,Dry,https://www.amazon.in/Neutrogena-Oil-Free-Moisture-Combination-Moisturizer/dp/B00027EGI8/ref=sr_1_31?keywords=Moisturizer&qid=1680705561&sr=8-31,,
"        Nivea Soft Light Moisturizer For Face, Hand & Body, Instant Hydration, Non-Greasy Cream With Vitamin E & Jojoba Oil, 300 Ml       ",Moisturizer,Nivea,All,https://www.amazon.in/Nivea-Light-Moisturising-Cream-300ml/dp/B00E96N6O8/ref=sr_1_32?keywords=Moisturizer&qid=1680705561&sr=8-32,,
"        Biotique Morning Nectar Sun Protect Moisturizer Lotion For Visibly Flawless Skin All Skin Types, 120 ml       ",Moisturizer,Biotique,Combination,https://www.amazon.in/Biotique-Morning-Nectar-Soothing-Sunscreen/dp/B0054MS8SA/ref=sr_1_33?keywords=Moisturizer&qid=1680705561&sr=8-33,,
"        RE' EQUIL Oil Free Moisturiser for Normal, Oily & Combination Skin- 100g       ",Moisturizer,RE' EQUIL,Combination,https://www.amazon.in/RE-EQUIL-Moisturiser-Normal-Combination/dp/B082NL4SNP/ref=sr_1_34?keywords=Moisturizer&qid=1680705561&sr=8-34,,
"        Parachute Advansed Soft Touch Body Lotion for Women & Men, All Skin types, 400ml | Pure Coconut Milk & Honey, 100% Natural, 72h Moisturisation       ",Moisturizer,Parachute Advansed,Dry,https://www.amazon.in/Parachute-Advansed-Body-Lotion-Touch/dp/B00CBRJ1SM/ref=sr_1_35?keywords=Moisturizer&qid=1680705561&sr=8-35,,
"        Nivea Body Lotion For Very Dry Skin, Nourishing Body Milk With 2X Almond Oil For 48H Moisturization, For Men & Women, 400ml       ",Moisturizer,Nivea,Dry,https://www.amazon.in/Nivea-Nourishing-Lotion-Moisture-Almond/dp/B00IJ72QWQ/ref=sr_1_36?keywords=Moisturizer&qid=1680705561&sr=8-36,,
"        Himalaya Cocoa Butter Intensive Body Lotion, 400ml       ",Moisturizer,Himalaya,Dry,https://www.amazon.in/Himalaya-Herbals-Butter-Intensive-Lotion/dp/B006G84AA6/ref=sr_1_37?keywords=Moisturizer&qid=1680705561&sr=8-37,,
        The Derma Co Pore Minimizing Daily Face Moisturizer with 3% Niacinamide 3% PHA and p-REFINYL for Open Pores - 50 g       ,Moisturizer,The Derma Co,All,https://www.amazon.in/Derma-Co-Minimizing-Moisturizer-Niacinamide/dp/B09V15TDCQ/ref=sr_1_39?keywords=Moisturizer&qid=1680705561&sr=8-39,,
"        Lakme Peach Milk Soft Crème Moisturizer for Face 150 g, Daily Lightweight Whipped Cream with Vitamin E for Soft, Glowing Skin - Non Oily 24h Moisture       ",Moisturizer,LAKMÉ,All,https://www.amazon.in/Moisturizer-Lightweight-Whipped-Vitamin-Glowing/dp/B09WJ7N9F8/ref=sr_1_40?keywords=Moisturizer&qid=1680705561&sr=8-40,,
"        Mamaearth Oil-Free Moisturizer For Face With Apple Cider Vinegar For Acne Prone Skin, 80 Ml       ",Moisturizer,Mamaearth,Acne,https://www.amazon.in/Mamaearth-Oil-Free-Moisturizer-Apple-Vinegar/dp/B07STDDDGF/ref=sr_1_41?keywords=Moisturizer&qid=1680705561&sr=8-41,,
        Simple Kind To Skin Hydrating Light Moisturiser 125 ml       ,Moisturizer,Simple,All,https://www.amazon.in/Simple-Hydrating-Light-Moisturiser-125ml/dp/B000LQX6XG/ref=sr_1_42?keywords=Moisturizer&qid=1680705561&sr=8-42,,
"        POND'S Super Light Gel Oil Free Face Moisturizer 200 ml, With Hyaluronic Acid & Vitamin E for Fresh Glowing Skin & 24 hr Hydration - Daily Use       ",Moisturizer,POND'S,All,https://www.amazon.in/Ponds-Super-Moisturiser-Hyaluronic-Vitamin/dp/B09Z6TJP7Y/ref=sr_1_43?keywords=Moisturizer&qid=1680705561&sr=8-43,,
"        POND'S Super Light Gel Oil Free Face Moisturizer 100 ml, With Hyaluronic Acid & Vitamin E for Fresh Glowing Skin & 24 hr Hydration - Daily Use       ",Moisturizer,POND'S,All,https://www.amazon.in/Ponds-Super-Light-Gel-100ML/dp/B09Z6T8H41/ref=sr_1_44_mod_primary_new?keywords=Moisturizer&qid=1680705561&sbo=RZvfv%2F%2FHxDF%2BO5021pAnSA%3D%3D&sr=8-44,,
"        Biotique Bio Morning Nectar Visibly Flawless Skin Moisturizer, 120ml       ",Moisturizer,Biotique,Combination,https://www.amazon.in/Biotique-Morning-Nectar-Flawless-Lotion/dp/B00791CORK/ref=sr_1_45?keywords=Moisturizer&qid=1680705561&sr=8-45,,
"        LAKMÉ Peach Milk Face Moisturizer, 200ml, Daily Lightweight Lotion with Vitamin C & Vitamin E for Soft Glowing Skin Non Oily 24h Moisture for Women       ",Moisturizer,LAKMÉ,All,https://www.amazon.in/Lakme-Peach-Milk-Moisturizer-Lotion/dp/B00UFF8PZ2/ref=sr_1_46_mod_primary_new?keywords=Moisturizer&qid=1680705561&sbo=RZvfv%2F%2FHxDF%2BO5021pAnSA%3D%3D&sr=8-46,,
"        Nivea Soft Light Moisturizer For Face, Hand & Body, Instant Hydration, Non-Greasy Cream With Vitamin E & Jojoba Oil, 50ml       ",Moisturizer,Nivea,Dry,https://www.amazon.in/Nivea-Soft-Cr%C3%A8me-50ml/dp/B00KIP2FZA/ref=sr_1_47?keywords=Moisturizer&qid=1680705561&sr=8-47,,
"        Boroplus Body Lotion Provides 24Hrs Moisturisation 100% Ayurvedic Lotion, Vitamin E For Dry And Normal Skin With Goodness Of Dhoodh, Badam & Kesar, 400Ml       ",Moisturizer,BOROPLUS,Normal,https://www.amazon.in/BOROPLUS-Doodh-Kesar-Body-Lotion/dp/B07VV5R3FB/ref=sr_1_48_mod_primary_new?keywords=Moisturizer&qid=1680705561&sbo=RZvfv%2F%2FHxDF%2BO5021pAnSA%3D%3D&sr=8-48,,
"        Plum Green Tea Mattifying Moisturizer for Daily Use | Moisturizer for face | For Oily, Acne-Prone Skin | Lightweight, Matte Formula | 50ml       ",Moisturizer,Plum,Oily,https://www.amazon.in/Plum-Green-Mattifying-Moisturizer-50ml/dp/B00OCJ5PUU/ref=sr_1_49?keywords=Moisturizer&qid=1680705561&sr=8-49,,
        Minimalist 3% Sepicalm With Oats Face Moisturizer Cream for Sensitive Skin | Lightweight | Calming | Reduces Redness | Soothes Skin | 50g       ,Moisturizer,Minimalist,All,https://www.amazon.in/Minimalist-Moisturizer-Overnight-comedogenic-Fragrance/dp/B08PKFFWTY/ref=sr_1_50?keywords=Moisturizer&qid=1680705561&sr=8-50,,
"        Glenmark Episoft AC Moisturizer with Sunscreen, SPF 30+, Anti-acne Benefits, Anti-hyperpigmentation | For Men and Women, 75 gms       ",Moisturizer,Episoft,All,https://www.amazon.in/Episoft-Ac-Moisturiser-Microencapsulated-Sunscreen/dp/B08H62J7B2/ref=sr_1_51?keywords=Moisturizer&qid=1680705561&sr=8-51,,
"        Foxtale Squalene & Vitamin B5 Moisturizer for Dry, Sensitive & Flaky skin | Comfort Zone Rich Moisture Cream | Nourishing & Soothing, Repairs Damaged Skin Barrier - 50ml       ",Moisturizer,FoxTale,All,https://www.amazon.in/Squalene-Moisturizer-Sensitive-Moisture-Nourishing/dp/B0BRSRM4SK/ref=sr_1_52?keywords=Moisturizer&qid=1680705561&sr=8-52,,
"        LAKMÉ Peach Milk Lotion Moisturizer SPF 24 PA++, 200ml       ",Moisturizer,LAKMÉ,Oily,https://www.amazon.in/Lakme-Peach-Moisturizer-Sunscreen-Lotion/dp/B079NHBD4D/ref=sr_1_53?keywords=Moisturizer&qid=1680705561&sr=8-53,,
"        Plum Green Tea Oil Free Moisturizer for Daily Use | Moisturizer for face | 100% Fragrance Free | Enriched with Squalane, Niacinamide & Hyaluronic Acid | 50 ml       ",Moisturizer,Plum,Oily,https://www.amazon.in/Plum-Moisturizer-Fragrance-Niacinamide-Hyaluronic/dp/B08ZL8YM1B/ref=sr_1_54?keywords=Moisturizer&qid=1680705561&sr=8-54,,
"        Dot & Key CICA + Niacinamide Oil-Free Moisturizer, 50gm Tube       ",Moisturizer,DOT & KEY,"Oily, Acne Prone, Sensitive",https://www.amazon.in/Niacinamide-Reduction-Moisturizer-Ceramides-Sensitive/dp/B0BFHQ2WPZ/ref=sr_1_55?keywords=Moisturizer&qid=1680705561&sr=8-55,,
"        Nivea Soft Playful Peach, Light Moisturizer Cream For Face, Hands And Body, Instant Hydration, Non-Greasy Cream With Vitamin E & Jojoba Oil 200 Ml       ",Moisturizer,Nivea,All,https://www.amazon.in/Nivea-Moisturizer-Playful-Vitamin-Jojoba/dp/B0991N9YS2/ref=sr_1_56?keywords=Moisturizer&qid=1680705561&sr=8-56,,
"        Nivea Soft Berry Blossom, Light Moisturizer For Face, Hand & Body, Instant Hydration Non-Greasy Cream With Vitamin E & Jojoba Oil, 100ml       ",Moisturizer,Nivea,Normal,https://www.amazon.in/sspa/click?ie=UTF8&spc=MTo2MDk2MTUzOTExMzk5MTgzOjE2ODA3MDU1NjE6c3BfYnRmOjIwMDI0MjIxMzk2OTk4OjowOjo&url=%2FNIVEA-Moisturizer-Blossom-Vitamin-Jojoba%2Fdp%2FB07PHTMMVP%2Fref%3Dsr_1_57_sspa%3Fkeywords%3DMoisturizer%26qid%3D1680705561%26sr%3D8-57-spons%26sp_csd%3Dd2lkZ2V0TmFtZT1zcF9idGY%26psc%3D1,,
"        Minimalist 0.3% Ceramide Moisturizing Cream For Barrier Repair & Deep Moisturization, Daily Repairing Face Moisturizer For Normal To Dry Skin, 50g       ",Moisturizer,Minimalist,Dry,https://www.amazon.in/sspa/click?ie=UTF8&spc=MTo2MDk2MTUzOTExMzk5MTgzOjE2ODA3MDU1NjE6c3BfYnRmOjIwMDI0NDY2MTk5NTk4OjowOjo&url=%2FMinimalist-Moisturizing-Moisturization-Repairing-Moisturizer%2Fdp%2FB09P3G9MKZ%2Fref%3Dsr_1_58_sspa%3Fkeywords%3DMoisturizer%26qid%3D1680705561%26sr%3D8-58-spons%26sp_csd%3Dd2lkZ2V0TmFtZT1zcF9idGY%26psc%3D1,,
"        NIVEA Aloe Hydration Cream, Refreshing Moisture Care 200ml       ",Moisturizer,Nivea,Normal,https://www.amazon.in/sspa/click?ie=UTF8&spc=MTo2MDk2MTUzOTExMzk5MTgzOjE2ODA3MDU1NjE6c3BfYnRmOjIwMDM1OTY0OTkxOTk4OjowOjo&url=%2FNivea-Aloe-Moisturizing-Cr%25C3%25A8me-200ml%2Fdp%2FB012NP8Z2E%2Fref%3Dsr_1_59_sspa%3Fkeywords%3DMoisturizer%26qid%3D1680705561%26sr%3D8-59-spons%26sp_csd%3Dd2lkZ2V0TmFtZT1zcF9idGY%26psc%3D1,,
"        Neutrogena Hydro Boost Hyaluronic Acid Hydrating Water Gel Daily Face Moisturizer For All Skin Types, 50g       ",Moisturizer,Neutrogena,All,https://www.amazon.in/sspa/click?ie=UTF8&spc=MTo2MDk2MTUzOTExMzk5MTgzOjE2ODA3MDU1NjE6c3BfYnRmOjIwMTI4MDEyNDE1NDk4OjowOjo&url=%2FNeutrogena-Hydro-Boost-Water-Blue%2Fdp%2FB00BQFTQW6%2Fref%3Dsr_1_60_sspa%3Fkeywords%3DMoisturizer%26qid%3D1680705561%26sr%3D8-60-spons%26sp_csd%3Dd2lkZ2V0TmFtZT1zcF9idGY%26psc%3D1,,
"        Nivea Soft Light Moisturizer For Face, Hand & Body, Instant Hydration, Non-Greasy Cream With Vitamin E & Jojoba Oil, 200 Ml       ",Moisturizer,Nivea,All,https://www.amazon.in/sspa/click?ie=UTF8&spc=MTo3MDk3ODkwMzQwMjE1Nzk5OjE2ODA3MDU4MjQ6c3BfYXRmX25leHQ6MjAxNDIyMDY1NDA1OTg6OjA6Og&url=%2FNivea-Soft-Light-Moisturiser-200ml%2Fdp%2FB00FRDAAUA%2Fref%3Dsr_1_49_sspa%3Fkeywords%3DMoisturizer%26qid%3D1680705824%26sr%3D8-49-spons%26sp_csd%3Dd2lkZ2V0TmFtZT1zcF9hdGZfbmV4dA%26psc%3D1,,
"        HK VITALS by HealthKart Vitamin E Moisturizer with Glycerine, Brightens Dull Skin, Deeply Moisturizes & Nourishes Skin, All Skin Types, 100 g       ",Moisturizer,HK Vitals,All,https://www.amazon.in/sspa/click?ie=UTF8&spc=MTo3MDk3ODkwMzQwMjE1Nzk5OjE2ODA3MDU4MjQ6c3BfYXRmX25leHQ6MjAxMDg2MDk0MDYwOTg6OjA6Og&url=%2FHK-HealthKart-Moisturizer-Glycerine-Moisturizes%2Fdp%2FB0BRB7KP7F%2Fref%3Dsr_1_50_sspa%3Fkeywords%3DMoisturizer%26qid%3D1680705824%26sr%3D8-50-spons%26sp_csd%3Dd2lkZ2V0TmFtZT1zcF9hdGZfbmV4dA%26psc%3D1,,
"        Nivea Soft Light Moisturizer For Face, Hand & Body, Non-Sticky Cream With Vitamin E & Jojoba Oil, 500ml       ",Moisturizer,Nivea,Normal,https://www.amazon.in/sspa/click?ie=UTF8&spc=MTo3MDk3ODkwMzQwMjE1Nzk5OjE2ODA3MDU4MjQ6c3BfYXRmX25leHQ6MjAwMjQyMjEzOTY4OTg6OjA6Og&url=%2FNivea-Cream-Light-Moisturiser-Vitamin%2Fdp%2FB07YLY1YT1%2Fref%3Dsr_1_52_sspa%3Fkeywords%3DMoisturizer%26qid%3D1680705824%26sr%3D8-52-spons%26sp_csd%3Dd2lkZ2V0TmFtZT1zcF9hdGZfbmV4dA%26psc%3D1,,
"        The Derma Co Ceramide + Ha Intense Face Moisturizer, Dry Skin Moisturiser - 25 Gm(Dermaco)       ",Moisturizer,The Derma Co,All,https://www.amazon.in/Derma-Co-Ceramide-Moisturizer-Moisturiser/dp/B095CSJHHT/ref=sr_1_53?keywords=Moisturizer&qid=1680705824&sr=8-53,,
        Pilgrim Australian 2% Vitamin C Oil free Moisturizer for oily & acne prone skin with Kakadu Plum & Lime Pearl™ | Vitamin C Moisturizer for Face | Moisturiser for dry skin | Women & Men | 50 gm       ,Moisturizer,Pilgrim,All,https://www.amazon.in/Pilgrim-Australian-Vitamin-Moisturizer-Moisturiser/dp/B0BS6B7V4K/ref=sr_1_54?keywords=Moisturizer&qid=1680705824&sr=8-54,,
"        Nivea Soft Light Moisturizer For Face, Hand & Body, Instant Hydration, Non-Greasy Cream With Vitamin E & Jojoba Oil, 200 Ml       ",Moisturizer,Nivea,All,https://www.amazon.in/Nivea-Soft-Light-Moisturiser-200ml/dp/B00FRDAAUA/ref=sr_1_55?keywords=Moisturizer&qid=1680705824&sr=8-55,,
        Mamaearth Ubtan Oil-Free Face Moisturizer With Turmeric & Saffron For Skin Brightening - 80 Ml       ,Moisturizer,Mamaearth,All,https://www.amazon.in/Mamaearth-Oil-Free-Moisturizer-Turmeric-Brightening/dp/B09HSF8VH4/ref=sr_1_56?keywords=Moisturizer&qid=1680705824&sr=8-56,,
"        Mamaearth Ubtan Ultra Light Gel Oil-Free Moisturizer For Face, Body And Hands; With Turmeric & Saffron For Deep Hydration - 200 Ml       ",Moisturizer,Mamaearth,All,https://www.amazon.in/Mamaearth-Oil-Free-Moisturizer-Turmeric-Hydration/dp/B093HB4HVR/ref=sr_1_57?keywords=Moisturizer&qid=1680705824&sr=8-57,,
        The Derma Co 1% Salicylic Acid Oil-Free Face Moisturizer with Oat Extract for Active Acne - 50g(dermaco)       ,Moisturizer,The Derma Co,"All, Acne",https://www.amazon.in/Derma-Co-Salicylic-Oil-Free-Moisturizer/dp/B0989V1DQC/ref=sr_1_58?keywords=Moisturizer&qid=1680705824&sr=8-58,,
        Mamaearth Tea Tree Oil-Free Moisturizer For Face For Oily Skin With Tea Tree & Salicylic Acid For Acne & Pimples 80 Ml       ,Moisturizer,Mamaearth,All,https://www.amazon.in/Mamaearth-Oil-Free-Moisturizer-Salicylic-Pimples/dp/B096W6LRBF/ref=sr_1_59?keywords=Moisturizer&qid=1680705824&sr=8-59,,
"        Jovees Shea Butter Moisturizer, 100g       ",Moisturizer,JOVEES,"Dry, Normal Skin",https://www.amazon.in/Jovees-Shea-Butter-Moisturiser-100g/dp/B0056LBFS4/ref=sr_1_60?keywords=Moisturizer&qid=1680705824&sr=8-60,,
"        Olay Moisturising Cream, 50g       ",Moisturizer,Olay,Dry,https://www.amazon.in/Olay-Moisturizing-Skin-Cream-50g/dp/B0105ZGLAW/ref=sr_1_61?keywords=Moisturizer&qid=1680705824&sr=8-61,,
"        WOW Skin Science Organic Apple Cider Vinegar Face Moisturizer - Oil Free, Quick Absorbing - For Normal/Oily and Acne Prone Skin - No Parabens, Silicones, Mineral Oil, Color, 100 ml       ",Moisturizer,WOW Skin Science,All,https://www.amazon.in/WOW-Science-Organic-Vinegar-Moisturizer/dp/B082YZLYBZ/ref=sr_1_62?keywords=Moisturizer&qid=1680705824&sr=8-62,,
        Plum Saffron & Kumkumadi Oil Glow Bright Moisturizer | With SPF 35 | Brightens Skin & Enhances Glow | Fights Dark Spots & Dull Skin | UVA & UVB Protection | All Skin Types | 100% Vegan | 50 gm       ,Moisturizer,Plum,Normal,https://www.amazon.in/Plum-Kumkumadi-Moisturizer-Brightens-Protection/dp/B0BMTM7CBQ/ref=sr_1_63?keywords=Moisturizer&qid=1680705824&sr=8-63,,
"        Neutrogena Hydro Boost Hyaluronic Acid Hydrating Water Gel Daily Face Moisturizer For All Skin Types, 15 g       ",Moisturizer,Neutrogena,Normal,https://www.amazon.in/Neutrogena-Hydro-Boost-Water-White/dp/B08HRCNFCM/ref=sr_1_64?keywords=Moisturizer&qid=1680705824&sr=8-64,,
        Mamaearth Honey Malai Oil-Free Face Moisturizer for Nourishing Glow - 80 g       ,Moisturizer,Mamaearth,All,https://www.amazon.in/Mamaearth-Honey-Oil-Free-Moisturizer-Nourishing/dp/B0BPCM58JQ/ref=sr_1_65?keywords=Moisturizer&qid=1680705824&sr=8-65,,
        Simple Kind To Skin Replenishing Rich Moisturiser 125 ml       ,Moisturizer,Simple,All,https://www.amazon.in/Simple-77096-Replenishing-Rich-Moisturiser/dp/B000LNHB6M/ref=sr_1_66?keywords=Moisturizer&qid=1680705824&sr=8-66,,
"        POND'S Cream Moisturizer, All Skin Type with 15 SPF, 200 ml/197g       ",Moisturizer,POND'S,All,https://www.amazon.in/PONDS-Cream-Moisturizer-Skin-milliliter/dp/B09Z6WRLSR/ref=sr_1_67_mod_primary_new?keywords=Moisturizer&qid=1680705824&sbo=RZvfv%2F%2FHxDF%2BO5021pAnSA%3D%3D&sr=8-67,,
"        Joy Skin Fruits Fast Absorbing Light Moisturizer with Vitamin Complex, Ceramides and Jojoba Esters, Non-Oily Face Cream - For All Skin Types - 150 ml       ",Moisturizer,JOY,Combination,https://www.amazon.in/Fruits-Absorbing-Light-Moisturizing-Cream/dp/B08CRTVGKX/ref=sr_1_68?keywords=Moisturizer&qid=1680705824&sr=8-68,,
        VLCC Honey Cream Moisturiser (100ml)       ,Moisturizer,VLCC,Combination,https://www.amazon.in/sspa/click?ie=UTF8&spc=MTo3MDk3ODkwMzQwMjE1Nzk5OjE2ODA3MDU4MjQ6c3BfbXRmOjIwMTAxNDAxMjkxMTk4OjowOjo&url=%2FVLCC-Honey-Moisturiser-100ml%2Fdp%2FB00FREIN08%2Fref%3Dsr_1_69_sspa%3Fkeywords%3DMoisturizer%26qid%3D1680705824%26sr%3D8-69-spons%26sp_csd%3Dd2lkZ2V0TmFtZT1zcF9tdGY%26psc%3D1,,
"        Lacto Calamine Aloe Vera Gel with 99% Pure Natural Aloe Vera, Vitamin E and Glycerin, No Parabens, No Sulphates (150 g)       ",Moisturizer,Lacto Calamine,All,https://www.amazon.in/sspa/click?ie=UTF8&spc=MTo3MDk3ODkwMzQwMjE1Nzk5OjE2ODA3MDU4MjQ6c3BfbXRmOjIwMDI3MDMwNjgzNDk4OjowOjo&url=%2FLacto-Calamine-non-sticky-hydration-Lightweight%2Fdp%2FB09PSRMSV2%2Fref%3Dsr_1_70_sspa%3Fkeywords%3DMoisturizer%26qid%3D1680705824%26sr%3D8-70-spons%26sp_csd%3Dd2lkZ2V0TmFtZT1zcF9tdGY%26psc%3D1,,
"        Nivea Creme, All Season Multi-Purpose Cream, 200ml       ",Moisturizer,Nivea,All,https://www.amazon.in/sspa/click?ie=UTF8&spc=MTo3MDk3ODkwMzQwMjE1Nzk5OjE2ODA3MDU4MjQ6c3BfbXRmOjIwMDI0MjIxMzk3Mjk4OjowOjo&url=%2FNivea-Creme-200ml%2Fdp%2FB00GQVESKA%2Fref%3Dsr_1_71_sspa%3Fkeywords%3DMoisturizer%26qid%3D1680705824%26sr%3D8-71-spons%26sp_csd%3Dd2lkZ2V0TmFtZT1zcF9tdGY%26psc%3D1,,
"        NIVEA Soft Entertainer College Edition Moisturizer for Face, Hand & Body, Non Sticky Cream, 300 ml       ",Moisturizer,Nivea,All,https://www.amazon.in/sspa/click?ie=UTF8&spc=MTo3MDk3ODkwMzQwMjE1Nzk5OjE2ODA3MDU4MjQ6c3BfbXRmOjIwMTI1MzM4NTYxMTk4OjowOjo&url=%2FNIVEA-Entertainer-College-Moisturizer-Sticky%2Fdp%2FB0B3HZTHNT%2Fref%3Dsr_1_72_sspa%3Fkeywords%3DMoisturizer%26qid%3D1680705824%26sr%3D8-72-spons%26sp_csd%3Dd2lkZ2V0TmFtZT1zcF9tdGY%26psc%3D1,,
        Archi Herbals Moisturizer Lotion 500 Ml       ,Moisturizer,ARCHIHERBALS,All,https://www.amazon.in/ARCHI-HERBALS-MOISTURIZER-LOTION-500/dp/B09R4Z29H3/ref=sr_1_73?keywords=Moisturizer&qid=1680705824&sr=8-73,,
"        The Derma Co Oil-Free Daily Face Moisturizer With Hyaluronic Acid, Ceramides & Multivitamins for Non-Greasy & Hydrated Skin - 100g Prolonged Moisturization | Strengthens Skin Barrier       ",Moisturizer,The Derma Co,All,https://www.amazon.in/Derma-Co-Moisturizer-Hyaluronic-Multivitamins/dp/B0B39MLQYZ/ref=sr_1_74?keywords=Moisturizer&qid=1680705824&sr=8-74,,
"        mCaffeine Deep Nourishing Face Moisturizer for Dry Skin with Ceramide, Shea Butter, Caffeine & Coffee | Helps in Barrier Repair | Face Cream For Women & Men | 48 Hrs Moisturization - 50ml       ",Moisturizer,Mcaffeine,"All, Dry",https://www.amazon.in/mCaffeine-Non-sticky-Moisturizer-Moisturization-Nourishing/dp/B095P5PK6B/ref=sr_1_75?keywords=Moisturizer&qid=1680705824&sr=8-75,,
        VLCC Almond Honey Deep Nourishing Skin Brightening Body Lotion (700ml) (Each 350ml)       ,Moisturizer,VLCC,Dry,https://www.amazon.in/VLCC-Almond-Nourishing-Brightening-Lotion/dp/B077JSDB6V/ref=sr_1_76?keywords=Moisturizer&qid=1680705824&sr=8-76,,
"        Aroma Magic Juniper Berry Oil Free Moisturiser, 100ml       ",Moisturizer,Aroma Magic,All,https://www.amazon.in/Aroma-Magic-Juniper-Berry-Moisturiser/dp/B06XVQFSS8/ref=sr_1_77?keywords=Moisturizer&qid=1680705824&sr=8-77,,
"        Dr. Sheth's Ceramide & Vitamin C Oil Free, Lightweight Moisturizer to Hydrate & Brighten Skin with Vitamin C, Ceramide & Ashwagandha Daily Use Cream for Oily Skin, 50g       ",Moisturizer,Dr. Sheth's,All,https://www.amazon.in/Dr-Sheths-Lightweight-Moisturizer-Ashwagandha/dp/B0B8S79PF7/ref=sr_1_78?keywords=Moisturizer&qid=1680705824&sr=8-78,,
        POND'S Triple Vitamin Moisturising Body Lotion 600 ml       ,Moisturizer,POND'S,Normal,https://www.amazon.in/PONDS-Vitamin-Moisturizing-Vitamins-Moisturisation/dp/B09FN1TRL1/ref=sr_1_79?keywords=Moisturizer&qid=1680705824&sr=8-79,,
"        Mamaearth Daily Moisturizing Lotion, 200ml       ",Moisturizer,Mamaearth,Sensitive,https://www.amazon.in/Mamaearth-Daily-Moisturizing-Lotion-200ml/dp/B01N1M5FRR/ref=sr_1_80?keywords=Moisturizer&qid=1680705824&sr=8-80,,
"        Minimalist 0.3% Ceramide Moisturizing Cream For Barrier Repair & Deep Moisturization, Daily Repairing Face Moisturizer For Normal To Dry Skin, 50g       ",Moisturizer,Minimalist,Dry,https://www.amazon.in/Minimalist-Moisturizing-Moisturization-Repairing-Moisturizer/dp/B09P3G9MKZ/ref=sr_1_81?keywords=Moisturizer&qid=1680705824&sr=8-81,,
        Lakme Peach Milk Moisturizer Body Lotion 60ml       ,Moisturizer,LAKMÉ,Dry,https://www.amazon.in/Lakme-Peach-Milk-Moisturizer-Lotion/dp/B00UFF91ZA/ref=sr_1_82?keywords=Moisturizer&qid=1680705824&sr=8-82,,
        Pilgrim Australian Tea Tree oil free moisturizer for face for oily & acne prone skin with Hyaluronic acid & CICA |Tea tree light non-oily moisturizer for face |Face moisturizer for women & men | 80 gm       ,Moisturizer,Pilgrim,All,https://www.amazon.in/Pilgrim-moisturizer-prone-Hyaluronic-non-oily/dp/B0B8DJSQRM/ref=sr_1_83?keywords=Moisturizer&qid=1680705824&sr=8-83,,
"        Cetaphil Daily Advance Ultra Hydrating Lotion For Dry/Sensitive Skin, Long Lasting Moisturizer For Face & Body, Multi, 100 G       ",Moisturizer,Cetaphil,Combination,https://www.amazon.in/Cetaphil-Daily-Advance-Hydrating-Lotion/dp/B01ER4HUWU/ref=sr_1_84?keywords=Moisturizer&qid=1680705824&sr=8-84,,
        VLCC Honey Cream Moisturiser (100ml)       ,Moisturizer,VLCC,Combination,https://www.amazon.in/VLCC-Honey-Moisturiser-100ml/dp/B00FREIN08/ref=sr_1_85?keywords=Moisturizer&qid=1680705824&sr=8-85,,
"        Nivea Body Lotion For Dry Skin, Shea Smooth, With Shea Butter, For Men & Women, 400 ml       ",Moisturizer,Nivea,Dry,https://www.amazon.in/Nivea-Smooth-Milk-Lotion-400ml/dp/B00BKY9I62/ref=sr_1_86?keywords=Moisturizer&qid=1680705824&sr=8-86,,
        Mamaearth Aqua Glow Gel Face Moisturizer With Himalayan Thermal Water and Hyaluronic Acid for 72 Hours Hydration 100ml       ,Moisturizer,Mamaearth,All,https://www.amazon.in/Mamaearth-Moisturizer-Himalayan-Hyaluronic-Hydration/dp/B098P6RN7H/ref=sr_1_87?keywords=Moisturizer&qid=1680705824&sr=8-87,,
        WOW Skin Science Skin Revive Nectar Moisturizer for Ultra Deep Hydration - Dull & Dehydrated Skin - 400mL       ,Moisturizer,WOW Skin Science,Combination,https://www.amazon.in/WOW-Revive-Parabens-Mineral-Moisturiser/dp/B0714CCGMZ/ref=sr_1_88?keywords=Moisturizer&qid=1680705824&sr=8-88,,
        The Derma Co 5% Vitamin C Oil-Free Daily Face Moisturizer for Skin Radiance - 100g       ,Moisturizer,The Derma Co,All,https://www.amazon.in/Derma-Co-Oil-Free-Moisturizer-Radiance/dp/B0BHW4HH4S/ref=sr_1_89?keywords=Moisturizer&qid=1680705824&sr=8-89,,
"        Nivea Men Creme, Dark Spot Reduction, Non Greasy Moisturizer, Cream with UV Protect, 75 ml       ",Moisturizer,Nivea,All,https://www.amazon.in/Nivea-Dark-Spot-Reduction-Cream/dp/B0183C3F2Q/ref=sr_1_90?keywords=Moisturizer&qid=1680705824&sr=8-90,,
"        Aqualogica Glow+ Oil Free Moisturizer, With Papaya And Vitamin C | Brightens & Hydrates Skin | Lightweight & Non-Sticky | Unique Water Lock Technology | 100 G       ",Moisturizer,Aqualogica,All,https://www.amazon.in/Aqualogica-Moisturizer-Lightweight-Non-sticky-technology/dp/B0B596B2VY/ref=sr_1_91?keywords=Moisturizer&qid=1680705824&sr=8-91,,
"        Aqualogica Radiance+ Jello Moisturizer With Watermelon & Niacinamide, For Bright And Radiant Skin 50 G       ",Moisturizer,Aqualogica,All,https://www.amazon.in/Aqualogica-Radiance-Moisturizer-Watermelon-Niacinamide/dp/B0B3JMTNFD/ref=sr_1_92?keywords=Moisturizer&qid=1680705824&sr=8-92,,
"        NIVEA Soft, Light Moisturising Cream, Chilled Mint, 100ml       ",Moisturizer,Nivea,Normal,https://www.amazon.in/NIVEA-Moisturizer-Chilled-Vitamin-Jojoba/dp/B07PDMHKLC/ref=sr_1_93?keywords=Moisturizer&qid=1680705824&sr=8-93,,
"        Dot & Key 72HR HYDRATING GEL + PROBIOTICS, with Hyaluronic Acid, Kombucha & Rice Water | Lightweight gel Moisturizer for Dry Skin, Damaged & Uneven Skin Tone Skin I 25ml       ",Moisturizer,DOT & KEY,All,https://www.amazon.in/PROBIOTICS-Hyaluronic-Comedogenic-Lightweight-moisturizer/dp/B097K2HRQN/ref=sr_1_94?keywords=Moisturizer&qid=1680705824&sr=8-94,,
"        Vaseline Intensive Care Deep Moisture Nourishing Body Lotion 600 ml, Daily Moisturizer for Dry Skin, Gives Non-Greasy, Glowing Skin - For Men & Women       ",Moisturizer,Vaseline,All,https://www.amazon.in/Vaseline-Intensive-Care-Moisture-Lotion/dp/B08M4T5FJG/ref=sr_1_95?keywords=Moisturizer&qid=1680705824&sr=8-95,,
"        Brwn Tinted Moisturiser for face, 50ml, 7 Shades, Suitable for all skin types, SPF 30 with Vitamins and prebiotics| Lightweight+easy blend | Beige       ",Moisturizer,Brwn. pro melanin care,All,https://www.amazon.in/Moisturiser-Suitable-prebiotics-Lightweight-Beige/dp/B0BMLSFTKB/ref=sr_1_98?keywords=Moisturizer&qid=1680705824&sr=8-98,,
"        Dove Body Love Light Hydration Body Lotion For All Skin Types Paraben Free, 48hrs Moisturisation with Plant Based moisturiser, Fresh Hydrated Skin 400ml       ",Moisturizer,Dove,All,https://www.amazon.in/Dove-Light-Hydration-Body-Lotion/dp/B08M4V76TF/ref=sr_1_99?keywords=Moisturizer&qid=1680705824&sr=8-99,,
"        Fixderma Moisturizing lotion, Daily Moisturizer for Dry skin, Body & face moisturizer, Provides Hydration & calmness, Non-Comedogenic & Non-Greasy - 150ml       ",Moisturizer,FIXDERMA,All,https://www.amazon.in/FIXDERMA-Fixderma-Moisturising-Lotion-150ml/dp/B015ZQIF1O/ref=sr_1_100?keywords=Moisturizer&qid=1680705824&sr=8-100,,
"        Excela Lite Daily Skin Nourishing Moisturizer, 100ml       ",Moisturizer,EXCELA,Sensitive,https://www.amazon.in/Excela-Lite-Daily-Nourishing-Moisturizer/dp/B09SWY7P7H/ref=sr_1_101?keywords=Moisturizer&qid=1680705824&sr=8-101,,
        Mamaearth Rice Gel Face Moisturizer With Rice Water & Niacinamide for Glass Skin - 100 ml       ,Moisturizer,Mamaearth,All,https://www.amazon.in/Mamaearth-Moisturizer-Water-Niacinamide-Glass/dp/B09Z816F92/ref=sr_1_103?keywords=Moisturizer&qid=1680705824&sr=8-103,,
"        NIVEA Men Moisturiser, Oil Control Cream, 50g       ",Moisturizer,Nivea,Combination,https://www.amazon.in/Nivea-Men-Control-Moisturiser-50ml/dp/B00791D1CC/ref=sr_1_104?keywords=Moisturizer&qid=1680705824&sr=8-104,,
        Minimalist 3% Sepicalm With Oats Face Moisturizer Cream for Sensitive Skin | Lightweight | Calming | Reduces Redness | Soothes Skin | 50g       ,Moisturizer,Minimalist,All,https://www.amazon.in/sspa/click?ie=UTF8&spc=MTo3MDk3ODkwMzQwMjE1Nzk5OjE2ODA3MDU4MjQ6c3BfYnRmOjIwMDUzNDkyMzU2MjA2OjowOjo&url=%2FMinimalist-Moisturizer-Overnight-comedogenic-Fragrance%2Fdp%2FB08PKFFWTY%2Fref%3Dsr_1_105_sspa%3Fkeywords%3DMoisturizer%26qid%3D1680705824%26sr%3D8-105-spons%26sp_csd%3Dd2lkZ2V0TmFtZT1zcF9idGY%26psc%3D1,,
        Pilgrim Australian Tea Tree oil free moisturizer for face for oily & acne prone skin with Hyaluronic acid & CICA |Tea tree light non-oily moisturizer for face |Face moisturizer for women & men | 80 gm       ,Moisturizer,Pilgrim,All,https://www.amazon.in/sspa/click?ie=UTF8&spc=MTo3MDk3ODkwMzQwMjE1Nzk5OjE2ODA3MDU4MjQ6c3BfYnRmOjIwMDc4NjgzMjcwMDk4OjowOjo&url=%2FPilgrim-moisturizer-prone-Hyaluronic-non-oily%2Fdp%2FB0B8DJSQRM%2Fref%3Dsr_1_106_sspa%3Fkeywords%3DMoisturizer%26qid%3D1680705824%26sr%3D8-106-spons%26sp_csd%3Dd2lkZ2V0TmFtZT1zcF9idGY%26psc%3D1%26smid%3DAZ2BBRFTETV0S,,
        Faces Canada Hydro Face Moisturizer 100 ml (White)       ,Moisturizer,Faces,Dry,https://www.amazon.in/sspa/click?ie=UTF8&spc=MTo3MDk3ODkwMzQwMjE1Nzk5OjE2ODA3MDU4MjQ6c3BfYnRmOjIwMDI3MTg2MzIyNjA4OjowOjo&url=%2FFaces-Hydro-Face-Moisturiser-100ml%2Fdp%2FB017P2UTP6%2Fref%3Dsr_1_107_sspa%3Fkeywords%3DMoisturizer%26qid%3D1680705824%26sr%3D8-107-spons%26sp_csd%3Dd2lkZ2V0TmFtZT1zcF9idGY%26psc%3D1,,
"        NIVEA Soft Fashionista College Edition Moisturizer for Face, Hand & Body, Non Sticky Cream, 300 ml with Floral Styling Pouch       ",Moisturizer,Nivea,All,https://www.amazon.in/sspa/click?ie=UTF8&spc=MTo3MDk3ODkwMzQwMjE1Nzk5OjE2ODA3MDU4MjQ6c3BfYnRmOjIwMTI1MzM4NTYxMzk4OjowOjo&url=%2FFashionista-College-Moisturizer-Sticky-Styling%2Fdp%2FB0B6FW1NVW%2Fref%3Dsr_1_108_sspa%3Fkeywords%3DMoisturizer%26qid%3D1680705824%26sr%3D8-108-spons%26sp_csd%3Dd2lkZ2V0TmFtZT1zcF9idGY%26psc%3D1,,
"        NIVEA Soft, Light Moisturising Cream, Chilled Mint, 200ml       ",Moisturizer,Nivea,Normal,https://www.amazon.in/sspa/click?ie=UTF8&spc=MTo4Njk0Mjg3NTg3ODI3OTIyOjE2ODA3MDYwNjk6c3BfYXRmX25leHQ6MjAxNDIyMDY1NDAzOTg6OjA6Og&url=%2FNIVEA-Moisturizer-Chilled-Vitamin-Jojoba%2Fdp%2FB07PL2MGTZ%2Fref%3Dsr_1_97_sspa%3Fkeywords%3DMoisturizer%26qid%3D1680706069%26sr%3D8-97-spons%26sp_csd%3Dd2lkZ2V0TmFtZT1zcF9hdGZfbmV4dA%26psc%3D1,,
"        Nivea Soft Light Moisturizer Cream, Peppy Pomegranate, With Vitamin E & Jojoba Oil For Face, Hands And Body, 200ml       ",Moisturizer,Nivea,All,https://www.amazon.in/sspa/click?ie=UTF8&spc=MTo4Njk0Mjg3NTg3ODI3OTIyOjE2ODA3MDYwNjk6c3BfYXRmX25leHQ6MjAxNDIyMDY1NDA0OTg6OjA6Og&url=%2FNivea-Moisturizer-Pomegranate-Vitamin-Jojoba%2Fdp%2FB09921CWW7%2Fref%3Dsr_1_98_sspa%3Fkeywords%3DMoisturizer%26qid%3D1680706069%26sr%3D8-98-spons%26sp_csd%3Dd2lkZ2V0TmFtZT1zcF9hdGZfbmV4dA%26psc%3D1,,
        The Derma Co 1% Salicylic Acid Oil-Free Face Moisturizer with Oat Extract for Active Acne - 50g(dermaco)       ,Moisturizer,The Derma Co,"All, Acne",https://www.amazon.in/sspa/click?ie=UTF8&spc=MTo4Njk0Mjg3NTg3ODI3OTIyOjE2ODA3MDYwNjk6c3BfYXRmX25leHQ6MjAwNDE1MTA3NTY3OTg6OjA6Og&url=%2FDerma-Co-Salicylic-Oil-Free-Moisturizer%2Fdp%2FB0989V1DQC%2Fref%3Dsr_1_100_sspa%3Fkeywords%3DMoisturizer%26qid%3D1680706069%26sr%3D8-100-spons%26sp_csd%3Dd2lkZ2V0TmFtZT1zcF9hdGZfbmV4dA%26psc%3D1,,
        mCaffeine Green Tea Oil-Free Moisturizer with 5% Niacinamide | Hyaluronic Acid for 24h Hydration & Glowing Skin| Reduce Blemishes & Acne Marks | Antioxidant Rich & Lightweight | For Oily Skin - 50 ml       ,Moisturizer,Mcaffeine,All,https://www.amazon.in/Moisturizer-Niacinamide-Hyaluronic-Antioxidant-Lightweight/dp/B0BVRLQFT4/ref=sr_1_101?keywords=Moisturizer&qid=1680706069&sr=8-101,,
        The Derma Co 3% Vitamin E Face Moisturizer With Vitamin E & Lactic Acid For Dry & Flaky Skin - 100 G       ,Moisturizer,The Derma Co,All,https://www.amazon.in/Derma-Co-Vitamin-Moisturizer-Lactic/dp/B09BZKNP1F/ref=sr_1_102?keywords=Moisturizer&qid=1680706069&sr=8-102,,
        Pilgrim Squalane (Plant Derived) Glow Moisturizer For Face With Niacinamide & Vitamin C | Moisturizer For Dry Skin Hydration | Face Moisturizer With Vitamin C For Glowing Skin | Non-Greasy | 50 Gm       ,Moisturizer,Pilgrim,All,https://www.amazon.in/Pilgrim-Moisturizer-Niacinamide-moisturizer-Non-greasy/dp/B09TBBHMG6/ref=sr_1_103?keywords=Moisturizer&qid=1680706069&sr=8-103,,
"        Vaseline Intensive Care Aloe Fresh Hydrating Body Lotion 400 ml, Daily Skin Moisturizer for Dry Skin, Lotion for Non-Greasy, Glowing Skin       ",Moisturizer,Vaseline,Normal,https://www.amazon.in/Vaseline-Intensive-Care-Fresh-Lotion/dp/B07W7D8JY7/ref=sr_1_105_mod_primary_new?keywords=Moisturizer&qid=1680706069&sbo=RZvfv%2F%2FHxDF%2BO5021pAnSA%3D%3D&sr=8-105,,
"        Aqualogica Hydrate+ Gel Moisturizer with Coconut Water & Hyaluronic Acid for Deep Hydration, Oil-Free Formula, 100G       ",Moisturizer,Aqualogica,All,https://www.amazon.in/Aqualogica-Moisturizer-Hyaluronic-Hydration-Oil-Free/dp/B09RKH64W9/ref=sr_1_106?keywords=Moisturizer&qid=1680706069&sr=8-106,,
"        POND'S Light Moisturiser Cream, 100ml       ",Moisturizer,POND'S,All,https://www.amazon.in/PONDS-Light-Moisturiser-100ml-98g/dp/B09Z6VZX8Y/ref=sr_1_107?keywords=Moisturizer&qid=1680706069&sr=8-107,,
"        Himalaya Aloe and Cucumber Refreshing Moisturizer, 100ml       ",Moisturizer,Himalaya,Normal,https://www.amazon.in/Himalaya-Cucumber-Refreshing-Moisturizer-100ml/dp/B00ELE95DE/ref=sr_1_108?keywords=Moisturizer&qid=1680706069&sr=8-108,,
"        Parachute Advansed Coconut Water Hydrating Gel for Skin & Hair, 200ml | Niacinamide & Glycerine, Insta 2X Hydration, 72h Moisturisation       ",Moisturizer,Parachute Advansed,All,https://www.amazon.in/Parachute-Advansed-Hydrating-Niacinamide-Moisturisation/dp/B0B7WFXT46/ref=sr_1_109?keywords=Moisturizer&qid=1680706069&sr=8-109,,
"        Lakme Peach Milk Soft Creme Moisturizer, Lightweight Face Cream, Non Sticky, Locks Moisture For 24 Hours For Soft And Glowing Skin, 100 g       ",Moisturizer,LAKMÉ,Dry,https://www.amazon.in/Lakm%C3%A9-Peach-Milk-Soft-cr%C3%A8me/dp/B07JBT7ZTT/ref=sr_1_110?keywords=Moisturizer&qid=1680706069&sr=8-110,,
"        Aqualogica Glow+ Jello Moisturiser with Vitamin C & Papaya for Illuminating Moisturization & Skin Hydration, Non Sticky, 50 G       ",Moisturizer,Aqualogica,All,https://www.amazon.in/Aqualogica-Moisturiser-Illuminating-Moisturization-Hydration/dp/B09TPDG3B9/ref=sr_1_112?keywords=Moisturizer&qid=1680706069&sr=8-112,,
"        Nivea Soft Light Moisturizer For Face, Hand & Body, Instant Hydration, Non-Greasy Cream With Vitamin E & Jojoba Oil, 100 Ml       ",Moisturizer,Nivea,All,https://www.amazon.in/Nivea-42204091-Soft-Cr%C3%A8me-100ml/dp/B00BKY9HCC/ref=sr_1_113?keywords=Moisturizer&qid=1680706069&sr=8-113,,
        Himalaya Nourishing Body Lotion - 400ml       ,Moisturizer,Himalaya,Normal,https://www.amazon.in/Himalaya-Nourishing-Body-Lotion-400ml/dp/B00KTCNKFG/ref=sr_1_114?keywords=Moisturizer&qid=1680706069&sr=8-114,,
"        Dr. Sheth'S Tea Tree & Lactic Acid Body Lotion With 1% Salicylic Acid | Ph Balancing Moisturizer | Helps To Reduce Body Acne, Uneven Skin Tone | 200 Ml       ",Moisturizer,Dr. Sheth's,All,https://www.amazon.in/Dr-Tea-Tree-Lactic-Acid/dp/B0BF1Q3Z4R/ref=sr_1_115?keywords=Moisturizer&qid=1680706069&sr=8-115,,
"        Joy Hydra Refresh Ultra Light Gel Oil Free Face Moisturizer with Watermelon & Vitamin E | Long Lasting Hydration, Daily Use & Fast Absorbing, for Normal to Oily Skin - 250 ml       ",Moisturizer,JOY,All,https://www.amazon.in/Refresh-Moisturizer-Watermelon-Hydration-Absorbing/dp/B0BX9XLYYN/ref=sr_1_116?keywords=Moisturizer&qid=1680706069&sr=8-116,,
        The Derma Co Pore Minimizing Daily Face Moisturizer with 3% Niacinamide 3% PHA and p-REFINYL for Open Pores - 50 g       ,Moisturizer,The Derma Co,All,https://www.amazon.in/sspa/click?ie=UTF8&spc=MTo4Njk0Mjg3NTg3ODI3OTIyOjE2ODA3MDYwNjk6c3BfbXRmOjIwMDQwMTU4OTA4MTk4OjowOjo&url=%2FDerma-Co-Minimizing-Moisturizer-Niacinamide%2Fdp%2FB09V15TDCQ%2Fref%3Dsr_1_117_sspa%3Fkeywords%3DMoisturizer%26qid%3D1680706069%26sr%3D8-117-spons%26sp_csd%3Dd2lkZ2V0TmFtZT1zcF9tdGY%26psc%3D1,,
        Jergens Soothing Aloe refreshing Moisturizer - 400ml       ,Moisturizer,Jergens,"Oily, Combination, Dry, Normal",https://www.amazon.in/sspa/click?ie=UTF8&spc=MTo4Njk0Mjg3NTg3ODI3OTIyOjE2ODA3MDYwNjk6c3BfbXRmOjIwMTI0NjA1NTM0Nzk4OjowOjo&url=%2FJergens-Soothing-Aloerefreshing-Moisturizer-400ml%2Fdp%2FB09CDQVF6W%2Fref%3Dsr_1_118_sspa%3Fkeywords%3DMoisturizer%26qid%3D1680706069%26sr%3D8-118-spons%26sp_csd%3Dd2lkZ2V0TmFtZT1zcF9tdGY%26psc%3D1%26smid%3DA3E32A49YRKPRU,,
"        NIVEA Soft Light Moisturizing Cream, 300ml (Pack of 2)       ",Moisturizer,Nivea,Normal,https://www.amazon.in/sspa/click?ie=UTF8&spc=MTo4Njk0Mjg3NTg3ODI3OTIyOjE2ODA3MDYwNjk6c3BfbXRmOjIwMDI0MjIxMzk3NDk4OjowOjo&url=%2FNivea-Soft-Light-Moistirising-Cream%2Fdp%2FB07T48FR95%2Fref%3Dsr_1_119_sspa%3Fkeywords%3DMoisturizer%26qid%3D1680706069%26sr%3D8-119-spons%26sp_csd%3Dd2lkZ2V0TmFtZT1zcF9tdGY%26psc%3D1,,
        Kapiva Skin Rituals Aloe Rose Gel 200 gms | Clinically Tested Rose Actives | For Oil Control & Hydration | Reduces Oil Production by 91%       ,Moisturizer,Kapiva,All,https://www.amazon.in/sspa/click?ie=UTF8&spc=MTo4Njk0Mjg3NTg3ODI3OTIyOjE2ODA3MDYwNjk6c3BfbXRmOjIwMTA3MzA4MDU1Nzk4OjowOjo&url=%2FKapiva-Rituals-Clinically-Hydration-Production%2Fdp%2FB0BGP6D8KG%2Fref%3Dsr_1_120_sspa%3Fkeywords%3DMoisturizer%26qid%3D1680706069%26sr%3D8-120-spons%26sp_csd%3Dd2lkZ2V0TmFtZT1zcF9tdGY%26psc%3D1,,
"        Joy Honey & Almonds Advanced Nourishing Body Lotion, For Normal to Dry skin 500ml       ",Moisturizer,JOY,Normal to Dry skin,https://www.amazon.in/Honey-Almonds-Nourishing-Lotion-500ml/dp/B00TI9CB1A/ref=sr_1_121?keywords=Moisturizer&qid=1680706069&sr=8-121,,
        Cosmedical Oryza Moisturizing Cream 50gm The 3:1:1 Skin Moisturizer with SPF 20 Safe for Sensitive Skin       ,Moisturizer,Cosmedical,All,https://www.amazon.in/Cosmedical-Oryza-Moisturizing-Cream-50gm/dp/B0B7KF5RBB/ref=sr_1_122?keywords=Moisturizer&qid=1680706069&sr=8-122,,
"        NIVEA Aloe Hydration Cream, Refreshing Moisture Care 200ml       ",Moisturizer,Nivea,Normal,https://www.amazon.in/Nivea-Aloe-Moisturizing-Cr%C3%A8me-200ml/dp/B012NP8Z2E/ref=sr_1_123?keywords=Moisturizer&qid=1680706069&sr=8-123,,
"        Yardley London English Lavender Moisturizing Body Lotion, Germ shield, 400ml [350ml +50ml free] (Pack of 2)       ",Moisturizer,Yardley,Normal,https://www.amazon.in/Yardley-London-English-Lavender-Lotion/dp/B07NPJTQ5N/ref=sr_1_124?keywords=Moisturizer&qid=1680706069&sr=8-124,,
"        HK VITALS by HealthKart Collagen Face Moisturizer with Hyaluronic Acid & Multiminerals Complex, Stimulates Collagen Production, Reduces Signs of Ageing & Nourishes Skin, All Skin Types, 50 ml       ",Moisturizer,HK Vitals,All,https://www.amazon.in/HK-HealthKart-Moisturizer-Hyaluronic-Multiminerals/dp/B0BR9Y4BP9/ref=sr_1_125?keywords=Moisturizer&qid=1680706069&sr=8-125,,
"        Himalaya Herbals Nourishing Face Moisturizing Lotion, 100ml       ",Moisturizer,Himalaya,Dry,https://www.amazon.in/Himalaya-Herbals-Nourishing-Moisturizing-Lotion/dp/B006G83P66/ref=sr_1_126?keywords=Moisturizer&qid=1680706069&sr=8-126,,
"        Brinton Doux 24 Hour Moisturizer Cream Face, Moisturizer, For Women, Ladies, Men, Man, 100 g, blue       ",Moisturizer,Brinton,Sensitive,https://www.amazon.in/Brinton-Doux-Moisturizer-Cream-100gm/dp/B0751B3JKH/ref=sr_1_127?keywords=Moisturizer&qid=1680706069&sr=8-127,,
"        UrbanBotanics® Oil Free Moisturizer For Face - Mattifying Moisturiser Face Cream for Oily/Acne Prone/Normal Skin - with Neem & Basil Extract, Face Moisturizer For Women & men - 100ml       ",Moisturizer,UrbanBotanics,"All, Oily, Combination, Sensitive, Normal",https://www.amazon.in/UrbanBotanics%C2%AE-Neem-Basil-Mattifying-Moisturizer/dp/B07Y3XB8HZ/ref=sr_1_128?keywords=Moisturizer&qid=1680706069&sr=8-128,,
        Kahira Rice Water & Ceramide Moisturizer Emulsion with Rice Extracts suits for brightening | All Skin Types | Paraben Free (200 ml)       ,Moisturizer,Kahira,All,https://www.amazon.in/Kahira-Ceramide-Moisturizer-Emulsion-brightening/dp/B09MQS1BHW/ref=sr_1_129?keywords=Moisturizer&qid=1680706069&sr=8-129,,
"        Lacto Calamine Light moisturising gel. Non-sticky hydrating face & body gel with niacinamide, Hyaluronic and vitamin E. For non-oily feel & glowing skin. 150g x Pack of 1       ",Moisturizer,Lacto Calamine,All,https://www.amazon.in/Lacto-Calamine-moisturising-Non-sticky-niacinamide/dp/B0BPGWLH28/ref=sr_1_130?keywords=Moisturizer&qid=1680706069&sr=8-130,,
"        Vaseline Intensive Care Aloe Soothe Spray Moisturizer, 190ml       ",Moisturizer,Vaseline,Normal,https://www.amazon.in/Vaseline-Intensive-Soothe-Spray-Moisturizer/dp/B073BD4CMN/ref=sr_1_131?keywords=Moisturizer&qid=1680706069&sr=8-131,,
"        Dr. Sheth's Haldi & Hyaluronic Acid Oil-Free Lightweight Moisturiser to Rehydrate Dull Skin with 1% Hyaluronic Acid, Cica Extract & Aquaporin Boosters for Unisex, 50g       ",Moisturizer,Dr. Sheth's,All,https://www.amazon.in/Dr-Sheths-Hyaluronic-Lightweight-Moisturiser/dp/B0B8S53P74/ref=sr_1_132?keywords=Moisturizer&qid=1680706069&sr=8-132,,
"        Himalaya Baby Body Lotion, For All Skin Types (400 ml)       ",Moisturizer,Himalaya,"All, Dry",https://www.amazon.in/Himalaya-4003F-Baby-Lotion-400ml/dp/B008YD5500/ref=sr_1_133?keywords=Moisturizer&qid=1680706069&sr=8-133,,
"        Hydravo Skin Renewing Moisturizer Cream | Long Lasting, Light Weight And Paraben free (50 g)       ",Moisturizer,Hydravo,All,https://www.amazon.in/Indiabulls-Pharmaceuticals-Hydravo-Renewing-Moisturizer/dp/B07PSMC15K/ref=sr_1_134?keywords=Moisturizer&qid=1680706069&sr=8-134,,
"        Dove Body Love Supple Bounce Body Lotion for Dry Skin 48Hrs Moisturisation, Paraben Free, with Plant based Moisturiser, For Supple Healthy Skin 400ml       ",Moisturizer,Dove,All,https://www.amazon.in/Dove-Supple-Bounce-Body-Lotion/dp/B08M4QGSDY/ref=sr_1_135?keywords=Moisturizer&qid=1680706069&sr=8-135,,
"        LAKMÉ Absolute Hydra Pro Tinted Face Moisturiser with Hyaluronic Acid, Pentavitin and Shea Butter for Even-Tone & Intense Hydration, 30 g       ",Moisturizer,LAKMÉ,All,https://www.amazon.in/LAKM%C3%89-Moisturiser-Hyaluronic-Pentavitin-Even-Tone/dp/B098R1TTWZ/ref=sr_1_136?keywords=Moisturizer&qid=1680706069&sr=8-136,,
"        HK VITALS by HealthKart Vitamin E Moisturizer with Glycerine, Brightens Dull Skin, Deeply Moisturizes & Nourishes Skin, All Skin Types, 100 g       ",Moisturizer,HK Vitals,All,https://www.amazon.in/HK-HealthKart-Moisturizer-Glycerine-Moisturizes/dp/B0BRB7KP7F/ref=sr_1_137?keywords=Moisturizer&qid=1680706069&sr=8-137,,
"        Plum Vitamin C Fragrance-Free Vegan Moisturizer with Mandarin For Glowing Skin, Hyperpigmentation & Dull Skin, Improves Uneven Skin Tone & Elasticity       ",Moisturizer,Plum,All,https://www.amazon.in/Plum-Moisturizer-Hyperpigmentation-Elasticity-Fragrance-Free/dp/B09TKGZSV4/ref=sr_1_138?keywords=Moisturizer&qid=1680706069&sr=8-138,,
"        Himalaya Nourishing Skin Cream, 200ml       ",Moisturizer,Himalaya,Normal,https://www.amazon.in/Himalaya-Nourishing-Skin-Cream-200ml/dp/B01F32Q800/ref=sr_1_139?keywords=Moisturizer&qid=1680706069&sr=8-139,,
"        Dr. Sheth's Vitamin E & Ginseng Face Moisturizer Cream for Instant Hydration | Non-Greasy, Fast-Absorbing | Deeply Nourishes & Repairs Damage | For All Skin Types | For Women & Men | 50g       ",Moisturizer,Dr. Sheth's,All,https://www.amazon.in/Dr-Sheths-Moisturizing-Lecithin-Hydrates/dp/B09DPHPQRJ/ref=sr_1_140?keywords=Moisturizer&qid=1680706069&sr=8-140,,
"        Chemist at Play Face Moisturizer for Oily Skin Type, with 1% Salicylic Acid, Ceramides, Pentavitin & Zinc PCA, Hydrates & Controls Excess Sebum Production, Repairs the Skin, for Men and Women, 45 gms       ",Moisturizer,Chemist at Play,"Oily, Combination",https://www.amazon.in/Chemist-Play-Moisturizer-Pentavitin-production/dp/B09NQ8VFKV/ref=sr_1_141?keywords=Moisturizer&qid=1680706069&sr=8-141,,
        La Shield Probiotic Moisturizer Face Cream | Restores skin microbiome | 72 HR Hydration | Soft & Supple skin | For All Skin types | 100 gm       ,Moisturizer,La Shield,All,https://www.amazon.in/Shield-Probiotic-Moisturizer-microbiome-Hydration/dp/B0BFDV8X6Q/ref=sr_1_142?keywords=Moisturizer&qid=1680706069&sr=8-142,,
        Olivia Honey Almond Natural Skin Care Moisturizer for Face and Body 500ml with Sunscreen       ,Moisturizer,Olivia,"All, Oily, Combination, Dry, Normal",https://www.amazon.in/Olivia-Natural-Moisturizer-500ml-Sunscreen/dp/B07Y8P9CX3/ref=sr_1_143?keywords=Moisturizer&qid=1680706069&sr=8-143,,
        Mamaearth Green Tea Oil-Free Face Moisturizer with Green Tea & Collagen for Open Pores - 80 g       ,Moisturizer,Mamaearth,All,https://www.amazon.in/Mamaearth-Green-Oil-Free-Moisturizer-Collagen/dp/B0B9WYRK73/ref=sr_1_144?keywords=Moisturizer&qid=1680706069&sr=8-144,,
"        Nivea Body Lotion For Very Dry Skin, Nourishing Body Milk With 2X Almond Oil, For Men & Women, 200 ml       ",Moisturizer,Nivea,"Dry, Normal",https://www.amazon.in/Nivea-Nourishing-Lotion-Body-Milk/dp/B0154BS40W/ref=sr_1_145?keywords=Moisturizer&qid=1680706069&sr=8-145,,
"        Derma Essentia Ultra Hydrating Ceramide Moisturizer With Hyaluronic Acid, Provitamin B5, Japanese Chronochardy & Aquaxyl, Hydrates, Moisturizes & Repairs Skin For Normal To Dry Skin, 100g       ",Moisturizer,Derma Essentia,"All, Sensitive",https://www.amazon.in/Derma-Essentia-Moisturiser-Moisturising-Moisturizer/dp/B07QP9173T/ref=sr_1_146?keywords=Moisturizer&qid=1680706069&sr=8-146,,
"        L'Oreal Paris Revitalift Crystal Fresh Hydrating Gel Cream, Oil-Free moisturiser, With Salicylic Acid, 15ml       ",Moisturizer,L'Oreal Paris,All,https://www.amazon.in/LOreal-Paris-Revitalift-Moisturizer-Salicylic/dp/B09HKPQJW3/ref=sr_1_147?keywords=Moisturizer&qid=1680706069&sr=8-147,,
"        Olay Moisturising Cream, 100g       ",Moisturizer,Olay,Dry,532,https://www.amazon.in/Olay-Moisturizing-Skin-Cream-100g/dp/B006LXDYRG/ref=sr_1_148?keywords=Moisturizer&qid=1680706069&sr=8-148,
"        Nivea Soft Skin Moisturizer, 50ml       ",Moisturizer,Nivea,All,https://www.amazon.in/Nivea-Soft-50ml/dp/B01DU0WP90/ref=sr_1_149?keywords=Moisturizer&qid=1680706069&sr=8-149,,
"        FACES CANADA Peaches N Cream Tinted Moisturizer - Light 01, 35 g | Soft Peachy, Natural Glow | Lightly Tinted BB Cream | Non Oily Lightweight Gel Formula | Blends Easily | Suitable For All Skin Types       ",Moisturizer,Faces,Sensitive,https://www.amazon.in/Faces-Canada-Ultime-Peaches-Moisturizer/dp/B07LGHPNT4/ref=sr_1_150?keywords=Moisturizer&qid=1680706069&sr=8-150,,
"        Vaseline Men Body and Face Lotion , 20.3 Ounce Bottle       ",Moisturizer,Vaseline,Dry,https://www.amazon.in/Vaseline-Men-Body-Face-Lotion/dp/B001M0XKMM/ref=sr_1_151?keywords=Moisturizer&qid=1680706069&sr=8-151,,
"        Lakme Peach Milk Moisturizer Body Lotion, Lightweight, Non-Sticky, Locks Moisture For 24 Hrs, 120 ml       ",Moisturizer,LAKMÉ,Dry,https://www.amazon.in/Lakme-Peach-Milk-Moisturizer-Lotion/dp/B00UFF8TEO/ref=sr_1_152?keywords=Moisturizer&qid=1680706069&sr=8-152,,
"        Mamaearth Oil-Free Moisturizer For Face With Apple Cider Vinegar For Acne Prone Skin, 80 Ml       ",Moisturizer,Mamaearth,Acne,https://www.amazon.in/sspa/click?ie=UTF8&spc=MTo4Njk0Mjg3NTg3ODI3OTIyOjE2ODA3MDYwNjk6c3BfYnRmOjIwMDg4NjM1MDU2MjA2OjowOjo&url=%2FMamaearth-Oil-Free-Moisturizer-Apple-Vinegar%2Fdp%2FB07STDDDGF%2Fref%3Dsr_1_153_sspa%3Fkeywords%3DMoisturizer%26qid%3D1680706069%26sr%3D8-153-spons%26sp_csd%3Dd2lkZ2V0TmFtZT1zcF9idGY%26psc%3D1,,
"        Hibiscus Monkey Velvet Spray Bergamot In-Shower Body Moisturizer | Soothe Dry Itchy Skin and Even Tone Complexion | 100% Natural, Lightweight, Non Greasy | All Skin Types, 250ml       ",Moisturizer,Hibiscus Monkey,All,https://www.amazon.in/sspa/click?ie=UTF8&spc=MTo4Njk0Mjg3NTg3ODI3OTIyOjE2ODA3MDYwNjk6c3BfYnRmOjIwMDYzMDY3ODYyNzA4OjowOjo&url=%2FHibiscus-Monkeys-Velvet-Original-shower%2Fdp%2FB08HWLG956%2Fref%3Dsr_1_154_sspa%3Fkeywords%3DMoisturizer%26qid%3D1680706069%26sr%3D8-154-spons%26sp_csd%3Dd2lkZ2V0TmFtZT1zcF9idGY%26psc%3D1,,
"        Conscious Chemist Lightweight Moisturizer for Hand, Foot & Body | Instant Hydration, Non-Greasy Cream with Ceramides, Hyaluronic Acid & Colloidal Oatmeal | For Men & Women | Fragrance Free, Cruelty Free |150g       ",Moisturizer,Conscious Chemist,"All, Combination, Sensitive, Dry, Normal",https://www.amazon.in/sspa/click?ie=UTF8&spc=MTo4Njk0Mjg3NTg3ODI3OTIyOjE2ODA3MDYwNjk6c3BfYnRmOjIwMTAwNjA1NDE1MTk4OjowOjo&url=%2FConscious-Chemist-Lightweight-Moisturizer-Non-Greasy%2Fdp%2FB0BLZLWCJ5%2Fref%3Dsr_1_155_sspa%3Fkeywords%3DMoisturizer%26qid%3D1680706069%26sr%3D8-155-spons%26sp_csd%3Dd2lkZ2V0TmFtZT1zcF9idGY%26psc%3D1,,
"        Joy Skin Fruits Fruit Moisturizing Cream With Jojoba and Almond Oil, For All Skin Types 500 ml       ",Moisturizer,JOY,Combination,https://www.amazon.in/sspa/click?ie=UTF8&spc=MTo4Njk0Mjg3NTg3ODI3OTIyOjE2ODA3MDYwNjk6c3BfYnRmOjIwMDQ0NzEwMzM2NTA0OjowOjo&url=%2FFruits-Fruit-Moisturizing-Jojoba-Almond%2Fdp%2FB07GJQGK4Q%2Fref%3Dsr_1_156_sspa%3Fkeywords%3DMoisturizer%26qid%3D1680706069%26sr%3D8-156-spons%26sp_csd%3Dd2lkZ2V0TmFtZT1zcF9idGY%26psc%3D1,,
"        Mitchell USA Skin Energizer Peptide Moisturizer Cream for Cell Renewal & Repair, Hydrating & Moisturizing Dry Skin & Reduces Wrinkles Lotus Seed Extracts, Pumpkin Seed Extracts, Pine Bark Extracts & Apple Extract for Unisex All Skin Type, 30ml       ",Moisturizer,Mitchell USA,All,https://www.amazon.in/sspa/click?ie=UTF8&spc=MTo3MjA5NjM1MjQ1NDI5OTA6MTY4MDcwNjMxNjpzcF9hdGZfbmV4dDoyMDEwMTUzNDgyNzc5ODo6MDo6&url=%2FMitchell-Usa-Peptide-Hydration-Cream%2Fdp%2FB0736VDVJH%2Fref%3Dsr_1_145_sspa%3Fkeywords%3DMoisturizer%26qid%3D1680706316%26sr%3D8-145-spons%26sp_csd%3Dd2lkZ2V0TmFtZT1zcF9hdGZfbmV4dA%26psc%3D1,,
"        WOW Skin Science Green Tea Face Moisturizer - OIL FREE - Quick Absorbing - Non Sticky - contains Green Tea Extract - for Refining & Nourishing Skin - No Parabens, Silicones & Mineral Oil - 100mL       ",Moisturizer,WOW Skin Science,All,https://www.amazon.in/sspa/click?ie=UTF8&spc=MTo3MjA5NjM1MjQ1NDI5OTA6MTY4MDcwNjMxNjpzcF9hdGZfbmV4dDoyMDEzNDY5NzY3MDI5ODo6MDo6&url=%2FWOW-Skin-Science-Green-Moisturizer%2Fdp%2FB08LGSZYSL%2Fref%3Dsr_1_146_sspa%3Fkeywords%3DMoisturizer%26qid%3D1680706316%26sr%3D8-146-spons%26sp_csd%3Dd2lkZ2V0TmFtZT1zcF9hdGZfbmV4dA%26psc%3D1,,
"        Bioderma Atoderm Intensive Ultra-soothing Baume - Moisturizer for Very dry Sensitive to Atopic Skin, 200ml       ",Moisturizer,Bioderma,Dry,https://www.amazon.in/sspa/click?ie=UTF8&spc=MTo3MjA5NjM1MjQ1NDI5OTA6MTY4MDcwNjMxNjpzcF9hdGZfbmV4dDoyMDAxNDU3MzcxNDU5ODo6MDo6&url=%2FBioderma-Atoderm-Intensive-Ultra-soothing-Baume%2Fdp%2FB08475HN8L%2Fref%3Dsr_1_147_sspa%3Fkeywords%3DMoisturizer%26qid%3D1680706316%26sr%3D8-147-spons%26sp_csd%3Dd2lkZ2V0TmFtZT1zcF9hdGZfbmV4dA%26psc%3D1,,
"        Conscious Chemist Lightweight Moisturizer for Hand, Foot & Body | Instant Hydration, Non-Greasy Cream with Ceramides, Hyaluronic Acid & Colloidal Oatmeal | For Men & Women | Fragrance Free, Cruelty Free | 150g - Pack of 2       ",Moisturizer,Conscious Chemist,"All, Combination, Sensitive, Dry, Normal",https://www.amazon.in/sspa/click?ie=UTF8&spc=MTo3MjA5NjM1MjQ1NDI5OTA6MTY4MDcwNjMxNjpzcF9hdGZfbmV4dDoyMDEwMDYwNTQxNTA5ODo6MDo6&url=%2FConscious-Chemist-Lightweight-Moisturizer-Non-Greasy%2Fdp%2FB0BN24QFRZ%2Fref%3Dsr_1_148_sspa%3Fkeywords%3DMoisturizer%26qid%3D1680706316%26sr%3D8-148-spons%26sp_csd%3Dd2lkZ2V0TmFtZT1zcF9hdGZfbmV4dA%26psc%3D1,,
"        Nivea Men Creme, Non Greasy Moisturizer, Cream For Face, Body & Hands, 75 ml       ",Moisturizer,Nivea,All,https://www.amazon.in/Nivea-Men-Moisturiser-Cream-75ml/dp/B01HD5S28Q/ref=sr_1_149?keywords=Moisturizer&qid=1680706316&sr=8-149,,
"        Neutrogena Norwegian Formula Body Moisturizer For Dry Skin 24 Hour Moisturization , 250ml       ",Moisturizer,Neutrogena,Dry,https://www.amazon.in/Neutrogena-Norwegian-Formula-Moisturizer-250ml/dp/B006LXED4O/ref=sr_1_150?keywords=Moisturizer&qid=1680706316&sr=8-150,,
        La Shield Probiotic Moisturizer Face Cream | Restores skin microbiome | 72 HR Hydration | Soft & Supple skin | For All Skin types | 50 gm       ,Moisturizer,La Shield,All,https://www.amazon.in/Shield-Probiotic-Moisturizer-microbiome-Hydration/dp/B0BFDSVXRM/ref=sr_1_151?keywords=Moisturizer&qid=1680706316&sr=8-151,,
        Mamaearth Aloe Vera Oil-Free Face Moisturizer for Oily Skin with Aloe Vera & Ashwagandha for a Youthful Glow - 80 g       ,Moisturizer,Mamaearth,All,https://www.amazon.in/Mamaearth-Oil-Free-Moisturizer-Ashwagandha-Youthful/dp/B09X9YVWL5/ref=sr_1_152?keywords=Moisturizer&qid=1680706316&sr=8-152,,
"        Varaasa Punyatam Tulsi 100% Natural, Pure, Petroleum-Free Jelly | Infused with Dwiharidradi, Jatyadi, Eladi Tail & Tulsi Essential Oil | 5-in-1 Moisturizer For Nourished, Brightened Skin | 100 g       ",Moisturizer,VARAASA,"All, especially extra-dry skin",https://www.amazon.in/Petroleum-Free-Dwiharidradi-Essential-Moisturizer-Brightened/dp/B0BKKN19H8/ref=sr_1_153?keywords=Moisturizer&qid=1680706316&sr=8-153,,
        skinhub IPCA Acne oc Moisturizer Cream (75gm)       ,Moisturizer,Skinhub,All,https://www.amazon.in/skinhub-Acne-Oc-Moisturizer-75/dp/B08426L7DB/ref=sr_1_154_mod_primary_new?keywords=Moisturizer&qid=1680706316&sbo=RZvfv%2F%2FHxDF%2BO5021pAnSA%3D%3D&sr=8-154,,
        Jergens Soothing Aloe Refreshing Moisturizer (600 ml)       ,Moisturizer,Jergens,Dry,https://www.amazon.in/Jergens-Soothing-Aloe-Refreshing-Moisturizer/dp/B07FFWKF8G/ref=sr_1_155?keywords=Moisturizer&qid=1680706316&sr=8-155,,
        Jergens Shea Butter Deep Conditioning Moisturizer (16.8 Ounce)       ,Moisturizer,Jergens,Dry,https://www.amazon.in/Butter-Conditioning-Moisturizer-Jergens-Ounce/dp/B00W4TWD8W/ref=sr_1_156?keywords=Moisturizer&qid=1680706316&sr=8-156,,
"        Bioderma Sebium Hydra Ultra-Moisturizer- For Dry and Acne Prone Skin, 40ml       ",Moisturizer,Bioderma,Oily,https://www.amazon.in/Bioderma-Sebum-Hydra-40ml-5CF7B2BCABD66/dp/B077KDMRRB/ref=sr_1_157?keywords=Moisturizer&qid=1680706316&sr=8-157,,
"        Joy Hydra Refresh Ultra Light Gel Oil Free Face Moisturizer with Hyaluronic Acid & Panthenol | Long Lasting Hydration, Daily Use & Fast Absorbing, for Normal to Oily Skin - 150 ml       ",Moisturizer,JOY,Normal to Oily Skin,https://www.amazon.in/Refresh-Zero-Oil-Moisturiser-Hydration-Actives/dp/B08CRVC6FL/ref=sr_1_158?keywords=Moisturizer&qid=1680706316&sr=8-158,,
"        Parachute Advansed Cocoa Repair Body Lotion for Women & Men, Very Dry Skin, 400ml | Pure Coconut Milk & Cocoa, 100% Natural, 72h Moisturisation       ",Moisturizer,Parachute Advansed,"All, Dry",https://www.amazon.in/Parachute-Advansed-Coconut-Natural-Moisturiser/dp/B09HC85ZPS/ref=sr_1_159?keywords=Moisturizer&qid=1680706316&sr=8-159,,
"        Cetaphil Moisturizing Cream, 250 g       ",Moisturizer,Cetaphil,All,https://www.amazon.in/Cetaphil-Moisturising-Cream-250g/dp/B07JFDLLRC/ref=sr_1_160?keywords=Moisturizer&qid=1680706316&sr=8-160,,
"        Dot & Key Watermelon Superglow Matte Moisturizer with Watermelon Extracts | Lightweight Gel, Controls Excess Oil, Hydrates & Plumps Skin, With Glycolic Acid & Hyaluronic Acid for Oily Skin | 60ml       ",Moisturizer,DOT & KEY,All,https://www.amazon.in/Watermelon-Moisturizer-watermelon-hyaluronic-combination/dp/B09MTKW86C/ref=sr_1_161?keywords=Moisturizer&qid=1680706316&sr=8-161,,
"        KHADI NATURAL Peach and Avacado Herbal Moisturizer With Shea/Kokum Butter, SLS and Paraben Free, 210 ml       ",Moisturizer,Khadi Natural,Sensitive,https://www.amazon.in/Khadi-Natural-Peach-Avacado-Moisturizer/dp/B00F8AQV78/ref=sr_1_162?keywords=Moisturizer&qid=1680706316&sr=8-162,,
"        my skin Hydravo Renewing Moisturizer, Fresh, Yellow, 50 g       ",Moisturizer,My skin,Sensitive,https://www.amazon.in/Hydravo-Skin-Renewing-Moisturizer-50/dp/B08MXBKSML/ref=sr_1_163_mod_primary_new?keywords=Moisturizer&qid=1680706316&sbo=RZvfv%2F%2FHxDF%2BO5021pAnSA%3D%3D&sr=8-163,,
        Sebaoff acne moisturizer 100g Pack of 1       ,Moisturizer,KARISSA MARKETING,All,https://www.amazon.in/Sebaoff-acne-moisturizer-100g-Pack/dp/B0B31TDJ48/ref=sr_1_164?keywords=Moisturizer&qid=1680706316&sr=8-164,,
"        RENEE Glowscreen SPF 50 Sunscreen Spray - 50ml, PA++++ For UVA & UVB Protection, Enriched with Hyaluronic acid & Vitamin C| Lightweight, Non Greasy, Quick Absorbing with No White Cast       ",Moisturizer,RENEE,"All, Oily, Combination, Dry, Normal",https://www.amazon.in/sspa/click?ie=UTF8&spc=MTo3MjA5NjM1MjQ1NDI5OTA6MTY4MDcwNjMxNjpzcF9tdGY6MjAxMzM2NTAxODMyOTg6OjA6Og&url=%2FRENEE-Glowscreen-SPF-Sunscreen-Spray%2Fdp%2FB0BZD526KP%2Fref%3Dsr_1_165_sspa%3Fkeywords%3DMoisturizer%26qid%3D1680706316%26sr%3D8-165-spons%26sp_csd%3Dd2lkZ2V0TmFtZT1zcF9tdGY%26psc%3D1,,
"        WOW Skin Science 99% Pure Aloe Vera Gel for Face, Skin & Hair - 150ml | Ultimate Gel For Glowing Skin | For Both Men and Women | No Parabens, Mineral Oils, Silicones, Color & Synthetic Fragrances       ",Moisturizer,WOW Skin Science,"Acne, Dry",https://www.amazon.in/sspa/click?ie=UTF8&spc=MTo3MjA5NjM1MjQ1NDI5OTA6MTY4MDcwNjMxNjpzcF9tdGY6MjAwMzQxODg0NDE5MDM6OjA6Og&url=%2FWOW-Aloe-Multipurpose-Beauty-130ml%2Fdp%2FB078Z9JWRW%2Fref%3Dsr_1_166_sspa%3Fkeywords%3DMoisturizer%26qid%3D1680706316%26sr%3D8-166-spons%26sp_csd%3Dd2lkZ2V0TmFtZT1zcF9tdGY%26psc%3D1,,
        WOW Skin Science Skin Revive Nectar Moisturizer for Ultra Deep Hydration - Dull & Dehydrated Skin - 400mL       ,Moisturizer,WOW Skin Science,Combination,https://www.amazon.in/sspa/click?ie=UTF8&spc=MTo3MjA5NjM1MjQ1NDI5OTA6MTY4MDcwNjMxNjpzcF9tdGY6MjAxMzQ2OTc2Njg1OTg6OjA6Og&url=%2FWOW-Revive-Parabens-Mineral-Moisturiser%2Fdp%2FB0714CCGMZ%2Fref%3Dsr_1_167_sspa%3Fkeywords%3DMoisturizer%26qid%3D1680706316%26sr%3D8-167-spons%26sp_csd%3Dd2lkZ2V0TmFtZT1zcF9tdGY%26psc%3D1,,
"        Kapiva Pure Aloe Vera Skin Gel 500g For Face & Hair | Hydrating, Moisturizing, Soothing Skin | Multipurpose Gel       ",Moisturizer,Kapiva,All,https://www.amazon.in/sspa/click?ie=UTF8&spc=MTo3MjA5NjM1MjQ1NDI5OTA6MTY4MDcwNjMxNjpzcF9tdGY6MjAwNDg4OTUyMTAwOTg6OjA6Og&url=%2FKapiva-Pure-Aloe-Vera-Skin%2Fdp%2FB07SZ43SWF%2Fref%3Dsr_1_168_sspa%3Fkeywords%3DMoisturizer%26qid%3D1680706316%26sr%3D8-168-spons%26sp_csd%3Dd2lkZ2V0TmFtZT1zcF9tdGY%26psc%3D1,,
"        The Formularx Peptide Ceramide Moisturizer - Barrier Plus Nourishing Barrier Repair Moisturizer For Normal, Dry, Compromised, Sensitive skin 50 g       ",Moisturizer,The Formularx,All,https://www.amazon.in/Formularx-Peptide-Ceramide-Moisturizer-Compromised/dp/B0BRSTX8MH/ref=sr_1_169?keywords=Moisturizer&qid=1680706316&sr=8-169,,
"        Yardley English Lavender Hand & Body Lotion for Women, 350ml + 50ml (400ml)       ",Moisturizer,Yardley,Normal,https://www.amazon.in/Yardley-London-English-Lavender-Lotion/dp/B01N6Z669J/ref=sr_1_170?keywords=Moisturizer&qid=1680706316&sr=8-170,,
"        The Moms Co. Natural Vitamin C Oil-Free Moisturizer for Face| With Hyaluronic Acid, Niacinamide and Aloe Vera|Regulates Oil Production, Minimizes Acne & Controls Shine |For Women and Men 40g       ",Moisturizer,The Moms Co,All,https://www.amazon.in/Moms-Moisturizer-Hyaluronic-Niacinamide-Production/dp/B09XHKMC52/ref=sr_1_171?keywords=Moisturizer&qid=1680706316&sr=8-171,,
"        Nivea Soft Light Moisturizer For Face, Hand & Body, Non-Sticky Cream With Vitamin E & Jojoba Oil, 500ml       ",Moisturizer,Nivea,Normal,https://www.amazon.in/Nivea-Cream-Light-Moisturiser-Vitamin/dp/B07YLY1YT1/ref=sr_1_172?keywords=Moisturizer&qid=1680706316&sr=8-172,,
"        VIA TOKYO ORGANIC Jamaican Coffee & Grapeseed Oil Body Lotion Anti-Blemish & Anti-Marks | Body Cream, Moisturizer For Men and Women | For All Skin Type | All Seasons | Sulphate & Paraben Free 285ml       ",Moisturizer,Via Tokyo Organic,All,https://www.amazon.in/Jamaican-Grapeseed-Anti-Blemish-Anti-Marks-Moisturizer/dp/B0BCQRZ9FK/ref=sr_1_173?keywords=Moisturizer&qid=1680706316&sr=8-173,,
        Ayur Herbal Moisturizer 100ml Pack of 3 with Ayur Product in Combo       ,Moisturizer,Ayur,Combination,https://www.amazon.in/Ayur-Herbal-Moisturizer-100ml-Product/dp/B01N74KYNT/ref=sr_1_174?keywords=Moisturizer&qid=1680706316&sr=8-174,,
"        The Formularx Barrier Relief Lightweight Gel-cream Oil-free Skin Barrier Supporting Ceramide Moisturizer For Oily, Combination, Dehydrated, Acne prone, Sensitive skin 50 Gram       ",Moisturizer,The Formularx,All,https://www.amazon.in/Formularx-Lightweight-Supporting-Moisturizer-Combination/dp/B0BRSWDYPD/ref=sr_1_175?keywords=Moisturizer&qid=1680706316&sr=8-175,,
"        Ozone Complexion Brightening Skin Tone Hydrant | Face Moisturizer Enriched with Aloe Vera, Liquorice & Camphor Ideal For All Skin Types Helps in Nourishing, Glowing & Moisturising The Skin       ",Moisturizer,OZONE,All,https://www.amazon.in/Ozone-Ayurvedcis-Ayurvedics-Brightening-Moisturises/dp/B07286FT4T/ref=sr_1_176?keywords=Moisturizer&qid=1680706316&sr=8-176,,
"        Joy Hydra Refresh Ultra Light Gel Oil Free Face Moisturizer with Hyaluronic Acid & Panthenol | Long Lasting Hydration, Daily Use & Fast Absorbing, for Normal to Oily Skin - 250 ml       ",Moisturizer,JOY,All,https://www.amazon.in/Moisturizer-Hyaluronic-Panthenol-Hydration-Absorbing/dp/B0BX9VMM4G/ref=sr_1_177?keywords=Moisturizer&qid=1680706316&sr=8-177,,
        Mamaearth Vitamin C Face Milk Moisturiser with Vitamin C and Peach Moisturizer for Skin Illumination 100 ml       ,Moisturizer,Mamaearth,Combination,https://www.amazon.in/Mamaearth-Vitamin-Moisturiser-Moisturizer-Illumination/dp/B08FTGLH2C/ref=sr_1_178?keywords=Moisturizer&qid=1680706316&sr=8-178,,
"        Nivea Men Fresh Face Moisturizer Gel, Non Sticky & Light Moisturization, 30 ml, 30 ml       ",Moisturizer,Nivea,All,https://www.amazon.in/NIVEA-Fresh-Moisturizer-Sticky-Moisturization/dp/B08YFB576S/ref=sr_1_179?keywords=Moisturizer&qid=1680706316&sr=8-179,,
"        Biotique Advanced Organics Vitamin E & Hyaluronic Acid Super Light Gel Oil-Free Moisturiser, 50g       ",Moisturizer,Biotique,All,https://www.amazon.in/Biotique-Advanced-Organics-Hyaluronic-Moisturiser/dp/B0B1J7Z67D/ref=sr_1_180?keywords=Moisturizer&qid=1680706316&sr=8-180,,
        RE' EQUIL Oil Free Mattifying Moisturiser - 50g       ,Moisturizer,RE' EQUIL,Oily,https://www.amazon.in/RE-EQUIL-Oil-free-Mattifying-Moisturiser/dp/B07GKW8CNC/ref=sr_1_181?keywords=Moisturizer&qid=1680706316&sr=8-181,,
"        Vaadi Herbals Bamboo Age Defying Moisturizer, 60g       ",Moisturizer,VAADI HERBALS,Dry,https://www.amazon.in/Vaadi-Herbals-Bamboo-Defying-Moisturizer/dp/B0765SFVXH/ref=sr_1_182_mod_primary_new?keywords=Moisturizer&qid=1680706316&sbo=RZvfv%2F%2FHxDF%2BO5021pAnSA%3D%3D&sr=8-182,,
        Kaya Clinic Anytime Daily Use Lightweight 24 Hours Hydration Moisturising Cream Enriched with Shea Butter for All Skin Types (50ml)       ,Moisturizer,Kaya Clinic,Combination,https://www.amazon.in/Kaya-Skin-Clinic-Anytime-Moisturising/dp/B00FYXN7X0/ref=sr_1_183?keywords=Moisturizer&qid=1680706316&sr=8-183,,
        Aquasoft Fc Moisturizer cream with Vit.E Advanced Facial Cream 100G       ,Moisturizer,Aquasoft,All,https://www.amazon.in/Aquasoft-Moisturizer-cream-Advanced-Facial/dp/B08M6875Q9/ref=sr_1_184?keywords=Moisturizer&qid=1680706316&sr=8-184,,
        The Man Company Daily Moisturising Cream With Shea Butter & Vitamin E for Moisturizing & Hydrating | All Skin Types | 50 gm       ,Moisturizer,The Man Company,Normal,https://www.amazon.in/Man-Company-Daily-Moisturising-butter/dp/B07JNH9W9J/ref=sr_1_185?keywords=Moisturizer&qid=1680706316&sr=8-185,,
        Nilgiri Aromas Sheabutter Moisturizer Nourishing Cream for Men and Women (200gms)       ,Moisturizer,Nilgiri Aromas,Dry,https://www.amazon.in/Nilgiri-Aromas-Sheabutter-Moisturizer-Nourishing/dp/B076J8TC66/ref=sr_1_186?keywords=Moisturizer&qid=1680706316&sr=8-186,,
"        Phy Green Tea Superlight Moisturizer | Anti-acne action, light liquid face cream | Non-greasy, non-sticky | Great for Oily or Acne-Prone Skin, 75 ml       ",Moisturizer,Phy,All,https://www.amazon.in/Phy-Superlight-Moisturizer-Light-liquid-Non-greasy/dp/B09C24TPKQ/ref=sr_1_187?keywords=Moisturizer&qid=1680706316&sr=8-187,,
        Excela Anti Acne Moisturizer for oily and Acne prone skin Available on 50gm for Daily use for Acne prone and Drynessface skin and       ,Moisturizer,Excela Anti Acne Moisturizer,Oily,https://www.amazon.in/Excela-Anti-Acne-Moisturizer-Drynessface/dp/B0BVDNX8FY/ref=sr_1_188?keywords=Moisturizer&qid=1680706316&sr=8-188,,
"        Bioderma Atoderm Intensive Face And Body Moisturizer for Dry Skin For Infants, Babies and Adults,       ",Moisturizer,Bioderma,Dry,https://www.amazon.in/Bioderma-Atoderm-Intensive-Moisturizer-Infants/dp/B07SGC46XW/ref=sr_1_189?keywords=Moisturizer&qid=1680706316&sr=8-189,,
"        The Man Company Caffeine Face Moisturiser (Buy 1 Get 1 Free) with Coffee Arabica & Shea Butter |Provides Soft,Smooth & Hydrated Skin | Removes Hyperpigmentation | Nourishment - 30gm*2       ",Moisturizer,The Man Company,"All, Combination, Normal",https://www.amazon.in/Man-Company-Moisturiser-Hyperpigmentation-Nourishment/dp/B0BM9FNHGG/ref=sr_1_190?keywords=Moisturizer&qid=1680706316&sr=8-190,,
"        SUGAR POP Vitamin C & Tea Tree Moisturizer - Infused with Rosehip Oil, Tea Tree Oil, Cucumber Extracts and Glow-Boosting Vitamin C for Skin Brightening, Intense Hydration, Spot Reduction, Skin Elasticity, Non-Sticky Gel-Based Formula, Controls Excess Oil l Face Cream for Women l 50 gm       ",Moisturizer,SUGAR POP,All,https://www.amazon.in/SUGAR-POP-Vitamin-Tree-Moisturizer/dp/B09ZPQ9TT5/ref=sr_1_191?keywords=Moisturizer&qid=1680706316&sr=8-191,,
        Nilgiri Aromas Sheabutter Moisturizer Nourishing Cream for Men and Women(500gms)       ,Moisturizer,Nilgiri Aromas,"Oily, Combination, Dry, Normal",https://www.amazon.in/Nilgiri-Aromas-Sheabutter-Moisturizer-Nourishing/dp/B076J56K2Y/ref=sr_1_192?keywords=Moisturizer&qid=1680706316&sr=8-192,,
        Bombay Shaving Co Shea Butter Moisturizer (100g)       ,Moisturizer,Bombay Shaving Company,All,https://www.amazon.in/Bombay-Shaving-Shea-Butter-Moisturizer/dp/B0B2KHT93Y/ref=sr_1_193?keywords=Moisturizer&qid=1680706316&sr=8-193,,
        Fixderma Fidelia Nourishing Body Lotion | Moisturizer for face & Body | Body lotion for Winter | Body lotion for Women & Men | Body Lotion for Sensitive & Very dry skin with Rice Brain Oil & Aloe vera - 250Ml       ,Moisturizer,FIXDERMA,Sensitive,https://www.amazon.in/Fixderma-Fidelia-Nourishing-Moisturizer-Sensitive/dp/B0BLRZR7ZD/ref=sr_1_194?keywords=Moisturizer&qid=1680706316&sr=8-194,,
"        LAKMÉ 9 to 5 Matte Moist Mattifying Moisturiser, 50 g       ",Moisturizer,LAKMÉ,All,https://www.amazon.in/LAKM%C3%89-Matte-Moist-Mattifying-Moisturiser/dp/B08JW1HLKZ/ref=sr_1_196?keywords=Moisturizer&qid=1680706316&sr=8-196,,
"        CeraVe Moisturizers, Moisturizing Cream, 1.89 Ounce       ",Moisturizer,CeraVe,All,https://www.amazon.in/CeraVe-Moisturizers-Moisturizing-Cream-Ounce/dp/B00FZRUIXC/ref=sr_1_197?keywords=Moisturizer&qid=1680706316&sr=8-197,,
"        Simple Daily Skin Detox Ultra-Light Liquid Moisturiser| Face Moisturiser for Oily, Pimple Prone Skin & Matte Effect| No Harsh Chemicals| Tested on Sensitive Skin, 60 ml       ",Moisturizer,Simple,Oily,https://www.amazon.in/Simple-Daily-Ultra-Light-Liquid-Moisturiser/dp/B0B1TM98BP/ref=sr_1_198?keywords=Moisturizer&qid=1680706316&sr=8-198,,
        Khadi Natural Herbal Rose and Honey Moisturizer 210ml       ,Moisturizer,Khadi Natural Herbal,All,https://www.amazon.in/Khadi-Herbal-Honey-Moisturizer-210ml/dp/B076HP48ZB/ref=sr_1_199?keywords=Moisturizer&qid=1680706316&sr=8-199,,
        POND'S Triple Vitamin Moisturising Body Lotion 275 ml       ,Moisturizer,POND'S,Normal,https://www.amazon.in/Ponds-Triple-Vitamin-Moisturising-Lotion/dp/B01ER404A0/ref=sr_1_200_mod_primary_new?keywords=Moisturizer&qid=1680706316&sbo=RZvfv%2F%2FHxDF%2BO5021pAnSA%3D%3D&sr=8-200,,
"        Dot & Key 72HR HYDRATING GEL + PROBIOTICS, with Hyaluronic Acid, Kombucha & Rice Water | Lightweight gel Moisturizer for Dry Skin, Damaged & Uneven Skin Tone Skin I 60ml       ",Moisturizer,DOT & KEY,All,https://www.amazon.in/sspa/click?ie=UTF8&spc=MTo3MjA5NjM1MjQ1NDI5OTA6MTY4MDcwNjMxNjpzcF9idGY6MjAxMDgyMzI4MjgxOTg6OjA6Og&url=%2FDot-Key-Comedogenic-Lightweight-moisturizer%2Fdp%2FB08V4SGGDG%2Fref%3Dsr_1_201_sspa%3Fkeywords%3DMoisturizer%26qid%3D1680706316%26sr%3D8-201-spons%26sp_csd%3Dd2lkZ2V0TmFtZT1zcF9idGY%26psc%3D1,,
        Joy Skin Fruits Active Moisture Fruit Moisturizing Massage Cream (500ml)       ,Moisturizer,JOY,All,https://www.amazon.in/sspa/click?ie=UTF8&spc=MTo3MjA5NjM1MjQ1NDI5OTA6MTY4MDcwNjMxNjpzcF9idGY6MjAwNDQ3MTAzMzY0MDQ6OjA6Og&url=%2FFruits-Active-Moisture-Moisturizing-Massage%2Fdp%2FB00TI9CMDM%2Fref%3Dsr_1_202_sspa%3Fkeywords%3DMoisturizer%26qid%3D1680706316%26sr%3D8-202-spons%26sp_csd%3Dd2lkZ2V0TmFtZT1zcF9idGY%26psc%3D1,,
"        WOW Skin Science Organic Apple Cider Vinegar Face Moisturizer - Oil Free, Quick Absorbing - For Normal/Oily and Acne Prone Skin - No Parabens, Silicones, Mineral Oil, Color, 100 ml       ",Moisturizer,WOW Skin Science,All,https://www.amazon.in/sspa/click?ie=UTF8&spc=MTo3MjA5NjM1MjQ1NDI5OTA6MTY4MDcwNjMxNjpzcF9idGY6MjAxMzQ2OTc2NjcyOTg6OjA6Og&url=%2FWOW-Science-Organic-Vinegar-Moisturizer%2Fdp%2FB082YZLYBZ%2Fref%3Dsr_1_203_sspa%3Fkeywords%3DMoisturizer%26qid%3D1680706316%26sr%3D8-203-spons%26sp_csd%3Dd2lkZ2V0TmFtZT1zcF9idGY%26psc%3D1,,
        WishCare® Pure & Natural Aloe Vera Gel - 200 Ml - Enriched With Vitamin E - Multipurpose Gel for Skin and Hair       ,Moisturizer,WishCare,"All, Oily, Combination, Sensitive, Dry",https://www.amazon.in/sspa/click?ie=UTF8&spc=MTo3MjA5NjM1MjQ1NDI5OTA6MTY4MDcwNjMxNjpzcF9idGY6MjAxMzA1MTU3NDE4OTg6OjA6Og&url=%2FWishCare%25C2%25AE-Pure-Natural-Aloe-Vera%2Fdp%2FB07YJTNKLH%2Fref%3Dsr_1_204_sspa%3Fkeywords%3DMoisturizer%26qid%3D1680706316%26sr%3D8-204-spons%26sp_csd%3Dd2lkZ2V0TmFtZT1zcF9idGY%26psc%3D1,,
"        Chicaa BlueBerry Aqua Gel Moisturizer for Skin Brightening, Hydration and skin nourishment enriched with Blueberry, Hyaluronic acid & Vitamin-C       ",Moisturizer,Chicaa,All,https://www.amazon.in/sspa/click?ie=UTF8&spc=MTo4NDQ1MTU4NDY5OTU5NDMzOjE2ODA3MDY1Nzc6c3BfYXRmX25leHQ6MjAwNTU2MjkyNDU5OTg6OjA6Og&url=%2FChicaa-Moisturizer-Brightening-nourishment-Hyaluronic%2Fdp%2FB09R4R66CF%2Fref%3Dsr_1_193_sspa%3Fkeywords%3DMoisturizer%26qid%3D1680706577%26sr%3D8-193-spons%26sp_csd%3Dd2lkZ2V0TmFtZT1zcF9hdGZfbmV4dA%26psc%3D1,,
"        Quench Botanics Chialeader Oil Control Moisturizer | with Relaxing Roller Ball Applicator | Made in Korea | Non-greasy Face Moisturizer | with Chia Seed, Bamboo, Cactus Water, Calendula and Rose Myrtle (75ml)       ",Moisturizer,QUENCH BOTANICS,All,https://www.amazon.in/sspa/click?ie=UTF8&spc=MTo4NDQ1MTU4NDY5OTU5NDMzOjE2ODA3MDY1Nzc6c3BfYXRmX25leHQ6MjAxMDY4ODA1MzAyOTg6OjA6Og&url=%2FChialeader-Moisturizer-Applicator-Non-greasy-Calendula%2Fdp%2FB09BD1F518%2Fref%3Dsr_1_194_sspa%3Fkeywords%3DMoisturizer%26qid%3D1680706577%26sr%3D8-194-spons%26sp_csd%3Dd2lkZ2V0TmFtZT1zcF9hdGZfbmV4dA%26psc%3D1,,
        Dermsilk Skin Moisturising Cream For all Skin White Soft Paraffin Light Liquid paraffin Cream - 500 Gram       ,Moisturizer,Dermsilk,All,https://www.amazon.in/sspa/click?ie=UTF8&spc=MTo4NDQ1MTU4NDY5OTU5NDMzOjE2ODA3MDY1Nzc6c3BfYXRmX25leHQ6MjAxMTk3MDg2OTUxOTg6OjA6Og&url=%2FDermsilk-Moisturising-Paraffin-Liquid-paraffin%2Fdp%2FB09ZV6CC1Q%2Fref%3Dsr_1_195_sspa%3Fkeywords%3DMoisturizer%26qid%3D1680706577%26sr%3D8-195-spons%26sp_csd%3Dd2lkZ2V0TmFtZT1zcF9hdGZfbmV4dA%26psc%3D1%26smid%3DA2RQUIYB03ORSQ,,
"        THE UNPLUGGED Hydra-Clear Oil Free Summer Moisturiser With Hyaluronic Acid, Niacinamide & Salicylic Acid For Excess Oily & Acne Prone Skin, Treats Acne, Hydrates Skin & Brightens Skin For Unisex, 50g       ",Moisturizer,THE UNPLUGGED,"Oily, Combination, Sensitive",https://www.amazon.in/sspa/click?ie=UTF8&spc=MTo4NDQ1MTU4NDY5OTU5NDMzOjE2ODA3MDY1Nzc6c3BfYXRmX25leHQ6MjAxMDIxMjU0NDI5OTg6OjA6Og&url=%2FUNPLUGGED-Hydra-Clear-Moisturiser-Hyaluronic-Niacinamide%2Fdp%2FB0BKT935SQ%2Fref%3Dsr_1_196_sspa%3Fkeywords%3DMoisturizer%26qid%3D1680706577%26sr%3D8-196-spons%26sp_csd%3Dd2lkZ2V0TmFtZT1zcF9hdGZfbmV4dA%26psc%3D1,,
        Khadi Natural Herbal Rose and Honey Moisturizer 210ml       ,Moisturizer,Khadi Natural Herbal,All,https://www.amazon.in/Khadi-Herbal-Honey-Moisturizer-210ml/dp/B076HP48ZB/ref=sr_1_197?keywords=Moisturizer&qid=1680706577&sr=8-197,,
        POND'S Triple Vitamin Moisturising Body Lotion 275 ml       ,Moisturizer,POND'S,Normal,https://www.amazon.in/Ponds-Triple-Vitamin-Moisturising-Lotion/dp/B01ER404A0/ref=sr_1_198_mod_primary_new?keywords=Moisturizer&qid=1680706577&sbo=RZvfv%2F%2FHxDF%2BO5021pAnSA%3D%3D&sr=8-198,,
"        Patanjali Moisturizer Cream, 50g (Pack of 2)       ",Moisturizer,Patanjali,Dry,https://www.amazon.in/Patanjali-Moisturizer-Cream-50g-Pack/dp/B072N4Z6BB/ref=sr_1_199?keywords=Moisturizer&qid=1680706577&sr=8-199,,
        POND'S Super Light Gel Oil Free Face Moisturizer 25 ML UNIQUE       ,Moisturizer,Generic,Oily,https://www.amazon.in/PONDS-Super-Light-Moisturizer-UNIQUE/dp/B0BLK2XDS1/ref=sr_1_200?keywords=Moisturizer&qid=1680706577&sr=8-200,,
"        Kaya Super Hydrator Dry Skin Moisturizer | With Colloidal Oatmeal, Shea butter & Hyaluronic Acid | 24 Hours Hydration Lock* | Hydrating Moisturizer | 50ml       ",Moisturizer,Kaya Clinic,"Sensitive, Dry",https://www.amazon.in/Hydrator-Moisturizer-Colloidal-Hyaluronic-Hydration/dp/B09H2GB8D6/ref=sr_1_202?keywords=Moisturizer&qid=1680706577&sr=8-202,,
"        Mexrich P Moisturizing Lotion | Intense Hydrating Moisturizer, Long-Lasting moisturizer For All Skin Type | 250ML       ",Moisturizer,BREEMETIC,All,https://www.amazon.in/Moisturizing-Hydrating-Moisturizer-Long-Lasting-moisturizer/dp/B09QXHTHCV/ref=sr_1_203?keywords=Moisturizer&qid=1680706577&sr=8-203,,
"        Plum Green Tea Mattifying Moisturizer for Daily Use | For Oily, Acne-Prone Skin | Lightweight, Matte Formula | 25 ml       ",Moisturizer,Plum,Oily,https://www.amazon.in/Plum-Mattifying-Moisturizer-Acne-Prone-Lightweight/dp/B09PNNVCKM/ref=sr_1_204?keywords=Moisturizer&qid=1680706577&sr=8-204,,
"        Nua Oil-Free Gel Moisturizer with 5% Niacinamide, Ceramides, Vitamin B5 and Vitamin E, Controls Acne & Strengthens Skin Barrier, Suitable for Oily & Combination Skin Types, 50g       ",Moisturizer,Nua,All,https://www.amazon.in/Nua-Moisturizer-Niacinamide-Strengthens-Combination/dp/B09MZFG11Z/ref=sr_1_205?keywords=Moisturizer&qid=1680706577&sr=8-205,,
        CeraVe Moisturizing Cream | 19 Ounce | Daily Face and Body Moisturizer for Dry Skin       ,Moisturizer,CeraVe,All,https://www.amazon.in/CeraVe-Moisturizing-Cream-19oz/dp/B00TTD9BRC/ref=sr_1_206?keywords=Moisturizer&qid=1680706577&sr=8-206,,
"        La Roche-Posay Toleriane Double Repair Moisturizer, 75ml       ",Moisturizer,La Roche-Posay,Normal,https://www.amazon.in/Roche-Posay-Toleriane-Double-Moisturizer-Sensitive/dp/B01N9SPQHQ/ref=sr_1_207?keywords=Moisturizer&qid=1680706577&sr=8-207,,
        Bombay Shaving Co Shea Butter Moisturizer (100g)       ,Moisturizer,Bombay Shaving Company,All,https://www.amazon.in/Bombay-Shaving-Shea-Butter-Moisturizer/dp/B0B2KHT93Y/ref=sr_1_208?keywords=Moisturizer&qid=1680706577&sr=8-208,,
"        Nivea Soft Entertainer College Edition Moisturizer For Face, Hand & Body, Non Sticky Cream, 300ml Qith Floral Styling Pouchh       ",Moisturizer,Nivea,All,https://www.amazon.in/Entertainer-College-Moisturizer-Sticky-Styling/dp/B0B6FJ9GZ3/ref=sr_1_209?keywords=Moisturizer&qid=1680706577&sr=8-209,,
"        Himalaya Aloe & Cucumber Refreshing Body Lotion, 400ml       ",Moisturizer,Himalaya,Dry,https://www.amazon.in/Himalaya-Herbals-Cucumber-Refreshing-Lotion/dp/B00VHSU69O/ref=sr_1_210?keywords=Moisturizer&qid=1680706577&sr=8-210,,
        Modicare Schloka Hydrating Papaya & Hibiscus Moisturizer-100ml       ,Moisturizer,Modicare,All,https://www.amazon.in/Modicare-Schloka-Hydrating-Hibiscus-Moisturizer-100ml/dp/B018O33Q7S/ref=sr_1_211?keywords=Moisturizer&qid=1680706577&sr=8-211,,
"        Biotique Vitamin C Correcting and Brightening Non Greasy Face Cream for All Skin Types, 50g | Younger Looking Nourished & Bright Skin | SLS & Paraben Free       ",Moisturizer,Biotique,Normal,https://www.amazon.in/Biotique-Vitamin-Correcting-Brightening-Cream/dp/B08JR551Q6/ref=sr_1_212?keywords=Moisturizer&qid=1680706577&sr=8-212,,
"        Foxtale Squalene & Vitamin B5 Moisturizer for Dry, Sensitive & Flaky skin | Comfort Zone Rich Moisture Cream | Nourishing & Soothing, Repairs Damaged Skin Barrier - 50ml       ",Moisturizer,FoxTale,All,https://www.amazon.in/sspa/click?ie=UTF8&spc=MTo4NDQ1MTU4NDY5OTU5NDMzOjE2ODA3MDY1Nzc6c3BfbXRmOjIwMTExMTA1Nzk3NTk4OjowOjo&url=%2FSqualene-Moisturizer-Sensitive-Moisture-Nourishing%2Fdp%2FB0BRSRM4SK%2Fref%3Dsr_1_213_sspa%3Fkeywords%3DMoisturizer%26qid%3D1680706577%26sr%3D8-213-spons%26sp_csd%3Dd2lkZ2V0TmFtZT1zcF9tdGY%26psc%3D1%26smid%3DAV6EWX0XJSANC,,
        Blue Nectar Ayurvedic Anti Aging Night Cream for Men to reduce fine lines and wrinkles | Skin Repair & Nourishment | Best Men Face Moisturizer to Add Natural Glow for Youthful Look       ,Moisturizer,Blue Nectar,All,https://www.amazon.in/sspa/click?ie=UTF8&spc=MTo4NDQ1MTU4NDY5OTU5NDMzOjE2ODA3MDY1Nzc6c3BfbXRmOjIwMDM4NzYzOTk2NTA1OjowOjo&url=%2FBlue-Nectar-Jasmine-Pachouli-Nourishing%2Fdp%2FB07KRKPWY7%2Fref%3Dsr_1_214_sspa%3Fkeywords%3DMoisturizer%26qid%3D1680706577%26sr%3D8-214-spons%26sp_csd%3Dd2lkZ2V0TmFtZT1zcF9tdGY%26psc%3D1,,
"        Dewska Moisturising Cream (100 g * 2) with Cocoa Butter, Shea Butter, Vitamin E, and Aloe Vera Extracts, Perfect Moisturiser for Face, Dry and Rough Skin       ",Moisturizer,Dewska,All,https://www.amazon.in/sspa/click?ie=UTF8&spc=MTo4NDQ1MTU4NDY5OTU5NDMzOjE2ODA3MDY1Nzc6c3BfbXRmOjIwMTA4ODc4MTM4OTk4OjowOjo&url=%2FDEWSKA-Moisturizing-Cream-100gm-Pack%2Fdp%2FB093MHSLG3%2Fref%3Dsr_1_215_sspa%3Fkeywords%3DMoisturizer%26qid%3D1680706577%26sr%3D8-215-spons%26sp_csd%3Dd2lkZ2V0TmFtZT1zcF9tdGY%26psc%3D1%26smid%3DA3FL4MAMJ42I5N,,
"        Just Herbs Ultra-Moisturising & Hydrating Vitamin C Day & Night Gel Creme with Amla & Liquorice Root, Protects from UV rays & Reduces Dark Spots - 50 gm       ",Moisturizer,Just Herbs,All,https://www.amazon.in/sspa/click?ie=UTF8&spc=MTo4NDQ1MTU4NDY5OTU5NDMzOjE2ODA3MDY1Nzc6c3BfbXRmOjIwMDQxMzE1NDA4OTk4OjowOjo&url=%2FJust-Herbs-Ultra-Moisturising-Hydrating-Liquorice%2Fdp%2FB09X75BNF3%2Fref%3Dsr_1_216_sspa%3Fkeywords%3DMoisturizer%26qid%3D1680706577%26sr%3D8-216-spons%26sp_csd%3Dd2lkZ2V0TmFtZT1zcF9tdGY%26psc%3D1,,
"        Neutrogena Oil Free Face Moisture SPF 15 For Normal To Oily Skin, 115ml       ",Moisturizer,Neutrogena,Oily,https://www.amazon.in/Neutrogena-Free-Facial-Moisturiser-115ml/dp/B006LXE5OC/ref=sr_1_217?keywords=Moisturizer&qid=1680706577&sr=8-217,,
"        Kimirica Pharmacopia Argan Oil & Aloe Vera Organic Premium Moisturizing Body Lotion 250ml, 100% Vegan and Paraben & SLS Free Free Daily Moisturizer for Dry Skin       ",Moisturizer,Kimirica,All,https://www.amazon.in/Kimirica-Pharmacopia-Organic-Lotion-Paraben/dp/B089B183HS/ref=sr_1_218?keywords=Moisturizer&qid=1680706577&sr=8-218,,
"        Phy Green Tea Superlight Moisturizer | Anti-Acne Action | Light-liquid texture | Non-greasy, non-sticky | Specially for oily skin types | 15 ml       ",Moisturizer,Phy,All,https://www.amazon.in/Phy-Superlight-Moisturizer-Light-liquid-Non-greasy/dp/B0B2DQHSH9/ref=sr_1_219?keywords=Moisturizer&qid=1680706577&sr=8-219,,
        Dot & Key Vitamin C Moisturizer For face with Vitamin E for Glowing Skin I For Pigmentation and Dark Spot Removal Moisturizer cream for dry skin and oily skin| For Women & Men | Travel Edition | 50gm       ,Moisturizer,DOT & KEY,All,https://www.amazon.in/Vitamin-Moisturizer-Glowing-Pigmentation-Removal/dp/B0B71RWZ8V/ref=sr_1_220?keywords=Moisturizer&qid=1680706577&sr=8-220,,
        Mirabelle Papaya Radiant Glow Moisturizer For Face | Glossy Dewy Finish | Soft and supple skin | For Women & Men | SLS and Paraben Free | Made In Korea - 80ml       ,Moisturizer,MIRABELLE COSMETICS KOREA,All,https://www.amazon.in/Mirabelle-Papaya-Radiant-Moisturizer-Paraben/dp/B0BJ2KG2T3/ref=sr_1_221?keywords=Moisturizer&qid=1680706577&sr=8-221,,
"        Khadi Natural Herbal Sandalwood Alovera Moisturizer 420Ml, Set Of 2       ",Moisturizer,Khadi,Combination,https://www.amazon.in/Khadi-Herbal-Sandalwood-Alovera-Moisturizer/dp/B06W9MPGYQ/ref=sr_1_222?keywords=Moisturizer&qid=1680706577&sr=8-222,,
"        WOW Skin Science Green Tea Face Moisturizer - OIL FREE - Quick Absorbing - Non Sticky - contains Green Tea Extract - for Refining & Nourishing Skin - No Parabens, Silicones & Mineral Oil - 100mL       ",Moisturizer,WOW Skin Science,All,https://www.amazon.in/WOW-Skin-Science-Green-Moisturizer/dp/B08LGSZYSL/ref=sr_1_223?keywords=Moisturizer&qid=1680706577&sr=8-223,,
"        Dr. Reddy Venusia Moisturizing Cream With Aloe Vera, Vitamin E and Squalene, Everyday Use Cream, Smooth and Moisturized Skin for Long Hours, Non-Greasy       ",Moisturizer,VENUSIA,Normal,https://www.amazon.in/Venusia-Moisturizing-Cream-Vitamin-Aloe/dp/B07VZXD91L/ref=sr_1_224?keywords=Moisturizer&qid=1680706577&sr=8-224,,
        Colorbar Co-Earth Vitamin C Face Moisturizer - 100 g       ,Moisturizer,Colorbar,All,https://www.amazon.in/Colorbar-Co-Earth-Vitamin-Face-Moisturizer/dp/B0BGHGG5T3/ref=sr_1_225?keywords=Moisturizer&qid=1680706577&sr=8-225,,
        Biotique Bio Winter Cherry Lightening And Rejuvenating Body NourisherLotion - 190ml       ,Moisturizer,Biotique,Combination,https://www.amazon.in/Biotique-Wintercherry-Lightening-Rejuvenating-Nourisher/dp/B00791CQKA/ref=sr_1_226?keywords=Moisturizer&qid=1680706577&sr=8-226,,
        Khadi Natural Sandalwood Kesar Moisturiser       ,Moisturizer,Khadi Natural,All,https://www.amazon.in/Khadi-Natural-Sandalwood-Kesar-Moisturizer/dp/B00FZH8XGG/ref=sr_1_228?keywords=Moisturizer&qid=1680706577&sr=8-228,,
"        Kaya Clinic Acne Free Purifying Nourisher, Gentle/light/non-greasy daily Moisturizer for oily & pimple prone skin, 50 ml       ",Moisturizer,Kaya Clinic,All,https://www.amazon.in/Kaya-Skin-Clinic-Purifying-Nourisher/dp/B008KH67QQ/ref=sr_1_229?keywords=Moisturizer&qid=1680706577&sr=8-229,,
"        OPERIO Ajanta Aqua soft Moisturizer Lotion, 200ml       ",Moisturizer,OPERIO,"All, Combination, Sensitive, Dry, Normal",https://www.amazon.in/OPERIO-Ajanta-Moisturizer-Lotion-200ml/dp/B099QKJRC4/ref=sr_1_230?keywords=Moisturizer&qid=1680706577&sr=8-230,,
"        Vaseline Intensive Care Aloe Fresh Body Lotion, With 100% Aloe Extract, Non Greasy, Non Sticky Formula For Hand & Body, 100 ml       ",Moisturizer,Vaseline,Normal,https://www.amazon.in/Vaseline-Intensive-Care-Fresh-Lotion/dp/B07W44M1CD/ref=sr_1_231?keywords=Moisturizer&qid=1680706577&sr=8-231,,
        Aloe&Me Creme Gel Face and Body Moisturizer For Oily & Acne Prone Skin | Oil-free | Fast Absorbing | Non sticky | Fragrance Free | 150 ml       ,Moisturizer,Aloe&Me,"Oily, Combination, Sensitive",https://www.amazon.in/Aloe-Me-Moisturizer-Absorbing-Fragrance/dp/B0B9JP1BRZ/ref=sr_1_232?keywords=Moisturizer&qid=1680706577&sr=8-232,,
        Nivea Aloe Body Cream Refreshing Moisturiser (50ml)       ,Moisturizer,Nivea,Sensitive,https://www.amazon.in/Nivea-Aloe-Cream-Refreshing-Moisturiser/dp/B07BT88MLF/ref=sr_1_233?keywords=Moisturizer&qid=1680706577&sr=8-233,,
        Rejusure Plant Derived Squalane + Vitamin E Face Moisturizer Nourishes & Restores Skin Moisture For Dry Skin– 50ml       ,Moisturizer,Rejusure,"All, Dry",https://www.amazon.in/Rejusure-Squalane-Moisturizer-Nourishes-Restores/dp/B08XQQJJXQ/ref=sr_1_234?keywords=Moisturizer&qid=1680706577&sr=8-234,,
        The Derma Co Squalane + Zinc Oil Free Face Moisturizer - 50 gm(dermaco)       ,Moisturizer,The Derma Co,Oily,https://www.amazon.in/Derma-Co-Squalane-Zinc-Moisturizer/dp/B08TRHWD5S/ref=sr_1_235?keywords=Moisturizer&qid=1680706577&sr=8-235,,
"        Mitchell USA Skin Energizer Peptide Moisturizer Cream for Cell Renewal & Repair, Hydrating & Moisturizing Dry Skin & Reduces Wrinkles Lotus Seed Extracts, Pumpkin Seed Extracts, Pine Bark Extracts & Apple Extract for Unisex All Skin Type, 30ml       ",Moisturizer,Mitchell USA,All,https://www.amazon.in/Mitchell-Usa-Peptide-Hydration-Cream/dp/B0736VDVJH/ref=sr_1_236?keywords=Moisturizer&qid=1680706577&sr=8-236,,
"        Joy Pure Aloe | Multi-Benefit Aloe Vera Body Lotion | Soothes, hydrates & freshens | Natural Skin Moisturizer for Body | For Normal to oily skin | 300 ml       ",Moisturizer,JOY,Normal to Oily Skin,https://www.amazon.in/Pure-Multi-Benefit-Lotion-300ml/dp/B07LFWTS6T/ref=sr_1_237?keywords=Moisturizer&qid=1680706577&sr=8-237,,
"        Foxtale Ceramide Moisturizer for Face, Hydrates Skin 3x more than Hyaluronic Acid, Lightweight, Removes Dullness, Gives Instant Glow & Repairs Skin Barrier - 50ml       ",Moisturizer,FoxTale,All,https://www.amazon.in/FoxTale-Moisturizer-Lightweight-moisturizer-Hyaluronic/dp/B09RT5GM7D/ref=sr_1_238?keywords=Moisturizer&qid=1680706577&sr=8-238,,
"        Kaya Clinic Brightening Day Cream, 50ml with Vitamin C & Azelaic Acid, Daily Use Moisturizer, SPF15, Lightweight for All Skin Types       ",Moisturizer,Kaya Clinic,Combination,https://www.amazon.in/Kaya-Skin-Clinic-Brightening-Cream/dp/B01LXOJC5V/ref=sr_1_239?keywords=Moisturizer&qid=1680706577&sr=8-239,,
"        SUGAR Cosmetics - Aquaholic - Priming Moisturizer - 30 ml - 2-in-1 Primer and Moisturizer - Non-greasy, Lightweight Formulation       ",Moisturizer,SUGAR Cosmetics,Normal,https://www.amazon.in/SUGAR-Cosmetics-Aquaholic-Priming-Moisturizer/dp/B081Z4N9XX/ref=sr_1_241?keywords=Moisturizer&qid=1680706577&sr=8-241,,
"        Cheryl's Cosmeceuticals Actiblend Butter Moisturiser For All Skin Type, 40g       ",Moisturizer,Cheryl's Cosmeceuticals,All,https://www.amazon.in/Cheryls-Cosmeceuticals-Actiblend-Moisturiser-Skin/dp/B0877C38TF/ref=sr_1_242?keywords=Moisturizer&qid=1680706577&sr=8-242,,
        Pilgrim Korean Oil free Gel Moisturizer for oily skin with Hyaluronic Acid & Willow Bark Extracts | Moisturiser for face | Suitable for Oily & Acne-Prone Skin| Men & Women | Korean Skin Care | 50gm       ,Moisturizer,Pilgrim,"All, Oily, Combination, Sensitive, Dry",https://www.amazon.in/Pilgrim-Oil-free-Moisturiser-Hyaluronic-Acne-Prone/dp/B09JSRVT8K/ref=sr_1_243?keywords=Moisturizer&qid=1680706577&sr=8-243,,
"        LAKMÉ Peach Milk Soft Crème Moisturizer, Light Weight Face Cream with 24hr Moisture Lock, 65g       ",Moisturizer,LAKMÉ,All,https://www.amazon.in/Lakme-Peach-Moisturizer-Weight-Moisture/dp/B08D6R5D65/ref=sr_1_244?keywords=Moisturizer&qid=1680706577&sr=8-244,,
"        Vaseline Intensive Care Aloe Fresh Hydrating Body Lotion 400 ml, Daily Moisturizer for Dry Skin, Gives Non-Greasy, Glowing Skin - For Men & Women       ",Moisturizer,Vaseline,Dry,https://www.amazon.in/Vaseline-Intensive-Hydrating-Moisturizer-Non-Greasy/dp/B09ZL92BKR/ref=sr_1_245_mod_primary_new?keywords=Moisturizer&qid=1680706577&sbo=RZvfv%2F%2FHxDF%2BO5021pAnSA%3D%3D&sr=8-245,,
"        Nivea Soft Chilled Mint, Light Moisturizer for Face, Hand & Body, Non Sticky Cream with Vitamin E & Jojoba Oil, 50ml       ",Moisturizer,Nivea,Normal,https://www.amazon.in/NIVEA-Moisturizer-Chilled-Vitamin-Jojoba/dp/B07PJYTCSB/ref=sr_1_246?keywords=Moisturizer&qid=1680706577&sr=8-246,,
"        Neutrogena Ultra sheer Sunscreen, SPF 50+, Ultra light, for oily and dry skin, 30ml       ",Moisturizer,Neutrogena,All,https://www.amazon.in/Neutrogena-Ultra-Sheer-Dry-Touch-Sunblock/dp/B00G7RTYT8/ref=sr_1_247?keywords=Moisturizer&qid=1680706577&sr=8-247,,
"        De - cons truct Skin Soothe Moisturiser, 1% Ceramides + 0.2% Bisabolol Cream Moisturiser, Dry To Combination Skin, Deep Moisturization & Hydration, 50g       ",Moisturizer,De - cons truct,"All, Combination, Sensitive, Dry, Normal",https://www.amazon.in/Deconstruct-Moisturizer-Lightweight-Moisturiser-Combination/dp/B09SQ14B53/ref=sr_1_248?keywords=Moisturizer&qid=1680706577&sr=8-248,,
"        Brinton Doux 24 Hour Moisturizer Cream Face, Moisturizer, For Women, Ladies, Men, Man, 100 g, blue       ",Moisturizer,Brinton,Sensitive,https://www.amazon.in/sspa/click?ie=UTF8&spc=MTo4NDQ1MTU4NDY5OTU5NDMzOjE2ODA3MDY1Nzc6c3BfYnRmOjIwMTAzNzg3NTk0Nzk4OjowOjo&url=%2FBrinton-Doux-Moisturizer-Cream-100gm%2Fdp%2FB0751B3JKH%2Fref%3Dsr_1_249_sspa%3Fkeywords%3DMoisturizer%26qid%3D1680706577%26sr%3D8-249-spons%26sp_csd%3Dd2lkZ2V0TmFtZT1zcF9idGY%26psc%3D1,,
"        Careberry Organic Vanilla & Extra Virgin Coconut Oil Body Lotion, Ultra Moisture, Fast-Absorbing, Ayush Certified Ayurvedic, Paraben & Silicone Free 300ml       ",Moisturizer,Careberry,All,https://www.amazon.in/sspa/click?ie=UTF8&spc=MTo4NDQ1MTU4NDY5OTU5NDMzOjE2ODA3MDY1Nzc6c3BfYnRmOjIwMTIxNzc2MTUzMzk4OjowOjo&url=%2FCareberry-Moisture-Fast-Absorbing-Certified-Ayurvedic%2Fdp%2FB09P8PCGB1%2Fref%3Dsr_1_250_sspa%3Fkeywords%3DMoisturizer%26qid%3D1680706577%26sr%3D8-250-spons%26sp_csd%3Dd2lkZ2V0TmFtZT1zcF9idGY%26psc%3D1,,
"        Brinton Doux 24 Hour Moisturizer Cream Face, Moisturizer Cream For All Skin Types, Body Lotion, Moisturizer For Face, Women Moisturizer Cream, Dry Skin Cream, Oil Skin Cream, 100 g (Pack of 2)       ",Moisturizer,Brinton,Sensitive,https://www.amazon.in/sspa/click?ie=UTF8&spc=MTo4NDQ1MTU4NDY5OTU5NDMzOjE2ODA3MDY1Nzc6c3BfYnRmOjIwMTAzNzg3NTk0Njk4OjowOjo&url=%2FBrinton-Doux-Moisturizer-Cream-100gm%2Fdp%2FB078TGYT7Q%2Fref%3Dsr_1_251_sspa%3Fkeywords%3DMoisturizer%26qid%3D1680706577%26sr%3D8-251-spons%26sp_csd%3Dd2lkZ2V0TmFtZT1zcF9idGY%26psc%3D1,,
"        Keya Seth Aromatherapy, Orange Gel, Vitamin C Enriched, Brightening, Nourishing, Refreshing, Hydrating. Non-sticky Light Moisturizer,160gm       ",Moisturizer,Keya Seth Aromatherapy,"All, Oily, Combination, Dry, Normal",https://www.amazon.in/sspa/click?ie=UTF8&spc=MTo4NDQ1MTU4NDY5OTU5NDMzOjE2ODA3MDY1Nzc6c3BfYnRmOjIwMDg0Njk3MzQxMzk4OjowOjo&url=%2FKeya-Seth-Aromatherapy-Orange-Gel%2Fdp%2FB0BD83BL9M%2Fref%3Dsr_1_252_sspa%3Fkeywords%3DMoisturizer%26qid%3D1680706577%26sr%3D8-252-spons%26sp_csd%3Dd2lkZ2V0TmFtZT1zcF9idGY%26psc%3D1%26smid%3DA13D40KYA9E6LG,,
"        RENEE Bollywood Filter Face Primer 15gm, Blurs Fine Lines, Wrinkles & Pores Instantly | Hydrating, Lightweight, Non-sticky       ",Primer,RENEE,"All, Oily, Combination, Dry, Normal",https://www.amazon.in/sspa/click?ie=UTF8&spc=MToyODYzMjUwNDQzNzY3NjMzOjE2ODA3MDY4Mzc6c3BfYXRmOjIwMTMxNTkyNjA4Mjk4OjowOjo&url=%2FRENEE-Bollywood-Instantly-Lightweight-Non-sticky%2Fdp%2FB0BCFDW8RZ%2Fref%3Dsr_1_1_sspa%3Fkeywords%3DPrimer%26qid%3D1680706837%26sr%3D8-1-spons%26sp_csd%3Dd2lkZ2V0TmFtZT1zcF9hdGY%26psc%3D1,,
"        Maybelline New York Primer, Oils Absorbing, Moisturises and Smooths Skin, Long-lasting, Fit Me Matte + Poreless Finish, 8g       ",Primer,Maybelline,Oily,https://www.amazon.in/sspa/click?ie=UTF8&spc=MToyODYzMjUwNDQzNzY3NjMzOjE2ODA3MDY4Mzc6c3BfYXRmOjIwMDUyMTcyODM5OTk4OjowOjo&url=%2FMaybelline-York-Primer-Matte-Poreless%2Fdp%2FB08T6SS12M%2Fref%3Dsr_1_2_sspa%3Fkeywords%3DPrimer%26qid%3D1680706837%26sr%3D8-2-spons%26sp_csd%3Dd2lkZ2V0TmFtZT1zcF9hdGY%26psc%3D1,,
"        Lakme Absolute Under Cover Gel Face Primer, Transparent Makeup Primer to Prep Skin for Smooth & Long Lasting Makeup - Moisturizing Makeup Base, 30 g       ",Primer,LAKMÉ,All,https://www.amazon.in/sspa/click?ie=UTF8&spc=MToyODYzMjUwNDQzNzY3NjMzOjE2ODA3MDY4Mzc6c3BfYXRmOjIwMDIzNTQ3ODAyNDAyOjowOjo&url=%2FLakme-Absolute-Under-Cover-Primer%2Fdp%2FB07PDMWRKC%2Fref%3Dsr_1_3_sspa%3Fkeywords%3DPrimer%26qid%3D1680706837%26sr%3D8-3-spons%26sp_csd%3Dd2lkZ2V0TmFtZT1zcF9hdGY%26psc%3D1,,
        The Derma Co 2% Niacinamide Pore Minimizing Primer For Pore Minimizing & Mattifying Skin - 30g       ,Primer,The Derma Co,All,https://www.amazon.in/sspa/click?ie=UTF8&spc=MToyODYzMjUwNDQzNzY3NjMzOjE2ODA3MDY4Mzc6c3BfYXRmOjIwMTE0MTkyMTgxMjk4OjowOjo&url=%2FDerma-Co-Niacinamide-Minimizing-Mattifying%2Fdp%2FB0BNBK6CR3%2Fref%3Dsr_1_4_sspa%3Fkeywords%3DPrimer%26qid%3D1680706837%26sr%3D8-4-spons%26sp_csd%3Dd2lkZ2V0TmFtZT1zcF9hdGY%26psc%3D1,,
        Insight Primer | 3 In 1 Oil Free (PRIMER)       ,Primer,INSIGHT,All,https://www.amazon.in/Insight-Vov-Primer-Oil-Free/dp/B0746KYG4M/ref=sr_1_5?keywords=Primer&qid=1680706837&sr=8-5,,
"        Colorbar Cosmetics Flawless Finish Primer, Transparent, 30 ml       ",Primer,Colorbar,All,https://www.amazon.in/Colorbar-Cosmetics-Flawless-Finish-Transparent/dp/B08CBF7KYF/ref=sr_1_7?keywords=Primer&qid=1680706837&sr=8-7,,
"        Blue Heaven Flawless Makeup Base Primer For Face Makeup, 30gm       ",Primer,Blue Heaven,Normal,https://www.amazon.in/Blue-Heaven-Studio-Perfection-Primer/dp/B0757MYFPW/ref=sr_1_8?keywords=Primer&qid=1680706837&sr=8-8,,
"        Swiss Beauty Real MakeUp Base Hightlighting Primer| Skin-hydrating Poreless Primer with Natural Glow finish for Face makeup |Shade - Golden-Tint, 32ml       ",Primer,SWISS BEAUTY,Normal,https://www.amazon.in/Beauty-Primer-Sb-1305-N02-Golden-Tint-Shade-02-Golden-Tint/dp/B07X9KMG88/ref=sr_1_9?keywords=Primer&qid=1680706837&sr=8-9,,
"        Maybelline New York Primer, Reduces Appearance of Pores, Long-lasting, Fit Me Dewy + Smooth Finish, Duo Pack, 30g       ",Primer,Maybelline,Dry,https://www.amazon.in/Maybelline-York-Face-Primer-Smooth/dp/B08T33DQRD/ref=sr_1_10?keywords=Primer&qid=1680706837&sr=8-10,,
        MARS Pore Cure Long Lasting Makeup Primer - 30 ml (Transparent)       ,Primer,MARS,Normal,https://www.amazon.in/MARS-Pore-Lasting-Makeup-Primer/dp/B091392WCY/ref=sr_1_11?keywords=Primer&qid=1680706837&sr=8-11,,
"        RENEE Bollywood Filter Face Primer 15gm, Blurs Fine Lines, Wrinkles & Pores Instantly | Hydrating, Lightweight, Non-sticky       ",Primer,RENEE,"All, Oily, Combination, Dry, Normal",https://www.amazon.in/RENEE-Bollywood-Instantly-Lightweight-Non-sticky/dp/B0BCFDW8RZ/ref=sr_1_12?keywords=Primer&qid=1680706837&sr=8-12,,
        INSIGHT Primer 3 In 1 Oil Free       ,Primer,INSIGHT,Normal,https://www.amazon.in/insight-face-primer-water-proof/dp/B07RC5P5JF/ref=sr_1_13?keywords=Primer&qid=1680706837&sr=8-13,,
"        Just Herbs 3 in 1 Pore-Refining,Minimizer Mattifying & Hydrating Primer for Face Makeup Normal Oily ,Dry and Combination Skin Types 20g       ",Primer,Just Herbs,All,https://www.amazon.in/Just-Herbs-Pore-Refining-Mattifying-Combination/dp/B0BT8127T7/ref=sr_1_14?keywords=Primer&qid=1680706837&sr=8-14,,
        Insight Primer | 3 In 1 Oil Free (PRIMER)       ,Primer,INSIGHT,All,https://www.amazon.in/Insight-Vov-Primer-Oil-Free/dp/B0746KYG4M/ref=sxin_25?asc_contentid=amzn1.osa.855a9ca7-84dd-4b40-8e28-df0c7c576549.A21TJRUUN4KGV.en_IN&asc_contenttype=article&ascsubtag=amzn1.osa.855a9ca7-84dd-4b40-8e28-df0c7c576549.A21TJRUUN4KGV.en_IN&content-id=amzn1.sym.5445860c-82c6-43ce-b630-b0c7823a784d%3Aamzn1.sym.5445860c-82c6-43ce-b630-b0c7823a784d&creativeASIN=B0746KYG4M&cv_ct_cx=Primer&cv_ct_id=amzn1.osa.855a9ca7-84dd-4b40-8e28-df0c7c576549.A21TJRUUN4KGV.en_IN&cv_ct_pg=search&cv_ct_we=asin&cv_ct_wn=osp-single-source-pecos-desktop&keywords=Primer&linkCode=oas&pd_rd_i=B0746KYG4M&pd_rd_r=05477791-b771-4c33-9b5a-3e1b08b2b647&pd_rd_w=RrQXd&pd_rd_wg=Oshd3&pf_rd_p=5445860c-82c6-43ce-b630-b0c7823a784d&pf_rd_r=56REGYY0BN4NTWP70N8J&qid=1680706837&sbo=RZvfv%2F%2FHxDF%2BO5021pAnSA%3D%3D&sr=1-1-c84eb971-91f2-4a4d-acce-811265c24254&tag=pinkvillaosp-21,,
"        Maybelline New York Primer, Oils Absorbing, Moisturises and Smooths Skin, Long-lasting, Fit Me Matte + Poreless Finish, 8g       ",Primer,Maybelline,Oily,https://www.amazon.in/Maybelline-York-Primer-Matte-Poreless/dp/B08T6SS12M/ref=sxin_25?asc_contentid=amzn1.osa.855a9ca7-84dd-4b40-8e28-df0c7c576549.A21TJRUUN4KGV.en_IN&asc_contenttype=article&ascsubtag=amzn1.osa.855a9ca7-84dd-4b40-8e28-df0c7c576549.A21TJRUUN4KGV.en_IN&content-id=amzn1.sym.5445860c-82c6-43ce-b630-b0c7823a784d%3Aamzn1.sym.5445860c-82c6-43ce-b630-b0c7823a784d&creativeASIN=B08T6SS12M&cv_ct_cx=Primer&cv_ct_id=amzn1.osa.855a9ca7-84dd-4b40-8e28-df0c7c576549.A21TJRUUN4KGV.en_IN&cv_ct_pg=search&cv_ct_we=asin&cv_ct_wn=osp-single-source-pecos-desktop&keywords=Primer&linkCode=oas&pd_rd_i=B08T6SS12M&pd_rd_r=05477791-b771-4c33-9b5a-3e1b08b2b647&pd_rd_w=RrQXd&pd_rd_wg=Oshd3&pf_rd_p=5445860c-82c6-43ce-b630-b0c7823a784d&pf_rd_r=56REGYY0BN4NTWP70N8J&qid=1680706837&sbo=RZvfv%2F%2FHxDF%2BO5021pAnSA%3D%3D&sr=1-2-c84eb971-91f2-4a4d-acce-811265c24254&tag=pinkvillaosp-21,,
"        Blue Heaven Flawless Makeup Base Primer For Face Makeup, 30gm       ",Primer,Blue Heaven,Normal,https://www.amazon.in/Blue-Heaven-Studio-Perfection-Primer/dp/B0757MYFPW/ref=sxin_25?asc_contentid=amzn1.osa.855a9ca7-84dd-4b40-8e28-df0c7c576549.A21TJRUUN4KGV.en_IN&asc_contenttype=article&ascsubtag=amzn1.osa.855a9ca7-84dd-4b40-8e28-df0c7c576549.A21TJRUUN4KGV.en_IN&content-id=amzn1.sym.5445860c-82c6-43ce-b630-b0c7823a784d%3Aamzn1.sym.5445860c-82c6-43ce-b630-b0c7823a784d&creativeASIN=B0757MYFPW&cv_ct_cx=Primer&cv_ct_id=amzn1.osa.855a9ca7-84dd-4b40-8e28-df0c7c576549.A21TJRUUN4KGV.en_IN&cv_ct_pg=search&cv_ct_we=asin&cv_ct_wn=osp-single-source-pecos-desktop&keywords=Primer&linkCode=oas&pd_rd_i=B0757MYFPW&pd_rd_r=05477791-b771-4c33-9b5a-3e1b08b2b647&pd_rd_w=RrQXd&pd_rd_wg=Oshd3&pf_rd_p=5445860c-82c6-43ce-b630-b0c7823a784d&pf_rd_r=56REGYY0BN4NTWP70N8J&qid=1680706837&sbo=RZvfv%2F%2FHxDF%2BO5021pAnSA%3D%3D&sr=1-3-c84eb971-91f2-4a4d-acce-811265c24254&tag=pinkvillaosp-21,,
"        Colorbar Cosmetics Flawless Finish Primer, Transparent, 30 ml       ",Primer,Colorbar,All,https://www.amazon.in/Colorbar-Cosmetics-Flawless-Finish-Transparent/dp/B08CBF7KYF/ref=sxin_25?asc_contentid=amzn1.osa.855a9ca7-84dd-4b40-8e28-df0c7c576549.A21TJRUUN4KGV.en_IN&asc_contenttype=article&ascsubtag=amzn1.osa.855a9ca7-84dd-4b40-8e28-df0c7c576549.A21TJRUUN4KGV.en_IN&content-id=amzn1.sym.5445860c-82c6-43ce-b630-b0c7823a784d%3Aamzn1.sym.5445860c-82c6-43ce-b630-b0c7823a784d&creativeASIN=B08CBF7KYF&cv_ct_cx=Primer&cv_ct_id=amzn1.osa.855a9ca7-84dd-4b40-8e28-df0c7c576549.A21TJRUUN4KGV.en_IN&cv_ct_pg=search&cv_ct_we=asin&cv_ct_wn=osp-single-source-pecos-desktop&keywords=Primer&linkCode=oas&pd_rd_i=B08CBF7KYF&pd_rd_r=05477791-b771-4c33-9b5a-3e1b08b2b647&pd_rd_w=RrQXd&pd_rd_wg=Oshd3&pf_rd_p=5445860c-82c6-43ce-b630-b0c7823a784d&pf_rd_r=56REGYY0BN4NTWP70N8J&qid=1680706837&sbo=RZvfv%2F%2FHxDF%2BO5021pAnSA%3D%3D&sr=1-4-c84eb971-91f2-4a4d-acce-811265c24254&tag=pinkvillaosp-21,,
"        LAKMÉ Absolute Blur Perfect Matte Face Primer, Makeup Primer for Poreless, Smooth & Long Lasting Makeup - Waterproof Brightening Makeup Base, 30 ml       ",Primer,LAKMÉ,All,https://www.amazon.in/Lakme-Absolute-Perfect-Makeup-Primer/dp/B01GT8JSH2/ref=sr_1_15?keywords=Primer&qid=1680706837&sr=8-15,,
"        Lakme Absolute Under Cover Gel Face Primer, Transparent Makeup Primer to Prep Skin for Smooth & Long Lasting Makeup - Moisturizing Makeup Base, 30 g       ",Primer,LAKMÉ,All,https://www.amazon.in/Lakme-Absolute-Under-Cover-Primer/dp/B07PDMWRKC/ref=sr_1_16?keywords=Primer&qid=1680706837&sr=8-16,,
"        L'Oreal Paris Smoothing Face Primer, Minimised Pores and Fine Lines, Hydrating with Matte Finish, Ideal Base for Makeup, Magique, 15 ml       ",Primer,L'Oreal Paris,All,https://www.amazon.in/LOreal-Paris-Base-Magique-Primer/dp/B00H7X7YX4/ref=sr_1_17?keywords=Primer&qid=1680706837&sr=8-17,,
"        Colorbar New Perfect Match Primer, 30ml       ",Primer,Colorbar,Normal,https://www.amazon.in/Colorbar-Perfect-Match-Primer-30ml/dp/B077P7FZ2N/ref=sr_1_18?keywords=Primer&qid=1680706837&sr=8-18,,
        The Derma Co 2% Niacinamide Pore Minimizing Primer For Pore Minimizing & Mattifying Skin - 30g       ,Primer,The Derma Co,All,https://www.amazon.in/Derma-Co-Niacinamide-Minimizing-Mattifying/dp/B0BNBK6CR3/ref=sr_1_19?keywords=Primer&qid=1680706837&sr=8-19,,
"        Dazller Pristine Finish Primer, 10g, Smoothens Pores, Mattifying, Transfer-proof, Paraben-free, Enriched with Aloe, Centella and Vitamin E, Vegan & Cruelty-free       ",Primer,DAZLLER,All,https://www.amazon.in/Smoothens-Mattifying-Transfer-proof-Paraben-free-Cruelty-free/dp/B0BXWNN2S3/ref=sr_1_20?keywords=Primer&qid=1680706837&sr=8-20,,
        RENEE Glass Glow Pre Make-up Oil Primer (10ml)       ,Primer,RENEE,All,https://www.amazon.in/sspa/click?ie=UTF8&spc=MToyODYzMjUwNDQzNzY3NjMzOjE2ODA3MDY4Mzc6c3BfbXRmOjIwMTMxNjEyOTM0MDk4OjowOjo&url=%2FRenee-Glass-Glow-Pre-Make%2Fdp%2FB08RHTNHGG%2Fref%3Dsr_1_21_sspa%3Fkeywords%3DPrimer%26qid%3D1680706837%26sr%3D8-21-spons%26sp_csd%3Dd2lkZ2V0TmFtZT1zcF9tdGY%26psc%3D1,,
"        Swiss Beauty Real MakeUp Base Hightlighting Primer| Skin-hydrating Poreless Primer with Natural Glow finish for Face makeup |Shade - Golden-Tint, 32ml       ",Primer,SWISS BEAUTY,Normal,https://www.amazon.in/sspa/click?ie=UTF8&spc=MToyODYzMjUwNDQzNzY3NjMzOjE2ODA3MDY4Mzc6c3BfbXRmOjIwMDkyNTQwODIyNjk4OjowOjo&url=%2FBeauty-Primer-Sb-1305-N02-Golden-Tint-Shade-02-Golden-Tint%2Fdp%2FB07X9KMG88%2Fref%3Dsr_1_22_sspa%3Fkeywords%3DPrimer%26qid%3D1680706837%26sr%3D8-22-spons%26sp_csd%3Dd2lkZ2V0TmFtZT1zcF9tdGY%26psc%3D1,,
"        Just Herbs 3 in 1 Pore-Refining,Minimizer Mattifying & Hydrating Primer for Face Makeup Normal Oily ,Dry and Combination Skin Types 20g       ",Primer,Just Herbs,All,https://www.amazon.in/sspa/click?ie=UTF8&spc=MToyODYzMjUwNDQzNzY3NjMzOjE2ODA3MDY4Mzc6c3BfbXRmOjIwMTE5MzgwMjc3Njk4OjowOjo&url=%2FJust-Herbs-Pore-Refining-Mattifying-Combination%2Fdp%2FB0BT8127T7%2Fref%3Dsr_1_23_sspa%3Fkeywords%3DPrimer%26qid%3D1680706837%26sr%3D8-23-spons%26sp_csd%3Dd2lkZ2V0TmFtZT1zcF9tdGY%26psc%3D1,,
"        THR3E STROKES Full Size Fix+ Makeup Fixer/Finishing Mist, 100 ml/3.4 Oz (D U P E) (1ST COPY)       ",Primer,THR3E STROKES,All,https://www.amazon.in/sspa/click?ie=UTF8&spc=MToyODYzMjUwNDQzNzY3NjMzOjE2ODA3MDY4Mzc6c3BfbXRmOjIwMTM1NDg5NjEzODk4OjowOjo&url=%2FTHR3E-STROKES-Makeup-Fixer-Finishing%2Fdp%2FB09BHXZ84C%2Fref%3Dsr_1_24_sspa%3Fkeywords%3DPrimer%26qid%3D1680706837%26sr%3D8-24-spons%26sp_csd%3Dd2lkZ2V0TmFtZT1zcF9tdGY%26psc%3D1%26smid%3DAZ7Z1MS3B2ZJC,,
"        Skineace Stay Matte HD High- Definition Smoothing Transparent Face Primer, Type Of Packaging: Tube, Packaging Size: 40 ml       ",Primer,Generic,All,https://www.amazon.in/Skineace-Definition-Smoothing-Transparent-Packaging/dp/B0BR7ZCM3W/ref=sr_1_25?keywords=Primer&qid=1680706837&sr=8-25,,
"        Blue Heaven Primer & Fixer Combo Set, Transparent, 30 g + 60 ml       ",Primer,Blue Heaven,All,https://www.amazon.in/Blue-Heaven-Primer-Fixer-Transparent/dp/B09HHJXLZK/ref=sr_1_26_mod_primary_new?keywords=Primer&qid=1680706837&sbo=RZvfv%2F%2FHxDF%2BO5021pAnSA%3D%3D&sr=8-26,,
"        SUGAR POP Perfecting Primer - Infused with Vitamin E l Blurs Pores, Wrinkles & Fine Lines, Hydrating, Lightweight, Gel-Based Matte Finish Formula to keep Makeup Intact l Face Primer for Women l 25       ",Primer,SUGAR POP,All,https://www.amazon.in/SUGAR-POP-8904320710927-Perfecting-Primer/dp/B09P5HLSCK/ref=sr_1_27?keywords=Primer&qid=1680706837&sr=8-27,,
        Rsentera MAKEUP BASE PRIMER WITH MAKEUP FIXER Primer - 150 ml (TRANSPARENT)       ,Primer,Rsentera,All,https://www.amazon.in/Rsentera-MAKEUP-PRIMER-FIXER-Primer/dp/B08QFWGR78/ref=sr_1_28?keywords=Primer&qid=1680706837&sr=8-28,,
"        Lotus Makeup Ecostay Insta Smooth Perfecting Primer, 30g       ",Primer,Lotus Makeup,All,https://www.amazon.in/Lotus-Makeup-Ecostay-Smooth-Perfecting/dp/B01N0RWBMM/ref=sr_1_29?keywords=Primer&qid=1680706837&sr=8-29,,
"        Swiss Beauty Pearl Primer, Prime Light, Face Makeup, Pearl-Pores, 30ml - Long Stay, Oil Free, All Skin Type, Primer for Face Makeup       ",Primer,SWISS BEAUTY,Oily,https://www.amazon.in/SWISS-BEAUTY-Beauty-primer-SB-1302/dp/B07SPLDDFP/ref=sr_1_30?keywords=Primer&qid=1680706837&sr=8-30,,
        A.K.Enterprise Insight Primer | 3 In 1 Oil Free (PRIMER) 30ml       ,Primer,A.K.Enterprise,All,https://www.amazon.in/K-Enterprise-Insight-Primer-Free-PRIMER/dp/B0B87M7W27/ref=sr_1_31?keywords=Primer&qid=1680706837&sr=8-31,,
"        Iba Photo Perfect Hd Face Primer, Transparent, 35 Gm l Matte Gel Base l Fills Pores & Fine Lines l Makes Makeup Last Longer       ",Primer,Iba,All,https://www.amazon.in/Iba-Photo-Perfect-Primer-Transparent/dp/B07SDQJVQD/ref=sr_1_32?keywords=Primer&qid=1680706837&sr=8-32,,
        Insight Prime N Hold Eye Base Primer (EB-01)       ,Primer,INSIGHT,All,https://www.amazon.in/Insight-Prime-Hold-Primer-EB-01/dp/B0BRH8FZH7/ref=sr_1_33?keywords=Primer&qid=1680706837&sr=8-33,,
        ORO MAC Prep+Prime All Skin Base Visage Primer Pack-of-1       ,Primer,OROMAC,All,https://www.amazon.in/Prep-Prime-Visage-Primer-Pack/dp/B09VSYTQ2X/ref=sr_1_34?keywords=Primer&qid=1680706837&sr=8-34,,
        MAKEUP SETTING SPRAY FIXER AND MATTE FINISHING FOUNDATION & GEL FACE PRIMER & 3D CONTOUR CONCEALER HIGHLIGHTER STICK & PUFF SOFT BLENDER       ,Primer,BEGGIE,All,https://www.amazon.in/SETTING-FINISHING-FOUNDATION-CONCEALER-HIGHLIGHTER/dp/B0BQ73ZQNT/ref=sr_1_35?keywords=Primer&qid=1680706837&sr=8-35,,
        MARS Illuminati Base with primer & highlighter look (Pink Beam)       ,Primer,MARS,All,https://www.amazon.in/MARS-Illuminating-Highlighter-Makeup-Primer/dp/B09GSZ5FV6/ref=sr_1_36?keywords=Primer&qid=1680706837&sr=8-36,,
"        Skineace beauty High- Definition Smoothing Transparent Face Primer, Type Of Packaging: Tube, Packaging Size: 40 ml       ",Primer,Generic,All,https://www.amazon.in/Skineace-Definition-Smoothing-Transparent-Packaging/dp/B0BRSSSML3/ref=sr_1_37?keywords=Primer&qid=1680706837&sr=8-37,,
        Plum Prep Set Go Face Primer | Minimizes Pores | Weightless Formula | 100% Vegan & Cruelty Free | 30 ml       ,Primer,Plum,All,https://www.amazon.in/Plum-Minimizes-Weightless-Formula-Cruelty/dp/B0B91Z55LZ/ref=sr_1_38?keywords=Primer&qid=1680706837&sr=8-38,,
"        SUGAR Cosmetics Prime Sublime Brightening Face Primer, Mattifying, Long-Lasting, Pore Minimizing, Makeup-Skincare Hybrid, 100% Vegan, Cruelty-Free, 15 g       ",Primer,SUGAR Cosmetics,All,https://www.amazon.in/SUGAR-Cosmetics-Long-Lasting-Makeup-Skincare-Cruelty-Free/dp/B0BKGK13NV/ref=sr_1_39?keywords=Primer&qid=1680706837&sr=8-39,,
        MISSDOLL Fit Me Matte+Poreless Liquid Tube Foundation Natural & illuminating Gel Primer For Women       ,Primer,MISSDOLL,All,https://www.amazon.in/MISSDOLL-Poreless-Foundation-Natural-illuminating/dp/B0BTHHBBG6/ref=sr_1_41?keywords=Primer&qid=1680706837&sr=8-41,,
"        Lakme 9to5 Primer+Matte Liquid Concealer 34 Almond, 5.4 ml       ",Primer,LAKMÉ,Normal,https://www.amazon.in/Lakme-Primer-Liquid-Concealer-Almond/dp/B09L7R5NQ9/ref=sr_1_42?keywords=Primer&qid=1680706837&sr=8-42,,
"        PRAUSH (Formerly Plume) Silk Blur Moisturising & Hydrating Primer 50 Gm, With Hyaluronic Acid And Avocado Extracts, Pink       ",Primer,PRAUSH BEAUTY,All,https://www.amazon.in/PRAUSH-Formerly-Moisturising-Hydrating-Hyaluronic/dp/B0BRCK3ZZX/ref=sr_1_43?keywords=Primer&qid=1680706837&sr=8-43,,
"        Recode Makeup Ace of Base Primer for Oily Skin & Dry Skin, Extremely Lightweight & Silky Smooth On Skin, Primer for Face Makeup, Face Primer for Women & Girls, For All Skin Types, 30ml       ",Primer,Recode,All,https://www.amazon.in/Recode-Makeup-Primer-Extremely-Lightweight/dp/B0BCYR51DT/ref=sr_1_44?keywords=Primer&qid=1680706837&sr=8-44,,
        Mars 5 Function Make-up Base Face Primer 30 ML       ,Primer,MARS,All,https://www.amazon.in/Mars-Face-Primer-58483-Adbeni-Kajal/dp/B07RVJNKQK/ref=sr_1_45?keywords=Primer&qid=1680706837&sr=8-45,,
"        PRAUSH (Formerly Plume) Say No Pore Mattifying Gel Primer for Crack Free Long Lasting Makeup, Oil Absorbing & Skin Perfecting formula, all skin type, 30 g       ",Primer,PRAUSH BEAUTY,All,https://www.amazon.in/PRAUSH-Formerly-Mattifying-Absorbing-Perfecting/dp/B0BRCLF9V5/ref=sr_1_46?keywords=Primer&qid=1680706837&sr=8-46,,
"        RENEE Face Gloss Primer Serum with Hyaluronic Acid, Nourishes And Brightens Skin, Lightweight, Non Greasy, Rose Gold 10ml       ",Primer,RENEE,"All, Oily, Combination, Acne Prone, Dry, Normal",https://www.amazon.in/RENEE-Hyaluronic-Nourishes-Brightens-Lightweight/dp/B0BGXVYMTZ/ref=sr_1_47?keywords=Primer&qid=1680706837&sr=8-47,,
        MyGlamm Tinted Perfection Face Primer-30gm       ,Primer,MyGlamm,Normal,https://www.amazon.in/Myglamm-Tinted-Perfection-Primers-Shampine/dp/B07G26X25H/ref=sr_1_48?keywords=Primer&qid=1680706837&sr=8-48,,
"        Hilary Rhoda Power of Blur Perfect Matte & Smooth Face Primer, Makeup Primer for Poreless, Oil Control & Long Lasting Makeup - Waterproof Brightening Makeup Base, 30 ml       ",Primer,HILARYRHODA,"All Skin Types,Oily",https://www.amazon.in/Hilary-Perfect-Poreless-Control-Lasting/dp/B0BQWHRQ7J/ref=sr_1_49?keywords=Primer&qid=1680706837&sr=8-49,,
"        SUGAR Cosmetics The Most Eligiblur Correcting Primer - 01 Peach Precedent (Peach) | Tackle Open Pores, Dark Circles, Wrinkles, Pigmentation & Acne Marks | 30 gm       ",Primer,SUGAR Cosmetics,All,https://www.amazon.in/SUGAR-Cosmetics-Eligiblur-Correcting-Primer/dp/B09ZPG7C9D/ref=sr_1_50?keywords=Primer&qid=1680706837&sr=8-50,,
        BLUE HEAVEN Flawless Make-up base primer 16 g (mini pack) Primer - 16 ml (black)       ,Primer,Blue Heaven,All,https://www.amazon.in/HEAVEN-Flawless-Make-up-primer-Primer/dp/B09X79BDRC/ref=sr_1_51_mod_primary_new?keywords=Primer&qid=1680706837&sbo=RZvfv%2F%2FHxDF%2BO5021pAnSA%3D%3D&sr=8-51,,
        Swiss Beauty Pore Minimizer Primer | Oil Control Primer for Flawless Long lasting face makeup base with benefits of Vitamin E and C| 25ml|       ,Primer,SWISS BEAUTY,All,https://www.amazon.in/Minimizer-Control-Flawless-lasting-benefits/dp/B0B4FZBSL4/ref=sr_1_52?keywords=Primer&qid=1680706837&sr=8-52,,
"        SWISS BEAUTY Makeup Primer Oil Free Mattifying Long Lasting Base, 30 ml - Face Primer, Smooth and Long Lasting, Makeup Primer, Minimies Pores and Fine Line       ",Primer,SWISS BEAUTY,All,https://www.amazon.in/Swiss-Beauty-Make-Primer-Free/dp/B07CMPS8N8/ref=sr_1_53?keywords=Primer&qid=1680706837&sr=8-53,,
"        Swiss Beauty Makeup Primer, Face Makeup, 30Ml       ",Primer,SWISS BEAUTY,All,https://www.amazon.in/Swiss-Beauty-Makeup-Primer-Face/dp/B09T6Y3TG4/ref=sr_1_54?keywords=Primer&qid=1680706837&sr=8-54,,
"        Faces Ultime Pro Perfecting Primer, 30ml       ",Primer,Faces,All,https://www.amazon.in/Faces-Ultime-Perfecting-Primer-30ml/dp/B01LY99S0Z/ref=sr_1_56?keywords=Primer&qid=1680706837&sr=8-56,,
        Bella Voste Ultra HD Primer | VEGAN | CRUELTY FREE | PARABEN FREE | Poreless Smooth Long Lasting Makeup | Ultra Matt Finish (25 gm)       ,Primer,Bella Voste,All,https://www.amazon.in/sspa/click?ie=UTF8&spc=MToyODYzMjUwNDQzNzY3NjMzOjE2ODA3MDY4Mzc6c3BfYnRmOjIwMTI0NjY2OTM5NTk4OjowOjo&url=%2FBella-Voste-Ultra-Primer-25G%2Fdp%2FB09779624Y%2Fref%3Dsr_1_57_sspa%3Fkeywords%3DPrimer%26qid%3D1680706837%26sr%3D8-57-spons%26sp_csd%3Dd2lkZ2V0TmFtZT1zcF9idGY%26psc%3D1,,
"        GLAMLER Professional Makeup Combo Primer, Foundation, Facial Wipes, Concealer, Blender With Fixer Pack Of 6.       ",Primer,GLAMLER,Combination,https://www.amazon.in/sspa/click?ie=UTF8&spc=MToyODYzMjUwNDQzNzY3NjMzOjE2ODA3MDY4Mzc6c3BfYnRmOjIwMTA5Njc1NTk1MTk4OjowOjo&url=%2FGLAMLER-Professional-Foundation-Concealer-Blender%2Fdp%2FB09ZB9CYT7%2Fref%3Dsr_1_58_sspa%3Fkeywords%3DPrimer%26qid%3D1680706837%26sr%3D8-58-spons%26sp_csd%3Dd2lkZ2V0TmFtZT1zcF9idGY%26psc%3D1,,
"        Charmacy Milano Pro-Pore Conceal Primer - 40 ml, Flawless Finish, for Smooth Canvas, Blurs Pores, Transparent Texture, Matte Finish, Vegan, Cruelty-Free, Non Toxin       ",Primer,Charmacy Milano,Normal,https://www.amazon.in/sspa/click?ie=UTF8&spc=MToyODYzMjUwNDQzNzY3NjMzOjE2ODA3MDY4Mzc6c3BfYnRmOjIwMDU4Mjk0OTk5NDAxOjowOjo&url=%2FCharmacy-Milano-Pro-Pore-Conceal-Primer%2Fdp%2FB08SBK2BDM%2Fref%3Dsr_1_59_sspa%3Fkeywords%3DPrimer%26qid%3D1680706837%26sr%3D8-59-spons%26sp_csd%3Dd2lkZ2V0TmFtZT1zcF9idGY%26psc%3D1,,
        Colors Queen REVITALIFT 2 IN 1 High Definition Double Action Water Proof Foundation With Primer       ,Primer,COLORS QUEEN,All,https://www.amazon.in/sspa/click?ie=UTF8&spc=MToyODYzMjUwNDQzNzY3NjMzOjE2ODA3MDY4Mzc6c3BfYnRmOjIwMTE1Nzk2OTkxMjk4OjowOjo&url=%2FColors-REVITALIFT-Definition-Double-Foundation%2Fdp%2FB09TT4Z5VN%2Fref%3Dsr_1_60_sspa%3Fkeywords%3DPrimer%26qid%3D1680706837%26sr%3D8-60-spons%26sp_csd%3Dd2lkZ2V0TmFtZT1zcF9idGY%26psc%3D1%26smid%3DADTNCYBRT8I5L,,
        RENEE Glass Glow Pre Make-up Oil Primer (30ml)       ,Primer,RENEE,All,https://www.amazon.in/sspa/click?ie=UTF8&spc=MTo4ODU5MDc5NTUzNDE0MTQyOjE2ODA3MDcwNzc6c3BfYXRmX25leHQ6MjAxMzE2MTI5MzM5OTg6OjA6Og&url=%2FRENEE-Glass-Glow-Make-up-30ml%2Fdp%2FB09NRSQZ7P%2Fref%3Dsr_1_49_sspa%3Fkeywords%3DPrimer%26qid%3D1680707077%26sr%3D8-49-spons%26sp_csd%3Dd2lkZ2V0TmFtZT1zcF9hdGZfbmV4dA%26psc%3D1,,
        FIRSTZON Vitamin enriched non greasy face base primer oil Primer | HD matte face primer       ,Primer,FIRSTZON,Oily,https://www.amazon.in/sspa/click?ie=UTF8&spc=MTo4ODU5MDc5NTUzNDE0MTQyOjE2ODA3MDcwNzc6c3BfYXRmX25leHQ6MjAxMTU1Nzk0MTM1OTg6OjA6Og&url=%2FFIRSTZON-Vitamin-enriched-greasy-primer%2Fdp%2FB08KQDQF1W%2Fref%3Dsr_1_50_sspa%3Fkeywords%3DPrimer%26qid%3D1680707077%26sr%3D8-50-spons%26sp_csd%3Dd2lkZ2V0TmFtZT1zcF9hdGZfbmV4dA%26psc%3D1%26smid%3DA35I48PIB5XPNM,,
"        FACES CANADA Ultime Pro HD Intense Matte Lips + Primer - Bloodmoon 20, 1.4g | 9HR Long Stay | Primer Infused For Flawless HD Matte Finish | Intense Color Lightweight Silky Smooth Cream Application       ",Primer,FACESCANADA,Normal,https://www.amazon.in/sspa/click?ie=UTF8&spc=MTo4ODU5MDc5NTUzNDE0MTQyOjE2ODA3MDcwNzc6c3BfYXRmX25leHQ6MjAwMTc2MTYxNTc1OTg6OjA6Og&url=%2FFaces-Canada-Ultime-Intense-Primer%2Fdp%2FB07X2RXQZ5%2Fref%3Dsr_1_51_sspa%3Fkeywords%3DPrimer%26qid%3D1680707077%26sr%3D8-51-spons%26sp_csd%3Dd2lkZ2V0TmFtZT1zcF9hdGZfbmV4dA%26psc%3D1,,
        GLAMLER Pre Prime Fix And Skin Base Visage Primer.       ,Primer,GLAMLER,All,https://www.amazon.in/sspa/click?ie=UTF8&spc=MTo4ODU5MDc5NTUzNDE0MTQyOjE2ODA3MDcwNzc6c3BfYXRmX25leHQ6MjAxMDk2NzU1OTYwOTg6OjA6Og&url=%2FGLAMLER-Prime-Skin-Visage-Primer%2Fdp%2FB09GK4ZSPH%2Fref%3Dsr_1_52_sspa%3Fkeywords%3DPrimer%26qid%3D1680707077%26sr%3D8-52-spons%26sp_csd%3Dd2lkZ2V0TmFtZT1zcF9hdGZfbmV4dA%26psc%3D1,,
"        Maliao Matte Finish Face Primer, 30 g       ",Primer,Maliao,All,https://www.amazon.in/Maliao-face-primer/dp/B07DW56V4T/ref=sr_1_53?keywords=Primer&qid=1680707077&sr=8-53,,
"        Swiss Beauty Color Correcting Brightening Primer, 20ml       ",Primer,SWISS BEAUTY,All,https://www.amazon.in/Swiss-Beauty-Correcting-Brightening-Primer/dp/B0918DGPYB/ref=sr_1_54?keywords=Primer&qid=1680707077&sr=8-54,,
"        Wet n Wild Photo Focus Dewy Face Primer Till Prime Do Us Part, Mattifying, Blurring & Oil Absorbing Face Makeup,Blurs Imperfections and Reduces Pore Appearance Paraben & Cruelty Free-25ml       ",Primer,Wet n Wild,All,https://www.amazon.in/Wet-Wild-Photo-Focus-Primer/dp/B0797HP1SW/ref=sr_1_55?keywords=Primer&qid=1680707077&sr=8-55,,
"        Colorbar Magic Water Primer, Clear, 30 ml       ",Primer,Colorbar,All,https://www.amazon.in/Colorbar-Cosmetics-Magic-Water-Primer/dp/B08GL3CCYJ/ref=sr_1_56?keywords=Primer&qid=1680707077&sr=8-56,,
        MyGlamm Manish Malhotra Beauty Luminious Moisturising Primer - 28ml       ,Primer,MyGlamm,All,https://www.amazon.in/MyGlamm-Manish-Malhotra-Luminious-Moisturising/dp/B0BB7ZDHT6/ref=sr_1_57?keywords=Primer&qid=1680707077&sr=8-57,,
"        E. L. F. Cosmetics Hydrating Face Primer, For Use As A Foundation For Your Makeup, Vitamin Infused Formula, 14G       ",Primer,E.l.f.,Dry,https://www.amazon.in/L-F-Cosmetics-Hydrating-Primer-Fluid/dp/B00HVI8WYU/ref=sr_1_58?keywords=Primer&qid=1680707077&sr=8-58,,
        Faces Canada Ultime Pro Primerizer Primer + Moisturizer 30g       ,Primer,FACESCANADA,Normal,https://www.amazon.in/Faces-Canada-Ultime-Primerizer-Moisturizer/dp/B07WWX165R/ref=sr_1_59?keywords=Primer&qid=1680707077&sr=8-59,,
        FIRSTZON Vitamin enriched non greasy face base primer oil Primer | HD matte face primer       ,Primer,FIRSTZON,Oily,https://www.amazon.in/FIRSTZON-Vitamin-enriched-greasy-primer/dp/B08KQDQF1W/ref=sr_1_61?keywords=Primer&qid=1680707077&sr=8-61,,
"        SERY Perfect Finish Face Primer, Makeup Primer for Poreless, Smooth & Long Lasting Makeup - Waterproof Brightening Makeup Base, 30ml       ",Primer,SERY,All,https://www.amazon.in/SERY-Perfect-Finish-Poreless-Lasting/dp/B09RSWKWZT/ref=sr_1_62?keywords=Primer&qid=1680707077&sr=8-62,,
"        Swiss Beauty Flawless Moisture Primer with amino, Face Makeup, White, 80ml       ",Primer,SWISS BEAUTY,Combination,https://www.amazon.in/Beauty-Flawless-Moisture-Primer-Makeup/dp/B09JSDHQ52/ref=sr_1_63?keywords=Primer&qid=1680707077&sr=8-63,,
        Fit Me Primer 01       ,Primer,Maybelline,All,https://www.amazon.in/Maybelline-6902395808503-Fit-Me-Primer/dp/B09BR1TYW6/ref=sr_1_64?keywords=Primer&qid=1680707077&sr=8-64,,
"        RENEE Face Base Illuminating Primer, 20ml | Long Lasting, Highly Moisturizing, Easy Blend Formula for All Skin Types, Enriched with Maca Roots       ",Primer,RENEE,All,https://www.amazon.in/RENEE-Illuminating-Lasting-Moisturizing-Enriched/dp/B09VZ4VMJH/ref=sr_1_65?keywords=Primer&qid=1680707077&sr=8-65,,
"        SUGAR Cosmetics - Face Fwd >> - Primer Stick - Mattifying Primer Stick for All Skin Types, Evens Skin Tone, Longlasting Formula, Lightweight       ",Primer,SUGAR Cosmetics,Normal,https://www.amazon.in/SUGAR-Cosmetics-Face-Primer-Stick/dp/B083Q22GTG/ref=sr_1_66?keywords=Primer&qid=1680707077&sr=8-66,,
"        L'Oreal Paris Infallible Lasting Primer, 30 g       ",Primer,L'Oreal Paris,All,https://www.amazon.in/LOreal-Paris-Infallible-Lasting-Primer/dp/B08S15YY6L/ref=sr_1_67?keywords=Primer&qid=1680707077&sr=8-67,,
"        Faces Canada Vitamin Rich Primer, Clear, 15 g       ",Primer,Faces,All,https://www.amazon.in/Faces-Canada-Vitamin-Primer-Clear/dp/B08TDBJDWN/ref=sr_1_68?keywords=Primer&qid=1680707077&sr=8-68,,
        Get Glamorous Combo Blue Heaven Fixer And Primer For Women And Girls       ,Primer,Generic,All,https://www.amazon.in/sspa/click?ie=UTF8&spc=MTo4ODU5MDc5NTUzNDE0MTQyOjE2ODA3MDcwNzc6c3BfbXRmOjIwMTQyMTk1ODgzODk4OjowOjo&url=%2FGlamorous-Combo-Heaven-Fixer-Primer%2Fdp%2FB0B8H8135Y%2Fref%3Dsr_1_69_sspa%3Fkeywords%3DPrimer%26qid%3D1680707077%26sr%3D8-69-spons%26sp_csd%3Dd2lkZ2V0TmFtZT1zcF9tdGY%26psc%3D1,,
"        Quench Botanics Mama Cica Pore minimizing Primer | Korean Skin care, Vitamin E, Hydrating formula minimizes pores, 30ml       ",Primer,QUENCH BOTANICS,Normal,https://www.amazon.in/sspa/click?ie=UTF8&spc=MTo4ODU5MDc5NTUzNDE0MTQyOjE2ODA3MDcwNzc6c3BfbXRmOjIwMTE4ODQ3NzU1NDk4OjowOjo&url=%2FBotanics-minimizing-Vitamin-Hydrating-minimizes%2Fdp%2FB0BV347J69%2Fref%3Dsr_1_70_sspa%3Fkeywords%3DPrimer%26qid%3D1680707077%26sr%3D8-70-spons%26sp_csd%3Dd2lkZ2V0TmFtZT1zcF9tdGY%26psc%3D1,,
        Kiss Pretty Smooth Perfecting Primer| Hydrating Face Primer For Smoothing Skin & Perfect Makeup - Long Lasting & Moisturizing       ,Primer,Kiss Pretty,All,https://www.amazon.in/sspa/click?ie=UTF8&spc=MTo4ODU5MDc5NTUzNDE0MTQyOjE2ODA3MDcwNzc6c3BfbXRmOjIwMTQxMzI3MDU1NTk4OjowOjo&url=%2FKiss-Pretty-Perfecting-Hydrating-Smoothing%2Fdp%2FB0BGY86MNN%2Fref%3Dsr_1_71_sspa%3Fkeywords%3DPrimer%26qid%3D1680707077%26sr%3D8-71-spons%26sp_csd%3Dd2lkZ2V0TmFtZT1zcF9tdGY%26psc%3D1,,
        Shryoan illuminating Strobing Moisturizer Cream primer 20g       ,Primer,Shryoan,All,https://www.amazon.in/sspa/click?ie=UTF8&spc=MTo4ODU5MDc5NTUzNDE0MTQyOjE2ODA3MDcwNzc6c3BfbXRmOjIwMTIwMjYxMTgyNTk4OjowOjo&url=%2FShryoan-illuminating-Strobing-Moisturizer-primer%2Fdp%2FB09TWG3DTC%2Fref%3Dsr_1_72_sspa%3Fkeywords%3DPrimer%26qid%3D1680707077%26sr%3D8-72-spons%26sp_csd%3Dd2lkZ2V0TmFtZT1zcF9tdGY%26psc%3D1%26smid%3DAOT9J2RKULBCJ,,
"        MALIAO Magic Perfecting Base Face Primer 24 H Matte Finish Oil-Free, 45 g       ",Primer,MALIAO,All,https://www.amazon.in/MALIAO-Perfecting-Primer-Finish-Oil-Free/dp/B07Y7LV5K4/ref=sr_1_73_mod_primary_new?keywords=Primer&qid=1680707077&sbo=RZvfv%2F%2FHxDF%2BO5021pAnSA%3D%3D&sr=8-73,,
"        Skineace Stay Matte HD High- Definition Smoothing Transparent Face Primer, Type Of Packaging: Tube, Packaging Size: 40 ml       ",Primer,Generic,Normal,https://www.amazon.in/Skineace-Definition-Smoothing-Transparent-Packaging/dp/B0BQC81JS9/ref=sr_1_74?keywords=Primer&qid=1680707077&sr=8-74,,
"        Wet n Wild Prime Focus The Impossible Primer Silicon-Free Face Primer for Pore-Minimizing Effect, with Gooseberry and Jeju Blossom Extract, Mattifying and Hydrating Shine Control Formula Vegan-25 ml       ",Primer,Wet n Wild,Normal,https://www.amazon.in/Wet-Wild-Prime-Impossible-Primer/dp/B08RRZ1B6G/ref=sr_1_75?keywords=Primer&qid=1680707077&sr=8-75,,
        MISS ROSE Pearl Primer Zero Porse Oil Free Primer       ,Primer,Miss Rose,All,https://www.amazon.in/MISS-ROSE-Pearl-Primer-Porse/dp/B08LT8P8DD/ref=sr_1_76?keywords=Primer&qid=1680707077&sr=8-76,,
"        SUGAR Cosmetics - The Most Eligiblur - Smoothing Primer - Full Coverage Primer with Super Matte Finish, Cream Finish Primer, Suitable for All Skin Types       ",Primer,SUGAR Cosmetics,All,https://www.amazon.in/SUGAR-Cosmetics-Eligiblur-Smoothing-Primer/dp/B0822H8FKQ/ref=sr_1_78?keywords=Primer&qid=1680707077&sr=8-78,,
        Maliao Photo Finish Foundation Primer 40 ml       ,Primer,Maliao,All,https://www.amazon.in/Maliao-Photo-Finish-Foundation-Primer/dp/B09Y1LLMC3/ref=sr_1_79?keywords=Primer&qid=1680707077&sr=8-79,,
        Insight Primer | 3 In 1 Oil Free (PRIMER) & Insight Makeup Fixer and 3 in 1 Primer (Makeup Fixer)       ,Primer,INSIGHT,All,https://www.amazon.in/Insight-Primer-PRIMER-Makeup-Fixer/dp/B0B8ZQJ55R/ref=sr_1_80?keywords=Primer&qid=1680707077&sr=8-80,,
        Rsentera MAKEUP BASE PRIMER WITH MAKEUP FIXER Primer - 150 ml WITH ORANGE CONCEALER (TRANSPARENT)       ,Primer,Rsentera,All,https://www.amazon.in/Rsentera-MAKEUP-PRIMER-FIXER-Primer/dp/B092JP73MW/ref=sr_1_81?keywords=Primer&qid=1680707077&sr=8-81,,
"        FIRSTZON HD pore minimizer and pore blurring matte face make up primer, matte + poreless face make up base primer , stay upto 24 hr mattifying face base primer       ",Primer,FIRSTZON,All,https://www.amazon.in/FIRSTZON-minimizer-blurring-poreless-mattifying/dp/B09VGZQG89/ref=sr_1_82?keywords=Primer&qid=1680707077&sr=8-82,,
"        The Trendy Foundation ILLUMINATING Base Waterproof Primer, 50ml       ",Primer,The Trendy,All,https://www.amazon.in/Trendy-Foundation-ILLUMINATING-Waterproof-Primer/dp/B0BDDG3B96/ref=sr_1_83?keywords=Primer&qid=1680707077&sr=8-83,,
"        Makeup Revolution Power Fix Primer, Transparent, Oils Absorbing, Moisturises and Smooths Skin, Long-lasting, Fit Me Matte + Poreless Finish (1)       ",Primer,Makeup Revolution,All,https://www.amazon.in/Makeup-Revolution-Power-Primer-Transparent/dp/B095J3G2ZX/ref=sr_1_84?keywords=Primer&qid=1680707077&sr=8-84,,
        Lakme Absolute Glow Primer 30g       ,Primer,LAKMÉ,All,https://www.amazon.in/Lakme-Absolute-Glow-Primer-30g/dp/B0BTPSFSKH/ref=sr_1_85?keywords=Primer&qid=1680707077&sr=8-85,,
"        MAPPERZ Perfect Matte Face Makeup Base Primer Makeup Primer for Pore less, Smooth & Long Lasting Makeup Waterproof Makeup Base Gel - 50 ml       ",Primer,MAPPERZ,All,https://www.amazon.in/MAPPERZ-Perfect-Makeup-Lasting-Waterproof/dp/B0B9ST553X/ref=sr_1_86?keywords=Primer&qid=1680707077&sr=8-86,,
        ClubBeauty Most Beautiful Trending Fixer combo with Primer Foundation Luxury Primer - 150 ml (Transparent)       ,Primer,ClubBeauty,All,https://www.amazon.in/ClubBeauty-Beautiful-Fixer-Primer-Foundation/dp/B095S5MQ5G/ref=sr_1_87?keywords=Primer&qid=1680707077&sr=8-87,,
        Rsentera Super Quality ILLUMINATING WATERPROOF PRIMER WITH MATTE MAKEUP FIXER FOR LONG LASTING MAKEUP Primer - 150 ml (Transperent)       ,Primer,Rsentera,All,https://www.amazon.in/Rsentera-Quality-ILLUMINATING-WATERPROOF-LASTING/dp/B08QFY1QX5/ref=sr_1_88?keywords=Primer&qid=1680707077&sr=8-88,,
"        MeeTo Perfect Matte Face Makeup Base Primer Makeup Primer for Pore less, Smooth & Long Lasting Makeup Waterproof Makeup Base Gel - 50 ml       ",Primer,MeeTo,All,https://www.amazon.in/MeeTo-Perfect-Makeup-Lasting-Waterproof/dp/B0B9SWX6DH/ref=sr_1_89?keywords=Primer&qid=1680707077&sr=8-89,,
"        Blue Heaven Studio Perfection Primers, 60g (Transparent, BHPRIMER) - Set of 2       ",Primer,Blue Heaven,All,https://www.amazon.in/Blue-Heaven-Perfection-Transparent-BHPRIMER/dp/B0774KW478/ref=sr_1_90?keywords=Primer&qid=1680707077&sr=8-90,,
"        Lotus Makeup Proedit Silk Touch Luminizing Primer, White, 20 g       ",Primer,Lotus Makeup,Normal,https://www.amazon.in/Lotus-Makeup-Proedit-Luminizing-Primer/dp/B07PTR2QX9/ref=sr_1_91_mod_primary_new?keywords=Primer&qid=1680707077&sbo=RZvfv%2F%2FHxDF%2BO5021pAnSA%3D%3D&sr=8-91,,
"        Colors Queen Perfect Balance Primer | Oil Free Primer Which Provides Soothing and Hydrating Makeup Base | Waterproof Long Lasting Primer, Which helps to mask Fine Lines and Uneven Texture       ",Primer,COLORS QUEEN,All,https://www.amazon.in/Colors-Queen-Perfect-Balance-Primer/dp/B09248MTN5/ref=sr_1_92?keywords=Primer&qid=1680707077&sr=8-92,,
        MARS Illuminati Base with primer & highlighter look (Gold Beam)       ,Primer,MARS,All,https://www.amazon.in/MARS-Illuminating-Highlighter-Makeup-Primer/dp/B09GT2LC9Q/ref=sr_1_93?keywords=Primer&qid=1680707077&sr=8-93,,
"        Swiss Beauty Primer Mattifying Setting Powder with SPF 15 |Translucent powder for Face makeup| Shade-01, 10G |       ",Primer,SWISS BEAUTY,All,https://www.amazon.in/Beauty-PRIMEN-PRIMER-MATTIFYING-SETTING/dp/B07RBB7ZTG/ref=sr_1_94?keywords=Primer&qid=1680707077&sr=8-94,,
        Rsentera Most Beautiful Trending Fixer combo with Primer Foundation Luxury Primer - 150 ml (Transparent)       ,Primer,Rsentera,All,https://www.amazon.in/Rsentera-Beautiful-Trending-Primer-Foundation/dp/B08DFPTVPJ/ref=sr_1_95?keywords=Primer&qid=1680707077&sr=8-95,,
        Coloressence AQUA MAKEUP BASE PRIMER (PACK OF 1) Primer - 35 ml (Biege)       ,Primer,Coloressence,All,https://www.amazon.in/Coloressence-AQUA-MAKEUP-PRIMER-Primer/dp/B08F3LYPM9/ref=sr_1_96?keywords=Primer&qid=1680707077&sr=8-96,,
        Bella Voste Ultra HD Primer | VEGAN | CRUELTY FREE | PARABEN FREE | Poreless Smooth Long Lasting Makeup | Ultra Matt Finish (25 gm)       ,Primer,Bella Voste,All,https://www.amazon.in/Bella-Voste-Ultra-Primer-25G/dp/B09779624Y/ref=sr_1_97?keywords=Primer&qid=1680707077&sr=8-97,,
"        Dazller Pristine Finish Primer, 30g, Smoothens Pores, Mattifying, Transfer-proof, Paraben-free, Enriched with Aloe, Centella and Vitamin E, Vegan & Cruelty-free       ",Primer,DAZLLER,All,https://www.amazon.in/Smoothens-Mattifying-Transfer-proof-Paraben-free-Cruelty-free/dp/B0BXWP57H5/ref=sr_1_98?keywords=Primer&qid=1680707077&sr=8-98,,
"        ZOOMIQUE 3D Contour Stick with Matte Fixer Spray, Foundation Illuminating WaterProof Makeup Base Primer 150 ml with (Transparent), Foundation and 2 Pink Beauty Blenders - (Pack of 6)       ",Primer,ZOOMIQUE,All,https://www.amazon.in/ZOOMIQUE-Foundation-Illuminating-WaterProof-Transparent/dp/B0BZVNB7G9/ref=sr_1_99?keywords=Primer&qid=1680707077&sr=8-99,,
        Glam21 Face Primer For Easy Makeup & Pore Minimize | Gel-like Texture | Perfect Coverage | Lightweight | With Skin-Softening Apricot Essence | 30 gm       ,Primer,Glam 21,All,https://www.amazon.in/Minimize-Gel-like-Coverage-Lightweight-Skin-Softening/dp/B0BSGSMDHD/ref=sr_1_100?keywords=Primer&qid=1680707077&sr=8-100,,
"        FACES CANADA Ultime Pro HD Intense Matte Lips + Primer - Bloodmoon 20, 1.4g | 9HR Long Stay | Primer Infused For Flawless HD Matte Finish | Intense Color Lightweight Silky Smooth Cream Application       ",Primer,FACESCANADA,Normal,https://www.amazon.in/Faces-Canada-Ultime-Intense-Primer/dp/B07X2RXQZ5/ref=sr_1_101?keywords=Primer&qid=1680707077&sr=8-101,,
"        RED4 Oil free Aloevera Primer for Hydrating and Moustrising Face ,long lasting 24 Hydration Formula for Natural Complexion (30Ml)       ",Primer,RED4,Oily,https://www.amazon.in/RED4-Hydrating-Moustrising-Hydration-Complexion/dp/B09ZQQDCHS/ref=sr_1_102?keywords=Primer&qid=1680707077&sr=8-102,,
"        L.A.GIRL PRO. Prep HD Smoothing Face Primer - Matte & Poreless Ultra Blendable Liquid Clear, Smoothening, Lightweight, Soft Nourishing Formula, Paraben Free, (15ml)       ",Primer,L.A GIRL,All,https://www.amazon.in/Girl-Prep-Face-Primer-Clear/dp/B00WNCS852/ref=sr_1_103?keywords=Primer&qid=1680707077&sr=8-103,,
        Maliao WOW! 24K Gold Gel Primer 40 ml       ,Primer,Maliao,All,https://www.amazon.in/Maliao-WOW-24K-Gold-Primer/dp/B09XXQFZK3/ref=sr_1_104?keywords=Primer&qid=1680707077&sr=8-104,,
"        Colors Queen Perfect Balance Oil Free Primer | Waterproof Long Lasting Primer for Face Makeup, Which helps to mask Fine Lines and Uneven Texture with Free Eye Primer (Pack of 2)       ",Primer,COLORS QUEEN,All,https://www.amazon.in/sspa/click?ie=UTF8&spc=MTo4ODU5MDc5NTUzNDE0MTQyOjE2ODA3MDcwNzc6c3BfYnRmOjIwMTE1Nzk2OTkwMTk4OjowOjo&url=%2FColors-Perfect-Balance-primer-Primer%2Fdp%2FB096RZVFRX%2Fref%3Dsr_1_105_sspa%3Fkeywords%3DPrimer%26qid%3D1680707077%26sr%3D8-105-spons%26sp_csd%3Dd2lkZ2V0TmFtZT1zcF9idGY%26psc%3D1,,
"        CS Essentials Glow Fix, Prep, Prime & Set It Too, Clear, 100 ml       ",Primer,CS Essentials,All Skin Type,https://www.amazon.in/sspa/click?ie=UTF8&spc=MTo4ODU5MDc5NTUzNDE0MTQyOjE2ODA3MDcwNzc6c3BfYnRmOjIwMTMzMTgzNDgyMTk4OjowOjo&url=%2FCS-Essentials-Glow-Prime-Clear%2Fdp%2FB08LYM5F95%2Fref%3Dsr_1_106_sspa%3Fkeywords%3DPrimer%26qid%3D1680707077%26sr%3D8-106-spons%26sp_csd%3Dd2lkZ2V0TmFtZT1zcF9idGY%26psc%3D1,,
        Inshine Professional Poreless Absolute PEARL PRIMER       ,Primer,INSHINE ORIGINALS,All,https://www.amazon.in/sspa/click?ie=UTF8&spc=MTo4ODU5MDc5NTUzNDE0MTQyOjE2ODA3MDcwNzc6c3BfYnRmOjIwMTE5Mjc1NzY5MTk4OjowOjo&url=%2FInshine-Professional-Poreless-Absolute-PRIMER%2Fdp%2FB0BTBLMBRS%2Fref%3Dsr_1_107_sspa%3Fkeywords%3DPrimer%26qid%3D1680707077%26sr%3D8-107-spons%26sp_csd%3Dd2lkZ2V0TmFtZT1zcF9idGY%26psc%3D1,,
"        FIRSTZON HD pore minimizer and pore blurring matte face make up primer, matte + poreless face make up base primer , stay upto 24 hr mattifying face base primer       ",Primer,FIRSTZON,All,https://www.amazon.in/sspa/click?ie=UTF8&spc=MTo4ODU5MDc5NTUzNDE0MTQyOjE2ODA3MDcwNzc6c3BfYnRmOjIwMTE1NTc5NDEzNDk4OjowOjo&url=%2FFIRSTZON-minimizer-blurring-poreless-mattifying%2Fdp%2FB09VGZQG89%2Fref%3Dsr_1_108_sspa%3Fkeywords%3DPrimer%26qid%3D1680707077%26sr%3D8-108-spons%26sp_csd%3Dd2lkZ2V0TmFtZT1zcF9idGY%26psc%3D1%26smid%3DA35I48PIB5XPNM,,
"        FLiCKA Get Set Go Primer for womens and Girls, (30ML) - Brand Outlet       ",Primer,FLiCKA,Combination,https://www.amazon.in/sspa/click?ie=UTF8&spc=MTo1NTE4Mzc0MTAzMjQ5ODEyOjE2ODA3MDczMDg6c3BfYXRmX25leHQ6MjAwNjk0NDY5NTAwOTg6OjA6Og&url=%2FFLiCKA-Primer-womens-Girls-30ML%2Fdp%2FB09BBDSW6N%2Fref%3Dsr_1_97_sspa%3Fkeywords%3DPrimer%26qid%3D1680707308%26sr%3D8-97-spons%26sp_csd%3Dd2lkZ2V0TmFtZT1zcF9hdGZfbmV4dA%26psc%3D1,,
"        Ainhoa Skin Primer Ultra Comfort Vegan Cleansing Milk With Rice Oil For Dry Skin, 350ml       ",Primer,AINHOA,All,https://www.amazon.in/sspa/click?ie=UTF8&spc=MTo1NTE4Mzc0MTAzMjQ5ODEyOjE2ODA3MDczMDg6c3BfYXRmX25leHQ6MjAwNTc2ODU1OTA3OTg6OjA6Og&url=%2FAinhoa-Primer-Ultra-Comfort-Cleansing%2Fdp%2FB09TR4G84D%2Fref%3Dsr_1_98_sspa%3Fkeywords%3DPrimer%26qid%3D1680707308%26sr%3D8-98-spons%26sp_csd%3Dd2lkZ2V0TmFtZT1zcF9hdGZfbmV4dA%26psc%3D1,,
"        PAPAI RANG MAHAL, Interiror POPULAR PRIMER 4 L (1 Pc)       ",Primer,Generic,All,https://www.amazon.in/sspa/click?ie=UTF8&spc=MTo1NTE4Mzc0MTAzMjQ5ODEyOjE2ODA3MDczMDg6c3BfYXRmX25leHQ6MjAwOTEyNzQyOTAwOTg6OjA6Og&url=%2FPAPAI-MAHAL-Interiror-POPULAR-PRIMER%2Fdp%2FB0BLD14CYM%2Fref%3Dsr_1_99_sspa%3Fkeywords%3DPrimer%26qid%3D1680707308%26sr%3D8-99-spons%26sp_csd%3Dd2lkZ2V0TmFtZT1zcF9hdGZfbmV4dA%26psc%3D1,,
"        Quench Botanics Yuzu Fine Brightening Primer | Korean Skin care, Hydrate, Smoothen and Brighten, 30ml       ",Primer,QUENCH BOTANICS,Normal,https://www.amazon.in/sspa/click?ie=UTF8&spc=MTo1NTE4Mzc0MTAzMjQ5ODEyOjE2ODA3MDczMDg6c3BfYXRmX25leHQ6MjAxMTg4NDc3NTU1OTg6OjA6Og&url=%2FBotanics-Brightening-Hydrate-Smoothen-Brighten%2Fdp%2FB0BV33KWKZ%2Fref%3Dsr_1_100_sspa%3Fkeywords%3DPrimer%26qid%3D1680707308%26sr%3D8-100-spons%26sp_csd%3Dd2lkZ2V0TmFtZT1zcF9hdGZfbmV4dA%26psc%3D1,,
        Maliao WOW! 24K Gold Gel Primer 40 ml       ,Primer,Maliao,All,https://www.amazon.in/Maliao-WOW-24K-Gold-Primer/dp/B09XXQFZK3/ref=sr_1_101?keywords=Primer&qid=1680707308&sr=8-101,,
        RED 4 Face & Body Primer Matte Finish Oil Free Primer       ,Primer,RED 4,All,https://www.amazon.in/RED-Face-Primer-Matte-Finish/dp/B09N79691H/ref=sr_1_102?keywords=Primer&qid=1680707308&sr=8-102,,
"        Wet n Wild Prime Focus Nude Primer Serum for Face, Hydrating for Dry Skin, Makeup Primer Serum Paraben & Cruelty Free-30 ml       ",Primer,Wet n Wild,All,https://www.amazon.in/Wet-Wild-Prime-Focus-Primer/dp/B086CLQCMB/ref=sr_1_104?keywords=Primer&qid=1680707308&sr=8-104,,
        Faces Canada Ultime Pro HD Ace Of Base Radiance Primer 30g       ,Primer,FACESCANADA,Normal,https://www.amazon.in/Faces-Canada-Ultime-Radiance-Primer/dp/B0842N86N3/ref=sr_1_105?keywords=Primer&qid=1680707308&sr=8-105,,
"        Nyx Professional Makeup Glitter Primer, 10ml       ",Primer,Nyx Professional Makeup,All,https://www.amazon.in/Nyx-Professional-Makeup-Glitter-Primer/dp/B01DEYPNPU/ref=sr_1_106?keywords=Primer&qid=1680707308&sr=8-106,,
"        Lakmé Absolute Blur Perfect Makeup Primer, 30g       ",Primer,LAKMÉ,Acne Prone,https://www.amazon.in/Lakme-Absolute-Blur-Perfect-Makeup/dp/B071G15GSQ/ref=sr_1_107?keywords=Primer&qid=1680707308&sr=8-107,,
"        MeeTo Perfect Matte Face Makeup Base Primer Makeup Primer for Pore less, Smooth & Long Lasting Makeup Waterproof Makeup Base Gel Spray - 100 ml       ",Primer,MeeTo,All,https://www.amazon.in/MeeTo-Perfect-Makeup-Lasting-Waterproof/dp/B0B9SZ6VV2/ref=sr_1_108?keywords=Primer&qid=1680707308&sr=8-108,,
"        maliao Mahak Beauty Infallible Mattifying Base Face Primer Gel (4.5 g), multicolour       ",Primer,Maliao,All,https://www.amazon.in/Beauty-Maliao-Infallible-Mattifying-Primer/dp/B07P25TH71/ref=sr_1_109?keywords=Primer&qid=1680707308&sr=8-109,,
        Maliao Star Ocean Illumine Primer Colour Corrector and Glow Booster Primer - 40ml       ,Primer,Generic,All,https://www.amazon.in/Maliao-Illumine-Primer-Corrector-Booster/dp/B0BPNYLLNC/ref=sr_1_110?keywords=Primer&qid=1680707308&sr=8-110,,
"        Clinique Clinique Super Primer Color Corrects Discolorations for Women, 1 Ounce       ",Primer,Clinique,All,https://www.amazon.in/Clinique-Superprimer-Primer-shade-Discoloration/dp/B00EKIPJAO/ref=sr_1_112?keywords=Primer&qid=1680707308&sr=8-112,,
"        INCOLOR Absolute Oil Free Long Lasting Face Makeup Primer for Women, Clear, 30 ml       ",Primer,INCOLOR,All,https://www.amazon.in/INCOLOR-Oil-free-Primer-30ml/dp/B01LLWFUKK/ref=sr_1_113?keywords=Primer&qid=1680707308&sr=8-113,,
        ILLUMINATING WATERPROOF PRIMER WITH MATTE MAKEUP FIXER FOR LONG LASTING MAKEUP Primer       ,Primer,Generic,All,https://www.amazon.in/ILLUMINATING-WATERPROOF-PRIMER-MAKEUP-LASTING/dp/B0C1728BLK/ref=sr_1_114?keywords=Primer&qid=1680707308&sr=8-114,,
        best Makeup Primer Setting Tube with Chamomile and Hyaluronic Acid Primer       ,Primer,DEVIL MONK,All,https://www.amazon.in/Makeup-Primer-Setting-Chamomile-Hyaluronic/dp/B0C16YHBNB/ref=sr_1_115?keywords=Primer&qid=1680707308&sr=8-115,,
        Infallible Mattifying Face Gel Primer for all skin tone Primer       ,Primer,DEVIL MONK,All,https://www.amazon.in/Infallible-Mattifying-Face-Primer-skin/dp/B0C16YH1V2/ref=sr_1_116?keywords=Primer&qid=1680707308&sr=8-116,,
        FASHIONSTORM KISS BEAUTY 24K GOLDEN EDITION PRIMER 40ML       ,Primer,FASHIONSTORM,All,https://www.amazon.in/sspa/click?ie=UTF8&spc=MTo1NTE4Mzc0MTAzMjQ5ODEyOjE2ODA3MDczMDg6c3BfbXRmOjIwMTQyMTk1MDIwOTk4OjowOjo&url=%2FFASHIONSTORM-KISS-BEAUTY-GOLDEN-PRIMER%2Fdp%2FB07RS1RWR5%2Fref%3Dsr_1_118_sspa%3Fkeywords%3DPrimer%26qid%3D1680707308%26sr%3D8-118-spons%26sp_csd%3Dd2lkZ2V0TmFtZT1zcF9tdGY%26psc%3D1,,
"        Indulgeo Essentials Wonder Gold Beauty Oil (15 mL) | 24K Gold Infused Makeup Face Primer for Dry and Sensitive Skin | Instant Glow, Beauty Oil | Reduces Hyperpigmentation, Fine Lines, Anti-aging, Natural SPF |Nourishment | Ayush Certified,100% Organic       ",Primer,INDULGEO ESSENTIALS,All,https://www.amazon.in/sspa/click?ie=UTF8&spc=MTo1NTE4Mzc0MTAzMjQ5ODEyOjE2ODA3MDczMDg6c3BfbXRmOjIwMTA5ODQzNjcxNDk4OjowOjo&url=%2FMoisturizer-Hyperpigmentation-Nourishment-Pricklypear-Cruelty-Free%2Fdp%2FB0936FK4G7%2Fref%3Dsr_1_119_sspa%3Fkeywords%3DPrimer%26qid%3D1680707308%26sr%3D8-119-spons%26sp_csd%3Dd2lkZ2V0TmFtZT1zcF9tdGY%26psc%3D1,,
"        CVB PL701 24K Gold Gel Primer for Pores Minimization, Anti-Ageing Oil-Free & Fragrance-Free Makeup Base (Gold, 30ml)       ",Primer,CVB,All,https://www.amazon.in/sspa/click?ie=UTF8&spc=MTo1NTE4Mzc0MTAzMjQ5ODEyOjE2ODA3MDczMDg6c3BfbXRmOjIwMTAxMjc0MDMxNDk4OjowOjo&url=%2FCVB-Minimization-Anti-Ageing-Oil-Free-Fragrance-Free%2Fdp%2FB08L6MZ4SG%2Fref%3Dsr_1_120_sspa%3Fkeywords%3DPrimer%26qid%3D1680707308%26sr%3D8-120-spons%26sp_csd%3Dd2lkZ2V0TmFtZT1zcF9tdGY%26psc%3D1,,
        make up base face care primer for gel Primer       ,Primer,DEVIL MONK,All,https://www.amazon.in/make-base-face-primer-Primer/dp/B0C16XYC71/ref=sr_1_121?keywords=Primer&qid=1680707308&sr=8-121,,
        HD Face Primer water proof face base primer       ,Primer,DEVIL MONK,All,https://www.amazon.in/Face-Primer-water-proof-primer/dp/B0C16W1CJ7/ref=sr_1_122?keywords=Primer&qid=1680707308&sr=8-122,,
        Face Gel Primer Waterproof Primer       ,Primer,DEVIL MONK,All,https://www.amazon.in/Face-Gel-Primer-Waterproof/dp/B0C16TSN3B/ref=sr_1_123?keywords=Primer&qid=1680707308&sr=8-123,,
        Plethora Most Beautiful Trending Fixer combo with Primer Foundation Luxury Primer - 150 ml (Transparent)       ,Primer,Plethora,All,https://www.amazon.in/Plethora-Beautiful-Trending-Primer-Foundation/dp/B09ZLBD8MP/ref=sr_1_124?keywords=Primer&qid=1680707308&sr=8-124,,
        Make-up Pro Primer Glow Enhancer 30ML (by Ori flame)       ,Primer,Generic,All,https://www.amazon.in/Make-up-Primer-Glow-Enhancer-flame/dp/B0BSXLS85B/ref=sr_1_125?keywords=Primer&qid=1680707308&sr=8-125,,
"        Maliao Gel Base Primer, Transparent Gold Crytals, 30 ml       ",Primer,Maliao,All,https://www.amazon.in/Maliao-Gel-Base-Primer-Transparent/dp/B07Z418WKV/ref=sr_1_126?keywords=Primer&qid=1680707308&sr=8-126,,
        VARS LONDON MLIO Face primer oil| makeup primer| Vitamin enriched non greasy face base primer oil Primer gel primer| makeup blendable primer oil|       ,Primer,VARS , LONDON,299,https://www.amazon.in/VARS-LONDON-Vitamin-enriched-blendable/dp/B091TWQQVW/ref=sr_1_127?keywords=Primer&qid=1680707308&sr=8-127,
        wet n wild Photo Focus Dewy Face Primer Till Prime Dew us Part 0.84 Fluid Ounce       ,Primer,Wet n Wild,All,https://www.amazon.in/Photo-Focus-Primer-Prime-Fluid/dp/B077V6B71Z/ref=sr_1_128?keywords=Primer&qid=1680707308&sr=8-128,,
        Lor Face Primer Studio Se Size .05z       ,Primer,L'Oreal Paris,All,https://www.amazon.in/Face-Primer-Studio-Size-05z/dp/B018KN7UIS/ref=sr_1_129?keywords=Primer&qid=1680707308&sr=8-129,,
"        Firmer Pre Make-Up Primer Cream Multifunctional Skin Perfector, Skin Firming, Skin Illuminating, Face Contouring & Slimming, Anti-Aging Hydrating Makeup Primer For Youthful Glow, Paraben Free - 50 GM       ",Primer,FIRMER,Acne Prone,https://www.amazon.in/FIRMER-Multifunctional-Perfector-Contouring-Slimming/dp/B09CH41LYC/ref=sr_1_130?keywords=Primer&qid=1680707308&sr=8-130,,
        Half N Half Base + Primer Foundation Primer Smooth & Blur Primer - 25 ml       ,Primer,Half N Half,All,https://www.amazon.in/Half-Base-Primer-Foundation-Smooth/dp/B0C1GHTM7Y/ref=sr_1_131?keywords=Primer&qid=1680707308&sr=8-131,,
        24H Perfect Matte Primer       ,Primer,DEVIL MONK,All,https://www.amazon.in/DEVIL-MONK-Perfect-Matte-Primer/dp/B0C16YRL2Z/ref=sr_1_132?keywords=Primer&qid=1680707308&sr=8-132,,
        Oil Free Make Up Illuminatiing Foundation Primer       ,Primer,DEVIL MONK,All,https://www.amazon.in/Free-Make-Illuminatiing-Foundation-Primer/dp/B0C16YKR6D/ref=sr_1_133?keywords=Primer&qid=1680707308&sr=8-133,,
        ILLUMINATION PRIMER FOR MAKEUP BASED Primer       ,Primer,DEVIL MONK,All,https://www.amazon.in/ILLUMINATION-PRIMER-MAKEUP-BASED-Primer/dp/B0C16XWRR3/ref=sr_1_134?keywords=Primer&qid=1680707308&sr=8-134,,
        Make-up Base Face Primer       ,Primer,DEVIL MONK,All,https://www.amazon.in/DEVIL-MONK-Make-up-Base-Primer/dp/B0C16XQX7Z/ref=sr_1_135?keywords=Primer&qid=1680707308&sr=8-135,,
        Face Primer | Minimizes Pores | Weightless Formula       ,Primer,DEVIL MONK,All,https://www.amazon.in/Primer-Minimizes-Pores-Weightless-Formula/dp/B0C16XP7VB/ref=sr_1_136?keywords=Primer&qid=1680707308&sr=8-136,,
        NEW GEL PRIMER MATTE FINISH TRANSPARENT MAKE UP PRIMER       ,Primer,DEVIL MONK,All,https://www.amazon.in/PRIMER-MATTE-FINISH-TRANSPARENT-MAKE/dp/B0C16XBWT3/ref=sr_1_137?keywords=Primer&qid=1680707308&sr=8-137,,
        Professional Long Lasting24H Perfect Matte Primer       ,Primer,DEVIL MONK,All,https://www.amazon.in/Professional-Lasting24H-Perfect-Matte-Primer/dp/B0C16WXFWF/ref=sr_1_138?keywords=Primer&qid=1680707308&sr=8-138,,
        QUALITY WATERPROOF LONG LASTING GEL PRIMER       ,Primer,DEVIL MONK,All,https://www.amazon.in/QUALITY-WATERPROOF-LONG-LASTING-PRIMER/dp/B0C16WTQYS/ref=sr_1_139?keywords=Primer&qid=1680707308&sr=8-139,,
        MAKEUP BASE ILLUMINATING PRIMER       ,Primer,DEVIL MONK,All,https://www.amazon.in/DEVIL-MONK-MAKEUP-ILLUMINATING-PRIMER/dp/B0C16WT4LY/ref=sr_1_140?keywords=Primer&qid=1680707308&sr=8-140,,
        Make Up Illuminatiing Foundation Primer       ,Primer,DEVIL MONK,All,https://www.amazon.in/Make-Up-Illuminatiing-Foundation-Primer/dp/B0C16W74R7/ref=sr_1_141?keywords=Primer&qid=1680707308&sr=8-141,,
        High quality of Gold 24 hours primer for a magical base of make up       ,Primer,DEVIL MONK,All,https://www.amazon.in/High-quality-hours-primer-magical/dp/B0C16W6VH2/ref=sr_1_142?keywords=Primer&qid=1680707308&sr=8-142,,
        Professional Infallible Mattifying Face Gel Primer for all skin tone Primer       ,Primer,DEVIL MONK,All,https://www.amazon.in/Professional-Infallible-Mattifying-Face-Primer/dp/B0C16W1CJT/ref=sr_1_143?keywords=Primer&qid=1680707308&sr=8-143,,
        24H Tube primer (Transparent)       ,Primer,DEVIL MONK,All,https://www.amazon.in/DEVIL-MONK-Tube-primer-Transparent/dp/B0C16V76N1/ref=sr_1_144?keywords=Primer&qid=1680707308&sr=8-144,,
        Make Up Primer(Long Lasting & Oil Free)       ,Primer,ELCO,All,https://www.amazon.in/Make-Primer-Long-Lasting-Free/dp/B0BZW8KNL5/ref=sr_1_145?keywords=Primer&qid=1680707308&sr=8-145,,
        RONZILLE Gold Makeup Fixer 30 ml plus Gold Makeup Primer 30 ml Primer - 60 ml  (Gold)       ,Primer,RONZILLE,All,https://www.amazon.in/dp/B0C1GWWV4B/ref=sr_1_146?keywords=Primer&qid=1680707308&sr=8-146,,
"        Hilary Rhoda Lumilayer Absolute Blur Perfect Matte Face Primer, Makeup Primer for Poreless, Smooth & Long Lasting Makeup - Waterproof Brightening Makeup Base 25ml.       ",Primer,HILARYRHODA,All,https://www.amazon.in/dp/B0C1H3KRH7/ref=sr_1_147?keywords=Primer&qid=1680707308&sr=8-147,,
        Fixer combo with Primer Foundation Luxury Primer Waterproof Fixer Combo       ,Primer,Generic,All,https://www.amazon.in/Fixer-Primer-Foundation-Luxury-Waterproof/dp/B0C173N7BY/ref=sr_1_148?keywords=Primer&qid=1680707308&sr=8-148,,
"        Earth Rhythm Glow Set Go Multipurpose Strobe Cream Spf 50 PA++++ | Used As Moisturizer, Primer, Highlighter | Cocoa Butter, Vitamin E - Pearly Glow- 40ml       ",Primer,Earth Rhythm,All,https://www.amazon.in/Earth-Rhythm-Multipurpose-Moisturizer-Highlighter/dp/B0BTPT7D3C/ref=sr_1_149?keywords=Primer&qid=1680707308&sr=8-149,,
"        Makeup Revolution Pore Blur Primer, Pore Minimizer Cream, Makeup Primer With Vitamin E To Nourish Skin, 0.95fl.oz/28ml       ",Primer,Makeup Revolution,All,https://www.amazon.in/Makeup-Revolution-21299-Pore-Primer/dp/B07QR4YX6M/ref=sr_1_150_mod_primary_new?keywords=Primer&qid=1680707308&sbo=RZvfv%2F%2FHxDF%2BO5021pAnSA%3D%3D&sr=8-150,,
        HD Face Primer 37g (Pack of 2).       ,Primer,Generic,All,https://www.amazon.in/HD-Face-Primer-37g-Pack/dp/B0C18PVZ6G/ref=sr_1_151?keywords=Primer&qid=1680707308&sr=8-151,,
        Colorescience Even Up Clinical SPF 50 Pigment Perfector Primer       ,Primer,ColoreScience,All,https://www.amazon.in/Colorescience-Clinical-Pigment-Perfector-Primer/dp/B00U2RSGLQ/ref=sr_1_152?keywords=Primer&qid=1680707308&sr=8-152,,
        ADS Good Choice India Foundation Illuminating Primer Base with Kajal       ,Primer,ADS Good Choice India,Acne Prone,https://www.amazon.in/sspa/click?ie=UTF8&spc=MTo1NTE4Mzc0MTAzMjQ5ODEyOjE2ODA3MDczMDg6c3BfYnRmOjIwMTQxMTA0NDMyNDk4OjowOjo&url=%2FADS-Foundation-Illuminating-Primer-Adbeni%2Fdp%2FB07RN5YJ16%2Fref%3Dsr_1_153_sspa%3Fkeywords%3DPrimer%26qid%3D1680707308%26sr%3D8-153-spons%26sp_csd%3Dd2lkZ2V0TmFtZT1zcF9idGY%26psc%3D1,,
        MINI 24K Gold Gel Primer 18Hrs Oil Free       ,Primer,CYB,All,https://www.amazon.in/sspa/click?ie=UTF8&spc=MTo1NTE4Mzc0MTAzMjQ5ODEyOjE2ODA3MDczMDg6c3BfYnRmOjIwMDgwODk2MDc1MDk4OjowOjo&url=%2FMINI-Gold-Primer-18Hrs-Free%2Fdp%2FB0B7RDVZBP%2Fref%3Dsr_1_154_sspa%3Fkeywords%3DPrimer%26qid%3D1680707308%26sr%3D8-154-spons%26sp_csd%3Dd2lkZ2V0TmFtZT1zcF9idGY%26psc%3D1,,
"        Quench Botanics Bravocado Moisturizing Primer, 30ml       ",Primer,QUENCH BOTANICS,Normal,https://www.amazon.in/sspa/click?ie=UTF8&spc=MTo1NTE4Mzc0MTAzMjQ5ODEyOjE2ODA3MDczMDg6c3BfYnRmOjIwMTE4ODQ3NzU1Njk4OjowOjo&url=%2FQuench-Botanics-Bravocado-Moisturizing-Primer%2Fdp%2FB0BV346MPW%2Fref%3Dsr_1_155_sspa%3Fkeywords%3DPrimer%26qid%3D1680707308%26sr%3D8-155-spons%26sp_csd%3Dd2lkZ2V0TmFtZT1zcF9idGY%26psc%3D1,,
"        SERY Perfect Finish Face Primer, Makeup Primer for Poreless, Smooth & Long Lasting Makeup - Waterproof Brightening Makeup Base, 30ml       ",Primer,SERY,All,https://www.amazon.in/sspa/click?ie=UTF8&spc=MTo1NTE4Mzc0MTAzMjQ5ODEyOjE2ODA3MDczMDg6c3BfYnRmOjIwMDMzODYzNDU1Mzk4OjowOjo&url=%2FSERY-Perfect-Finish-Poreless-Lasting%2Fdp%2FB09RSWKWZT%2Fref%3Dsr_1_156_sspa%3Fkeywords%3DPrimer%26qid%3D1680707308%26sr%3D8-156-spons%26sp_csd%3Dd2lkZ2V0TmFtZT1zcF9idGY%26psc%3D1,,
"        Indulgeo Essentials Rose Gold Beauty Oil, 15ml 24K Gold Infused Makeup Face Primer Lightweight-Elixir For Face, Lips, Neck Glow Serum for All Skin Types | Primer, 100% Organic       ",Primer,INDULGEO ESSENTIALS,Normal,https://www.amazon.in/sspa/click?ie=UTF8&spc=MTo3MzA1MjM3MTg4NTI5ODY5OjE2ODA3MDc1NDI6c3BfYXRmX25leHQ6MjAxMDk4NDM2Njc4OTg6OjA6Og&url=%2FIndulgeo-Essentials-Rose-Gold-Daily%2Fdp%2FB07FNFZLV3%2Fref%3Dsr_1_145_sspa%3Fkeywords%3DPrimer%26qid%3D1680707542%26sr%3D8-145-spons%26sp_csd%3Dd2lkZ2V0TmFtZT1zcF9hdGZfbmV4dA%26psc%3D1,,
        Imagic NOT SO BASIC killer primer       ,Primer,BANEVI,All,https://www.amazon.in/sspa/click?ie=UTF8&spc=MTo3MzA1MjM3MTg4NTI5ODY5OjE2ODA3MDc1NDI6c3BfYXRmX25leHQ6MjAxMjIxNjUxODM3OTg6OjA6Og&url=%2FImagic-NOT-BASIC-killer-primer%2Fdp%2FB0BVLTXJXQ%2Fref%3Dsr_1_146_sspa%3Fkeywords%3DPrimer%26qid%3D1680707542%26sr%3D8-146-spons%26sp_csd%3Dd2lkZ2V0TmFtZT1zcF9hdGZfbmV4dA%26psc%3D1,,
"        Salata Poreless Primer - Magically Fills in Enlarged Pores, Fine Lines and Wrinkles       ",Primer,Salata,All,https://www.amazon.in/sspa/click?ie=UTF8&spc=MTo3MzA1MjM3MTg4NTI5ODY5OjE2ODA3MDc1NDI6c3BfYXRmX25leHQ6MjAwOTU2NDIzODY5OTg6OjA6Og&url=%2FSalata-Poreless-Primer-Magically-Enlarged%2Fdp%2FB0BMXFYGX9%2Fref%3Dsr_1_147_sspa%3Fkeywords%3DPrimer%26qid%3D1680707542%26sr%3D8-147-spons%26sp_csd%3Dd2lkZ2V0TmFtZT1zcF9hdGZfbmV4dA%26psc%3D1,,
        MILAP Makeup Base Primer For Face | The Flawless Make up Face Primer | Oil Free Makeup Primer (30ml)       ,Primer,MILAP,Normal,https://www.amazon.in/sspa/click?ie=UTF8&spc=MTo3MzA1MjM3MTg4NTI5ODY5OjE2ODA3MDc1NDI6c3BfYXRmX25leHQ6MjAxMzYxNTY3MzM4OTg6OjA6Og&url=%2FMILAP-FLAWLESS-minimizer-Lasting-Suitable%2Fdp%2FB09QHV3J2C%2Fref%3Dsr_1_148_sspa%3Fkeywords%3DPrimer%26qid%3D1680707542%26sr%3D8-148-spons%26sp_csd%3Dd2lkZ2V0TmFtZT1zcF9hdGZfbmV4dA%26psc%3D1,,
"        Earth Rhythm Glow Set Go Multipurpose Strobe Cream Spf 50 PA++++ | Used As Moisturizer, Primer, Highlighter | Cocoa Butter, Vitamin E - Pearly Glow- 40ml       ",Primer,Earth Rhythm,All,https://www.amazon.in/Earth-Rhythm-Multipurpose-Moisturizer-Highlighter/dp/B0BTPT7D3C/ref=sr_1_149?keywords=Primer&qid=1680707542&sr=8-149,,
"        Makeup Revolution Pore Blur Primer, Pore Minimizer Cream, Makeup Primer With Vitamin E To Nourish Skin, 0.95fl.oz/28ml       ",Primer,Makeup Revolution,All,https://www.amazon.in/Makeup-Revolution-21299-Pore-Primer/dp/B07QR4YX6M/ref=sr_1_150_mod_primary_new?keywords=Primer&qid=1680707542&sbo=RZvfv%2F%2FHxDF%2BO5021pAnSA%3D%3D&sr=8-150,,
        HD Face Primer 37g (Pack of 2).       ,Primer,Generic,All,https://www.amazon.in/HD-Face-Primer-37g-Pack/dp/B0C18PVZ6G/ref=sr_1_151?keywords=Primer&qid=1680707542&sr=8-151,,
        Half n Half PHOTOFOCUS 100% Natural Finish MAKE-UP Face Primer (20ml).       ,Primer,Half N Half,All,https://www.amazon.in/Half-PHOTOFOCUS-Natural-Finish-MAKE-UP/dp/B0C1GXGZ15/ref=sr_1_152?keywords=Primer&qid=1680707542&sr=8-152,,
        Colorescience Even Up Clinical SPF 50 Pigment Perfector Primer       ,Primer,ColoreScience,All,https://www.amazon.in/Colorescience-Clinical-Pigment-Perfector-Primer/dp/B00U2RSGLQ/ref=sr_1_153?keywords=Primer&qid=1680707542&sr=8-153,,
        GEL TUBE PRIMER FOR MOST OILY SKIN Primer       ,Primer,DEVIL MONK,All,https://www.amazon.in/TUBE-PRIMER-MOST-OILY-Primer/dp/B0C16YJYK3/ref=sr_1_154?keywords=Primer&qid=1680707542&sr=8-154,,
"        Makeup Base Highlighting Primer, Face Makeup       ",Primer,DEVIL MONK,All,https://www.amazon.in/Makeup-Base-Highlighting-Primer-Face/dp/B0C16XN457/ref=sr_1_155?keywords=Primer&qid=1680707542&sr=8-155,,
"        CVB C15 24K Gold Gel Primer for Pores Minimization, Anti-Ageing Oil-Free & Fragrance-Free Makeup Base (Gold, 40ml)       ",Primer,CVB,All,https://www.amazon.in/CVB-Minimization-Anti-Ageing-Oil-Free-Fragrance-Free/dp/B08LGSJHBV/ref=sr_1_156?keywords=Primer&qid=1680707542&sr=8-156,,
"        Kiss Beauty 3 In 1 Oil Free Matte Face Primer Makeup Effect Long Lasting Primes , Protects & Moisturises Dry & Oily Skin Fair Skintone Women And adult Girls 30 ml       ",Primer,Kiss Beauty,Normal,https://www.amazon.in/Kiss-Beauty-Protects-Moisturises-Skintone/dp/B0BW1CGYWQ/ref=sr_1_157?keywords=Primer&qid=1680707542&sr=8-157,,
"        Miss Rose Primers, Beige, 30 ml       ",Primer,Miss Rose,All,https://www.amazon.in/Miss-Rose-Scratch-Foundation-Lasting/dp/B07ZSZ24GN/ref=sr_1_158?keywords=Primer&qid=1680707542&sr=8-158,,
        L'YON BEAUTY PRIMER       ,Primer,L'YON BEAUTY,All,https://www.amazon.in/LYON-BEAUTY-PRIMER/dp/B09LHC9Z6X/ref=sr_1_159?keywords=Primer&qid=1680707542&sr=8-159,,
        MALIAO GOLD PRIMER UP TO 24 HOURS MATTE FINISH OIL FREE MAGIC PERFECTING BASE       ,Primer,MALIAO,All,https://www.amazon.in/MALIAO-PRIMER-HOURS-FINISH-PERFECTING/dp/B0823VTSPV/ref=sr_1_160?keywords=Primer&qid=1680707542&sr=8-160,,
        Belora Paris Primer Naturelle - Non Comedogenic | Moisturizing Primer| Nourishing for All Skin Types| Vegan & Natural makeup base for long lasting makeup (transparent) I Paraben & Silicone free | Hyaluronic Acid moisture lock 24h       ,Primer,Belora,All,https://www.amazon.in/Belora-Paris-Primer-Naturelle-Comedogenic/dp/B08KSJB38L/ref=sr_1_161?keywords=Primer&qid=1680707542&sr=8-161,,
        MAKEUP SETTING SPRAY FIXER AND MATTE FINISHING FOUNDATION & GEL FACE PRIMER & 3D CONTOUR CONCEALER HIGHLIGHTER STICK & PUFF SOFT BLENDER       ,Primer,Generic,Normal,https://www.amazon.in/SETTING-FINISHING-FOUNDATION-CONCEALER-HIGHLIGHTER/dp/B0B65LWQFZ/ref=sr_1_162?keywords=Primer&qid=1680707542&sr=8-162,,
"        BE Blue-Heaven... Flawless Makeup Base Primer, 30g       ",Primer,Generic,All,https://www.amazon.in/Blue-Heaven-Flawless-Makeup-Base-Primer/dp/B09C2KVS5S/ref=sr_1_163?keywords=Primer&qid=1680707542&sr=8-163,,
"        CVB C14 Pearl Drop Primer Gel Base for All Skin Types, Oil-Free Cream for Long Lasting Make-up Base, 30 ml       ",Primer,CVB,"Acne Prone,Oily,Dry,All Skin Types",https://www.amazon.in/CVB-C14-Oil-Free-Lasting-Make-up/dp/B08L6M31TM/ref=sr_1_164?keywords=Primer&qid=1680707542&sr=8-164,,
        Oriflame make-up Pro Primer Glow Enhancer - 30 ml and multicolor hair/head band [ASSORTED] - COMBO       ,Primer,Oriflame,All,https://www.amazon.in/sspa/click?ie=UTF8&spc=MTo3MzA1MjM3MTg4NTI5ODY5OjE2ODA3MDc1NDI6c3BfbXRmOjIwMDQyNzM3ODgyOTk4OjowOjo&url=%2FOriflame-make-up-Primer-Glow-Enhancer%2Fdp%2FB09XXRH76J%2Fref%3Dsr_1_165_sspa%3Fkeywords%3DPrimer%26qid%3D1680707542%26sr%3D8-165-spons%26sp_csd%3Dd2lkZ2V0TmFtZT1zcF9tdGY%26psc%3D1,,
        Salata Hydrating Face Primer - Magically Refreshes Complexion Pre-Makeup with Powerful Boost of Hydration and Essential Vitamins.       ,Primer,Salata,All,https://www.amazon.in/sspa/click?ie=UTF8&spc=MTo3MzA1MjM3MTg4NTI5ODY5OjE2ODA3MDc1NDI6c3BfbXRmOjIwMDk1NjQyMzg3Mjk4OjowOjo&url=%2FSalata-Hydrating-Face-Primer-Complexion%2Fdp%2FB0BMW5MJL9%2Fref%3Dsr_1_166_sspa%3Fkeywords%3DPrimer%26qid%3D1680707542%26sr%3D8-166-spons%26sp_csd%3Dd2lkZ2V0TmFtZT1zcF9tdGY%26psc%3D1,,
"        IN5 Face Make Up Primer. Matte Finish, Long Lasting, Smooth Texture. With Almond Oil. Vegan (30 ml)       ",Primer,IN5,All,https://www.amazon.in/sspa/click?ie=UTF8&spc=MTo3MzA1MjM3MTg4NTI5ODY5OjE2ODA3MDc1NDI6c3BfbXRmOjIwMTA0OTcyNTk3MDk4OjowOjo&url=%2FIN5-Primer-Finish-Lasting-Texture%2Fdp%2FB09V7DHD6Z%2Fref%3Dsr_1_167_sspa%3Fkeywords%3DPrimer%26qid%3D1680707542%26sr%3D8-167-spons%26sp_csd%3Dd2lkZ2V0TmFtZT1zcF9tdGY%26psc%3D1,,
        YOVIEX Trending Fixer combo with Primer Foundation Luxury Primer Waterproof Fixer Combo (50ML) Primer & 150 ml (Color - White)       ,Primer,YOVIEX,All,https://www.amazon.in/sspa/click?ie=UTF8&spc=MTo3MzA1MjM3MTg4NTI5ODY5OjE2ODA3MDc1NDI6c3BfbXRmOjIwMDU4MDc5MjIwNzk4OjowOjo&url=%2FYOVIEX-Trending-Primer-Foundation-Waterproof%2Fdp%2FB09NDNC9TD%2Fref%3Dsr_1_168_sspa%3Fkeywords%3DPrimer%26qid%3D1680707542%26sr%3D8-168-spons%26sp_csd%3Dd2lkZ2V0TmFtZT1zcF9tdGY%26psc%3D1,,
        Coloressence Makeup Primer - 30 ml       ,Primer,Coloressence,All,https://www.amazon.in/Coloressence-Makeup-Primer-30-ml/dp/B08MXRTFLY/ref=sr_1_169?keywords=Primer&qid=1680707542&sr=8-169,,
        Chill Out Soothing Face Primer       ,Primer,Milani,All,https://www.amazon.in/Chill-Out-Soothing-Face-Primer/dp/B08SZKBX66/ref=sr_1_170?keywords=Primer&qid=1680707542&sr=8-170,,
"        COSLUXE IMAGIC PROfessional PORE ERASER PRIMER, VELVET SKIN COAT PRIMER & base 30ml       ",Primer,COSLUXE IMAGIC,All,https://www.amazon.in/Imagic-PROfessional-ERASER-PRIMER-VELVET/dp/B09QJLDZZF/ref=sr_1_171?keywords=Primer&qid=1680707542&sr=8-171,,
"        FLiCKA Get Set Go Primer for womens and Girls, (30ML) - Brand Outlet       ",Primer,FLiCKA,Combination,https://www.amazon.in/FLiCKA-Primer-womens-Girls-30ML/dp/B09BBDSW6N/ref=sr_1_172?keywords=Primer&qid=1680707542&sr=8-172,,
        Cosmac Professional Mattifying Face Gel Primer for all skin tone.       ,Primer,Cosmac,All,https://www.amazon.in/Cosmac-Professional-Infallible-Mattifying-Primer/dp/B08PQBK2KY/ref=sr_1_173?keywords=Primer&qid=1680707542&sr=8-173,,
        ORO MAC Peal Gel Prep Primer All Skin Base Visage Primer       ,Primer,OROMAC,All,https://www.amazon.in/Peal-Prep-Primer-Skin-Visage/dp/B09RHBGQLX/ref=sr_1_174?keywords=Primer&qid=1680707542&sr=8-174,,
        MyGlamm Tinted Perfection Brightening Banana Primer -27g- Banana | Yellow |Tinted Primer | Lightweight Formula       ,Primer,MyGlamm,All,https://www.amazon.in/MyGlamm-Tinted-Perfection-Brightening-Primer-Banana-27gm/dp/B095XNLNBB/ref=sr_1_175?keywords=Primer&qid=1680707542&sr=8-175,,
        FLENGO, MADE FOR YOU Make up Primer 3 IN 1Oil Free Primer       ,SKINCARE,FLENGO,FLENGO,210,https://www.amazon.in/FLENGO-MADE-YOU-Make-Primer/dp/B08W4G8H24/ref=sr_1_176?keywords=Primer&qid=1680707542&sr=8-176
        Rsentera combo set of Makeup fixer and primer makeup base - Set of 2       ,Primer,Rsentera,All,https://www.amazon.in/Rsentera-combo-Makeup-primer-makeup/dp/B092ST9WDQ/ref=sr_1_177?keywords=Primer&qid=1680707542&sr=8-177,,
        MYN Kamz MAKEUP BASE PRIMER WITH MAKEUP FIXER Primer - 150 ml (TRANSPARENT)       ,Primer,MYN,All,https://www.amazon.in/MYN-MAKEUP-PRIMER-FIXER-Primer/dp/B08X9Y9FQV/ref=sr_1_178?keywords=Primer&qid=1680707542&sr=8-178,,
"        Colorbar Perfect Match Primer Water, Calm It Down, 35 ml       ",Primer,Colorbar,Combination,https://www.amazon.in/Colorbar-Cosmetics-Perfect-Match-Primer/dp/B0841F9GQ2/ref=sr_1_179?keywords=Primer&qid=1680707542&sr=8-179,,
        BLUE HEAVEN Oil Free Long Lasting Studio Perfection Primer (32g) Primer - 32 g (Transparent)       ,Primer,Blue Heaven,All,https://www.amazon.in/HEAVEN-Lasting-Studio-Perfection-Primer/dp/B0B1M1D26K/ref=sr_1_180?keywords=Primer&qid=1680707542&sr=8-180,,
        MARS Long Lasting Makeup Fixer With Healthy Glow Face Primer - 90 ml (Transparent)       ,Primer,MARS,All,https://www.amazon.in/MARS-Lasting-Makeup-Healthy-Primer/dp/B09YNNPSBD/ref=sr_1_181?keywords=Primer&qid=1680707542&sr=8-181,,
"        Chambor Prep & Primer – Mattifying, Moisturizing Primer for Poreless Skin       ",Primer,CHAMBOR,All,https://www.amazon.in/Chambor-Prep-Primer-Mattifying-Moisturizing/dp/B0BH8YFTTB/ref=sr_1_182?keywords=Primer&qid=1680707542&sr=8-182,,
"        Colors Queen Oil Control | Oil Free Primer + Foundation | That Gives Natural and Brightening skin | Waterproof foundation Long Lasting, Provides Non Sticky and Matte Finish | Liquid Foundation For Oily Skin (Natural Ivory)       ",Primer,COLORS QUEEN,All,https://www.amazon.in/Colors-Queen-Primer-Foundation-02/dp/B096NRXNVH/ref=sr_1_183?keywords=Primer&qid=1680707542&sr=8-183,,
"        Maybelline Facestudio Master Prime Primer, Hydrate + Smooth, 1 fl. oz.       ",Primer,Maybelline,All,https://www.amazon.in/Maybelline-Facestudio-Master-Primer-Hydrate/dp/B074VFYCKD/ref=sr_1_184?keywords=Primer&qid=1680707542&sr=8-184,,
        FaceTech Professional Face Primer       ,Primer,FaceTech,All,https://www.amazon.in/Face-Tech-Professional-Primer/dp/B08WJH6YFW/ref=sr_1_185?keywords=Primer&qid=1680707542&sr=8-185,,
"        MAPPERZ Perfect Matte Face Makeup Base Primer Makeup Primer for Pore less, Smooth & Long Lasting Makeup Waterproof Makeup Base Gel Spray - 100 ml       ",Primer,MAPPERZ,All,https://www.amazon.in/MAPPERZ-Perfect-Makeup-Lasting-Waterproof/dp/B0B9SXX7W4/ref=sr_1_186?keywords=Primer&qid=1680707542&sr=8-186,,
        Random-mac Infallible Mattifying Base Primer       ,Primer,RANDOMMAC,Combination,https://www.amazon.in/Random-mac-Infallible-Mattifying-Base-Primer/dp/B0BS6HQS5M/ref=sr_1_188?keywords=Primer&qid=1680707542&sr=8-188,,
        Hilary Rhoda HD Primer 18 hours Long Lasting Waterproof Base Primer for Face Makeup Primer - 30 ml       ,Primer,Hilary Rhoda,Sensitive,https://www.amazon.in/Hilary-Rhoda-Primer-Lasting-Waterproof/dp/B0BXDD8QWV/ref=sr_1_189?keywords=Primer&qid=1680707542&sr=8-189,,
"        INCOLOR 24K Gold Long Lasting Waterproof Gel Primer/Oil Free Face Makeup Primer for Women, 30ml       ",Primer,INCOLOR,All,https://www.amazon.in/Incolor-Gold-Primer-30ml/dp/B075PSKM8R/ref=sr_1_190?keywords=Primer&qid=1680707542&sr=8-190,,
        Shryoan Illuminating Pro Expert Premium Face Primer 40g SH01       ,Primer,Shryoan,All,https://www.amazon.in/Shryoan-Illuminating-Expert-Premium-Primer/dp/B09HSC5RW7/ref=sr_1_191?keywords=Primer&qid=1680707542&sr=8-191,,
"        Matt look Zero Pores Hydrating Mattifying Gel Primer, (30ml)       ",Primer,MATT LOOK,Dry,https://www.amazon.in/Mattlook-Pores-Hydrating-Mattifying-Primer/dp/B08LDB678Z/ref=sr_1_192?keywords=Primer&qid=1680707542&sr=8-192,,
        Kiss Beauty 24 K Golden Edition Gel Face Primer Makeup Dry & Oily Skin Fair Skintone Women And adult Girls 30 ml       ,Primer,Kiss Beauty,Normal,https://www.amazon.in/Kiss-Beauty-Golden-Primer-Skintone/dp/B0BWVGFKZ6/ref=sr_1_193?keywords=Primer&qid=1680707542&sr=8-193,,
        Awiclo Makeup Primer ( pack of 3 )       ,Primer,Snatch,All,https://www.amazon.in/Awiclo-Makeup-Primer-pack-3/dp/B0BJJBBDH2/ref=sr_1_194?keywords=Primer&qid=1680707542&sr=8-194,,
"        Colorbar Perfect Match Primer Water, Quench Me, 35 ml       ",Primer,Colorbar,Combination,https://www.amazon.in/Colorbar-Cosmetics-Perfect-Primer-Quench/dp/B0841FF1SM/ref=sr_1_195?keywords=Primer&qid=1680707542&sr=8-195,,
        Face primer oil| makeup primer| Vitamin Enriched Non-Greasy Make up Base Facial Skin Oil - Control Primer gel | makeup blendable primer oil|Pore Minimizer Primer & Serum Acid to Instantly Hydrate       ,Primer,Belanto,All,https://www.amazon.in/primer-makeup-Vitamin-Enriched-Non-Greasy/dp/B0BTLVWGLJ/ref=sr_1_196?keywords=Primer&qid=1680707542&sr=8-196,,
        Vozwa Long Lasting Makeup Face Primer Oil Free Smooth Silky       ,Primer,Vozwa,Normal,https://www.amazon.in/Vozwa-Lasting-Makeup-Primer-Smooth/dp/B0BJLCHV2T/ref=sr_1_197?keywords=Primer&qid=1680707542&sr=8-197,,
        Devriz Best organic Primer For women Long lasting & pore Minimizer       ,Primer,DEVRIZ PROFESSIONAL,"All, Oily, Sensitive, Dry, Normal",https://www.amazon.in/dp/B0C1JJ3G2M/ref=sr_1_198?keywords=Primer&qid=1680707542&sr=8-198,,
        Devriz Matte Finish Formula to keep Makeup long Lasting primer       ,Primer,DEVRIZ PROFESSIONAL,"All, Oily, Sensitive, Dry, Normal",https://www.amazon.in/dp/B0C1JHSN4J/ref=sr_1_199?keywords=Primer&qid=1680707542&sr=8-199,,
"        Devriz Natural Glow, Transparent, Flawless Finish Face Primer       ",Primer,DEVRIZ PROFESSIONAL,"All, Oily, Sensitive, Dry, Normal",https://www.amazon.in/dp/B0C1JHQ582/ref=sr_1_200?keywords=Primer&qid=1680707542&sr=8-200,,
        Salata Mineral Infused Primer - Infused with MAGICAL Skin-Loving Minerals       ,Primer,Salata,All,https://www.amazon.in/sspa/click?ie=UTF8&spc=MTo3MzA1MjM3MTg4NTI5ODY5OjE2ODA3MDc1NDI6c3BfYnRmOjIwMDk1NjQyMzg3MDk4OjowOjo&url=%2FSalata-Mineral-Infused-Primer-Skin-Loving%2Fdp%2FB0BMXG649K%2Fref%3Dsr_1_201_sspa%3Fkeywords%3DPrimer%26qid%3D1680707542%26sr%3D8-201-spons%26sp_csd%3Dd2lkZ2V0TmFtZT1zcF9idGY%26psc%3D1,,
"        Lyon Beauty Real Makeup Base Highlighting Primer, Face Makeup, Shade-03, Golden Tint       ",Primer,Generic,All,https://www.amazon.in/sspa/click?ie=UTF8&spc=MTo3MzA1MjM3MTg4NTI5ODY5OjE2ODA3MDc1NDI6c3BfYnRmOjIwMTMyMzA2NDcyMzk4OjowOjo&url=%2FBeauty-Makeup-Highlighting-Primer-Shade-03%2Fdp%2FB08XB4K2RH%2Fref%3Dsr_1_202_sspa%3Fkeywords%3DPrimer%26qid%3D1680707542%26sr%3D8-202-spons%26sp_csd%3Dd2lkZ2V0TmFtZT1zcF9idGY%26psc%3D1,,
"        Salata Tone Adjusting Purple Primer - Designed MAGICALLY to reduce the Appearance of Redness, blotchiness and create flawless and even complexion.       ",Primer,Salata,All,https://www.amazon.in/sspa/click?ie=UTF8&spc=MTo3MzA1MjM3MTg4NTI5ODY5OjE2ODA3MDc1NDI6c3BfYnRmOjIwMDk1NjQyMzg2ODk4OjowOjo&url=%2FSalata-Tone-Adjusting-Purple-Primer%2Fdp%2FB0BMXJQY1G%2Fref%3Dsr_1_203_sspa%3Fkeywords%3DPrimer%26qid%3D1680707542%26sr%3D8-203-spons%26sp_csd%3Dd2lkZ2V0TmFtZT1zcF9idGY%26psc%3D1,,
"        AURIC BEAUTY PRODUCTS PRIVATE LIMITED Healthy Glow Makeup Base | Instant Glow Formula, Moisturizing, Longlasting, Flawlessly Radiant, Lightweight | Transparent, 28 g       ",Primer,AURIC BEAUTY PRODUCTS PRIVATE LIMITED,All,https://www.amazon.in/sspa/click?ie=UTF8&spc=MTo3MzA1MjM3MTg4NTI5ODY5OjE2ODA3MDc1NDI6c3BfYnRmOjIwMDMxOTc5NjQxNjk4OjowOjo&url=%2FAuric-HealthyGlow-Makeup-Base-28%2Fdp%2FB08G1CH84V%2Fref%3Dsr_1_204_sspa%3Fkeywords%3DPrimer%26qid%3D1680707542%26sr%3D8-204-spons%26sp_csd%3Dd2lkZ2V0TmFtZT1zcF9idGY%26psc%3D1,,
        YOVIEX Trending Fixer combo with Primer Foundation Luxury Primer Waterproof Fixer Combo (50ML) Primer & 150 ml (Colour - White)       ,Primer,YOVIEX,All,https://www.amazon.in/sspa/click?ie=UTF8&spc=MToyNTc1Mjg3ODM0OTA5OTQxOjE2ODA3MDc3NzI6c3BfYXRmX25leHQ6MjAwNTgwNzkyMjA4OTg6OjA6Og&url=%2FYOVIEX-Trending-Primer-Foundation-Waterproof%2Fdp%2FB09NDNJ8M3%2Fref%3Dsr_1_193_sspa%3Fkeywords%3DPrimer%26qid%3D1680707772%26sr%3D8-193-spons%26sp_csd%3Dd2lkZ2V0TmFtZT1zcF9hdGZfbmV4dA%26psc%3D1,,
        Oriflame make-up Pro Primer Glow Enhancer - 30 ml and head band for girls/women - combo       ,Primer,Oriflame,All,https://www.amazon.in/sspa/click?ie=UTF8&spc=MToyNTc1Mjg3ODM0OTA5OTQxOjE2ODA3MDc3NzI6c3BfYXRmX25leHQ6MjAwNDI3Mzc4ODI4OTg6OjA6Og&url=%2FOriflame-make-up-Primer-Glow-Enhancer%2Fdp%2FB09XXR81X7%2Fref%3Dsr_1_194_sspa%3Fkeywords%3DPrimer%26qid%3D1680707772%26sr%3D8-194-spons%26sp_csd%3Dd2lkZ2V0TmFtZT1zcF9hdGZfbmV4dA%26psc%3D1%26smid%3DA3LL1ZM7MNZ4QW,,
"        Salata Face Make-up Lockin Base -Quickly minimize the appearance of pores & fine lines for smoother-than-smooth skin! Apply this silky, lightweight cream alone, under or over make-up (Hydrating)       ",Primer,Salata,All,https://www.amazon.in/sspa/click?ie=UTF8&spc=MToyNTc1Mjg3ODM0OTA5OTQxOjE2ODA3MDc3NzI6c3BfYXRmX25leHQ6MjAwMjk5ODczMjc0OTg6OjA6Og&url=%2FQuickly-appearance-smoother-than-smooth-lightweight-Hydrating%2Fdp%2FB09R4Z7RL3%2Fref%3Dsr_1_195_sspa%3Fkeywords%3DPrimer%26qid%3D1680707772%26sr%3D8-195-spons%26sp_csd%3Dd2lkZ2V0TmFtZT1zcF9hdGZfbmV4dA%26psc%3D1,,
"        COSLIFESTORE-UV LAMP DRY- GLOSS TOP COAT + BASE COAT + PRIMER PACK OF 3- 15 ML EACH, TOTAL 45 ML       ",Primer,Coslifestore,All,https://www.amazon.in/sspa/click?ie=UTF8&spc=MToyNTc1Mjg3ODM0OTA5OTQxOjE2ODA3MDc3NzI6c3BfYXRmX25leHQ6MjAwNTgzNzcwOTUwOTg6OjA6Og&url=%2FCOSLIFESTORE-UV-LAMP-GLOSS-PRIMER-TOTAL%2Fdp%2FB09HMSMDY9%2Fref%3Dsr_1_196_sspa%3Fkeywords%3DPrimer%26qid%3D1680707772%26sr%3D8-196-spons%26sp_csd%3Dd2lkZ2V0TmFtZT1zcF9hdGZfbmV4dA%26psc%3D1,,
"        Matt look Zero Pores Hydrating Mattifying Gel Primer, (30ml)       ",Primer,MATT LOOK,Dry,https://www.amazon.in/Mattlook-Pores-Hydrating-Mattifying-Primer/dp/B08LDB678Z/ref=sr_1_197?keywords=Primer&qid=1680707772&sr=8-197,,
        Kiss Beauty 24 K Golden Edition Gel Face Primer Makeup Dry & Oily Skin Fair Skintone Women And adult Girls 30 ml       ,Primer,Kiss Beauty,Normal,https://www.amazon.in/Kiss-Beauty-Golden-Primer-Skintone/dp/B0BWVGFKZ6/ref=sr_1_198?keywords=Primer&qid=1680707772&sr=8-198,,
        Awiclo Makeup Primer ( pack of 3 )       ,Primer,Snatch,All,https://www.amazon.in/Awiclo-Makeup-Primer-pack-3/dp/B0BJJBBDH2/ref=sr_1_199?keywords=Primer&qid=1680707772&sr=8-199,,
"        Colorbar Perfect Match Primer Water, Quench Me, 35 ml       ",Primer,Colorbar,Combination,https://www.amazon.in/Colorbar-Cosmetics-Perfect-Primer-Quench/dp/B0841FF1SM/ref=sr_1_200?keywords=Primer&qid=1680707772&sr=8-200,,
        Plethora Fancy Beauty Makeup Finish Spray Cosmo Combo Of Primer Fixer Concealer And Puff  (4 Items In The Set)       ,Primer,Plethora,All,https://www.amazon.in/Plethora-Beauty-Makeup-Finish-Concealer/dp/B0B6G3R4TB/ref=sr_1_201?keywords=Primer&qid=1680707772&sr=8-201,,
        Face primer oil| makeup primer| Vitamin Enriched Non-Greasy Make up Base Facial Skin Oil - Control Primer gel | makeup blendable primer oil|Pore Minimizer Primer & Serum Acid to Instantly Hydrate       ,Primer,Belanto,All,https://www.amazon.in/primer-makeup-Vitamin-Enriched-Non-Greasy/dp/B0BTLVWGLJ/ref=sr_1_202?keywords=Primer&qid=1680707772&sr=8-202,,
        Vozwa Long Lasting Makeup Face Primer Oil Free Smooth Silky       ,Primer,Vozwa,Normal,https://www.amazon.in/Vozwa-Lasting-Makeup-Primer-Smooth/dp/B0BJLCHV2T/ref=sr_1_203?keywords=Primer&qid=1680707772&sr=8-203,,
        Ramble® 3 in 1 Face Primer | Oil Free Primer | Long Lasting Highlighter Primer - 30 ml       ,Primer,RAMBLE,All,https://www.amazon.in/Ramble%C2%AE-Face-Primer-Lasting-Highlighter/dp/B0BLC1549V/ref=sr_1_204?keywords=Primer&qid=1680707772&sr=8-204,,
        Devriz Best organic Primer For women Long lasting & pore Minimizer       ,Primer,DEVRIZ PROFESSIONAL,"All, Oily, Sensitive, Dry, Normal",https://www.amazon.in/dp/B0C1JJ3G2M/ref=sr_1_205?keywords=Primer&qid=1680707772&sr=8-205,,
        Devriz Matte Finish Formula to keep Makeup long Lasting primer       ,Primer,DEVRIZ PROFESSIONAL,"All, Oily, Sensitive, Dry, Normal",https://www.amazon.in/dp/B0C1JHSN4J/ref=sr_1_206?keywords=Primer&qid=1680707772&sr=8-206,,
"        Devriz Natural Glow, Transparent, Flawless Finish Face Primer       ",Primer,DEVRIZ PROFESSIONAL,"All, Oily, Sensitive, Dry, Normal",https://www.amazon.in/dp/B0C1JHQ582/ref=sr_1_207?keywords=Primer&qid=1680707772&sr=8-207,,
"        Devriz Organic Primer for Oily, Dry, Combination Skin| For Women       ",Primer,DEVRIZ PROFESSIONAL,"All, Oily, Sensitive, Dry, Normal",https://www.amazon.in/dp/B0C1JHGQZZ/ref=sr_1_208?keywords=Primer&qid=1680707772&sr=8-208,,
        Devriz Long Lasting Smooth Finish Makeup primer for oily Skin       ,Primer,DEVRIZ PROFESSIONAL,"All, Oily, Sensitive, Dry, Normal",https://www.amazon.in/dp/B0C1JHFN9V/ref=sr_1_209?keywords=Primer&qid=1680707772&sr=8-209,,
"        Devriz Pore Minimizer, Long Lasting Smooth Finish makeup primer       ",Primer,DEVRIZ PROFESSIONAL,"All, Oily, Sensitive, Dry, Normal",https://www.amazon.in/dp/B0C1JHF5FB/ref=sr_1_210?keywords=Primer&qid=1680707772&sr=8-210,,
"        Devriz Face primer For women, Oily Dry Combination Skin Types       ",Primer,DEVRIZ PROFESSIONAL,"All, Oily, Sensitive, Dry, Normal",https://www.amazon.in/dp/B0C1JH7ZM5/ref=sr_1_211?keywords=Primer&qid=1680707772&sr=8-211,,
"        Devriz Perfect Matte Face Primer For Normal oily, Dry and Combination Skin       ",Primer,DEVRIZ PROFESSIONAL,"All, Oily, Sensitive, Dry, Normal",https://www.amazon.in/dp/B0C1JH3SQ8/ref=sr_1_212?keywords=Primer&qid=1680707772&sr=8-212,,
        Salata illuminating Face Makeup Primer MAGICAL Silky Luminous Glow- Fills in Fine Lines - Refines Complexion       ,Primer,Salata,All,https://www.amazon.in/sspa/click?ie=UTF8&spc=MToyNTc1Mjg3ODM0OTA5OTQxOjE2ODA3MDc3NzI6c3BfbXRmOjIwMDk1NjQyMzg3MTk4OjowOjo&url=%2FSalata-illuminating-Makeup-MAGICAL-Luminous%2Fdp%2FB0BMXGMWZS%2Fref%3Dsr_1_213_sspa%3Fkeywords%3DPrimer%26qid%3D1680707772%26sr%3D8-213-spons%26sp_csd%3Dd2lkZ2V0TmFtZT1zcF9tdGY%26psc%3D1,,
        Lambre Supreme Primer       ,Primer,LAMBRE,All,https://www.amazon.in/sspa/click?ie=UTF8&spc=MToyNTc1Mjg3ODM0OTA5OTQxOjE2ODA3MDc3NzI6c3BfbXRmOjIwMDkzNjgyNTY5Mjk4OjowOjo&url=%2FLAMBRE-Lambre-Supreme-Primer%2Fdp%2FB0BM4K9C3V%2Fref%3Dsr_1_214_sspa%3Fkeywords%3DPrimer%26qid%3D1680707772%26sr%3D8-214-spons%26sp_csd%3Dd2lkZ2V0TmFtZT1zcF9tdGY%26psc%3D1,,
"        Devriz Long Lasting Makeup Primer oily, Dry and Combination Skin       ",Primer,DEVRIZ PROFESSIONAL,"All, Oily, Sensitive, Dry, Normal",https://www.amazon.in/dp/B0C1JGXT43/ref=sr_1_215?keywords=Primer&qid=1680707772&sr=8-215,,
        Devriz Flawless Makeup Base Primer For Women       ,Primer,DEVRIZ PROFESSIONAL,"All, Oily, Sensitive, Dry, Normal",https://www.amazon.in/dp/B0C1JGBZ38/ref=sr_1_216?keywords=Primer&qid=1680707772&sr=8-216,,
"        Devriz Matte Finish primer for oily, dry, combination skin types       ",Primer,DEVRIZ PROFESSIONAL,"All, Oily, Sensitive, Dry, Normal",https://www.amazon.in/dp/B0C1JFYR31/ref=sr_1_217?keywords=Primer&qid=1680707772&sr=8-217,,
"        Makeup Revolution Super matte Primer, Transparent       ",Primer,Makeup Revolution,All,https://www.amazon.in/Makeup-Revolution-Super-Primer-Transparent/dp/B095J1SZ91/ref=sr_1_218?keywords=Primer&qid=1680707772&sr=8-218,,
"        Face Up Lip Primer, 6 ml       ",Primer,FACE UP,Dry,https://www.amazon.in/FACE-UP-lip-primer-Primer/dp/B08V92D4B8/ref=sr_1_219?keywords=Primer&qid=1680707772&sr=8-219,,
"        Revolution PRO Blur Stick Bright, Pore Blurring Primer, Brightening Face Primer, 30g       ",Primer,Revolution Pro,All,https://www.amazon.in/Revolution-Blur-Stick-Bright-Primer/dp/B09XFCGWL9/ref=sr_1_220_mod_primary_new?keywords=Primer&qid=1680707772&sbo=RZvfv%2F%2FHxDF%2BO5021pAnSA%3D%3D&sr=8-220,,
        daily life forever 52 PIGMENT PRIMER Primer - 10 ml (Beige) (10)       ,Primer,Daily life FOREVER52,All,https://www.amazon.in/life-forever-PIGMENT-PRIMER-Primer/dp/B0BL7KNXRW/ref=sr_1_221?keywords=Primer&qid=1680707772&sr=8-221,,
        Colorbar XOXO Everlasting Primer - 30 ml       ,Primer,Colorbar,All,https://www.amazon.in/Colorbar-XOXO-Everlasting-Primer-30/dp/B0BQRLGSNL/ref=sr_1_222?keywords=Primer&qid=1680707772&sr=8-222,,
        The Matte Fixer Face Primer Spray Primer       ,Primer,Generic,All,https://www.amazon.in/Matte-Fixer-Face-Primer-Spray/dp/B0BZWPZ9GH/ref=sr_1_223?keywords=Primer&qid=1680707772&sr=8-223,,
        Long Lasting Makeup Fixer Natural water proof primer spray Primer       ,Primer,Generic,All,https://www.amazon.in/Lasting-Makeup-Natural-primer-Primer/dp/B0BZWBBZ2G/ref=sr_1_224?keywords=Primer&qid=1680707772&sr=8-224,,
        The Matte Fixer Face Primer Spray Primer       ,Primer,Generic,All,https://www.amazon.in/Matte-Fixer-Face-Primer-Spray/dp/B0BZVB3M9J/ref=sr_1_225?keywords=Primer&qid=1680707772&sr=8-225,,
"        Revlon Youth FX Fill + Blur Primer for Forehead, 0.5 Fluid Ounce       ",Primer,REVLON,All,https://www.amazon.in/Revlon-Youth-Primer-Forehead-Fluid/dp/B071CJL6B2/ref=sr_1_226?keywords=Primer&qid=1680707772&sr=8-226,,
        Rsentera combo set of Makeup fixer and primer makeup base - Set of 2       ,Primer,Rsentera,All,https://www.amazon.in/Rsentera-combo-Makeup-primer-makeup/dp/B092ST9WDQ/ref=sr_1_227?keywords=Primer&qid=1680707772&sr=8-227,,
        Kamz Beauty New Most Beautiful Trending Fixer combo with Primer Foundation Luxury Primer - 150 ml (Transparent)       ,Primer,Kamz,All,https://www.amazon.in/Kamz-Beauty-Beautiful-Trending-Foundation/dp/B09BFFYB8J/ref=sr_1_228?keywords=Primer&qid=1680707772&sr=8-228,,
        MILAP Makeup Base Primer For Face | The Flawless Make up Face Primer | Oil Free Makeup Primer (30ml)       ,Primer,MILAP,Normal,https://www.amazon.in/MILAP-FLAWLESS-minimizer-Lasting-Suitable/dp/B09QHV3J2C/ref=sr_1_229?keywords=Primer&qid=1680707772&sr=8-229,,
        Belora Paris Primer Naturelle - Non Comedogenic | Moisturizing Primer| Nourishing for All Skin Types| Vegan & Natural makeup base for long lasting makeup (transparent) I Paraben & Silicone free | Hyaluronic Acid moisture lock 24h       ,Primer,Belora,All,https://www.amazon.in/Belora-Paris-Primer-Naturelle-Comedogenic/dp/B08KSJB38L/ref=sr_1_230?keywords=Primer&qid=1680707772&sr=8-230,,
        Maliao 24K Gold Gel Matte Finish Oil Free Primer (30 ml)       ,Primer,Maliao,All,https://www.amazon.in/Maliao-Gold-Matte-Finish-Primer/dp/B09Y287WF4/ref=sr_1_231?keywords=Primer&qid=1680707772&sr=8-231,,
"        RETRIX Professional's Face Makeup - Primer, Fixer, Contour Balm, Luxury Foundation Combo set       ",Primer,RETRIX,All,https://www.amazon.in/RETRIX-Professionals-Face-Makeup-Foundation/dp/B0BPXN889W/ref=sr_1_232?keywords=Primer&qid=1680707772&sr=8-232,,
        Milani Skin Quench Hydrating Face Primer (MIL0457026)       ,Primer,Milani,All,https://www.amazon.in/Milani-Quench-Hydrating-Primer-MIL0457026/dp/B08SYYNMC8/ref=sr_1_233?keywords=Primer&qid=1680707772&sr=8-233,,
        Me-On 24K Gold Face Primer       ,Primer,ME-ON,All,https://www.amazon.in/Me-On-24K-Gold-Face-Primer/dp/B07DQJ53ZS/ref=sr_1_234?keywords=Primer&qid=1680707772&sr=8-234,,
"        Clinique Super Primer Face Primer Color Corrects Redness for Women, 1 Ounce       ",Primer,Clinique,All,https://www.amazon.in/Clinique-Superprimer-Primer-shade-Redness/dp/B00EKIPHKQ/ref=sr_1_235?keywords=Primer&qid=1680707772&sr=8-235,,
        Kumaara Luminescent Primer 1 Fl. Oz.       ,Primer,Kumaara,All,https://www.amazon.in/Kumaara-Luminescent-Primer-Fl-Oz/dp/B006ZMF8QS/ref=sr_1_236?keywords=Primer&qid=1680707772&sr=8-236,,
"        HairPrime Scalp Primer, 2 oz [Health and Beauty] by Hair Prime       ",Primer,Hair,All,https://www.amazon.in/HairPrime-Primer-Health-Beauty-Hair/dp/B00062DF04/ref=sr_1_237?keywords=Primer&qid=1680707772&sr=8-237,,
"        Embryolisse Face Cream and Makeup Primer, White, 30 ml, standard (EMB-000394)       ",Primer,Embryolisse,Combination,https://www.amazon.in/Embryolisse-Concentrated-Miracle-Cream-Fluid/dp/B004KELK4C/ref=sr_1_238?keywords=Primer&qid=1680707772&sr=8-238,,
"        CLAMY Master Prime Hydrating Primer for 16hr Long Lasting Smooth Makeup, All Types Skin- 30 g       ",Primer,Clamy,All,https://www.amazon.in/Master-Hydrating-Primer-Lasting-Smooth/dp/B09J2WMP8H/ref=sr_1_239?keywords=Primer&qid=1680707772&sr=8-239,,
"        Quench Botanics Yuzu Fine Brightening Primer | Korean Skin care, Hydrate, Smoothen and Brighten, 30ml       ",Primer,QUENCH BOTANICS,Normal,https://www.amazon.in/Botanics-Brightening-Hydrate-Smoothen-Brighten/dp/B0BV33KWKZ/ref=sr_1_240?keywords=Primer&qid=1680707772&sr=8-240,,
        Red Ballons Green Tea Foundation Illumination Waterproof Primer Make Up Base (pack of 1) Primer - 50 ml (GREEN)       ,Primer,Red Ballons,Acne Prone,https://www.amazon.in/Red-Ballons-Foundation-Illumination-Waterproof/dp/B08QRDYZFJ/ref=sr_1_241?keywords=Primer&qid=1680707772&sr=8-241,,
        Professional Infallible Mattifying Face Gel Primer Waterproof Primer       ,Primer,Amosfia,All,https://www.amazon.in/Professional-Infallible-Mattifying-Primer-Waterproof/dp/B0BTVZRHFH/ref=sr_1_242?keywords=Primer&qid=1680707772&sr=8-242,,
"        MAKEUP FIXER ,FOUNDATION, PRIMER ,36H EYE LINER       ",Primer,Generic,All,https://www.amazon.in/MAKEUP-FIXER-FOUNDATION-PRIMER-LINER/dp/B0B1XZXMMG/ref=sr_1_243?keywords=Primer&qid=1680707772&sr=8-243,,
"        O Two O Professional 24K Rose Gold HYDRATING FACE PRIMER, Makeup Primer, FACE MAKEUP, 20ml       ",Primer,COSLUXE,All,https://www.amazon.in/Professional-HYDRATING-PRIMER-Makeup-Primer/dp/B0B6BGFHYY/ref=sr_1_244?keywords=Primer&qid=1680707772&sr=8-244,,
        Perfect Makeup Keep Mist Primer       ,Primer,DEVIL MONK,All,https://www.amazon.in/Perfect-Makeup-Keep-Mist-Primer/dp/B0C16ZCLJ6/ref=sr_1_245?keywords=Primer&qid=1680707772&sr=8-245,,
        New Pack Beauty Makeup Primer       ,Primer,DEVIL MONK,All,https://www.amazon.in/New-Pack-Beauty-Makeup-Primer/dp/B0C16Z12SW/ref=sr_1_246?keywords=Primer&qid=1680707772&sr=8-246,,
        Ayuga Chandanam & Rose Water Face Mist - Hydrating and Refreshing Facial Toner | Balances Skin's pH | Makeup Setting Spray | No Alcohol & Artificial Fragrance | For Skin Brightening | 100ml       ,Facial sprays,Ayuga,All,https://www.amazon.in/sspa/click?ie=UTF8&spc=MTo3Nzc0NTExOTMyNzI0NDoxNjgwNzA3OTY3OnNwX2F0ZjoyMDA1NTk3NzI2MTU5ODo6MDo6&url=%2FAyuga-Chandanam-Rose-Water-Face%2Fdp%2FB0B38QJ8DM%2Fref%3Dsr_1_1_sspa%3Fkeywords%3DFacial%2Bsprays%26qid%3D1680707967%26sr%3D8-1-spons%26sp_csd%3Dd2lkZ2V0TmFtZT1zcF9hdGY%26psc%3D1,,
"        Just Herbs Ayurvedic Gulab Jal/Rose Water Spray Facial Mist Toner For Glowing Skin, Pores Minimising - Men & Women 100ml       ",Facial sprays,Just Herbs,All,https://www.amazon.in/sspa/click?ie=UTF8&spc=MTo3Nzc0NTExOTMyNzI0NDoxNjgwNzA3OTY3OnNwX2F0ZjoyMDA0NjgyNzY5NjIwNDo6MDo6&url=%2FJust-Herbs-Steam-Distilled-Facial%2Fdp%2FB07C8C3424%2Fref%3Dsr_1_2_sspa%3Fkeywords%3DFacial%2Bsprays%26qid%3D1680707967%26sr%3D8-2-spons%26sp_csd%3Dd2lkZ2V0TmFtZT1zcF9hdGY%26psc%3D1,,
        Kama Ayurveda Pure Rose Water       ,Facial sprays,Kama Ayurveda,All,https://www.amazon.in/sspa/click?ie=UTF8&spc=MTo3Nzc0NTExOTMyNzI0NDoxNjgwNzA3OTY3OnNwX2F0ZjoyMDA3MDkwMzU2NTg5ODo6MDo6&url=%2FKama-Ayurveda-Pure-Water-200ml%2Fdp%2FB007UPKK3U%2Fref%3Dsr_1_3_sspa%3Fkeywords%3DFacial%2Bsprays%26qid%3D1680707967%26sr%3D8-3-spons%26sp_csd%3Dd2lkZ2V0TmFtZT1zcF9hdGY%26psc%3D1,,
"        Evian Natural Mineral Water Facial Spray Trio, 50 ml Travel Size (3 PACk)       ",Facial sprays,Evian facial spray,All,https://www.amazon.in/evian-facial-spray-Natural-Mineral/dp/B000ULD9XE/ref=sr_1_5?keywords=Facial+sprays&qid=1680707967&sr=8-5,,
"        Just Herbs Ayurvedic Gulab Jal/Rose Water Spray Facial Mist Toner For Glowing Skin, Pores Minimising - Men & Women 100ml       ",Facial sprays,Just Herbs,All,https://www.amazon.in/Just-Herbs-Steam-Distilled-Facial/dp/B07C8C3424/ref=sr_1_6?keywords=Facial+sprays&qid=1680707967&sr=8-6,,
        Ayuga Chandanam & Rose Water Face Mist - Hydrating and Refreshing Facial Toner | Balances Skin's pH | Makeup Setting Spray | No Alcohol & Artificial Fragrance | For Skin Brightening | 100ml       ,Facial sprays,Ayuga,All,https://www.amazon.in/Ayuga-Chandanam-Rose-Water-Face/dp/B0B38QJ8DM/ref=sr_1_7?keywords=Facial+sprays&qid=1680707967&sr=8-7,,
        Forest Essentials Facial Tonic Mist Pure Rosewater|Fresh & Fragrant|Hydrates|Unisex Toner Spray For Face       ,Facial sprays,Forest Essentials,All,https://www.amazon.in/Forest-Essentials-Facial-Tonic-Rosewater/dp/B097HHJZP9/ref=sr_1_8?keywords=Facial+sprays&qid=1680707967&sr=8-8,,
        Mellow Herbals Rose Water/Gulab Jal Spray Facial Mist Toner (200ML) | Natural Mist Toner for Refreshing Skin | Hydration & Revitalizing for All Skin Types | Removes Excess Oil & Dirt | Acne Control       ,Facial sprays,Mellow,All,https://www.amazon.in/Herbals-Ayurvedic-hydrated-refreshes-Cleansing/dp/B08VPVK51K/ref=sr_1_9?keywords=Facial+sprays&qid=1680707967&sr=8-9,,
        Lakme 9 to 5 Vit C+ Facial Mist 100ml       ,Facial sprays,LAKMÉ,Combination,https://www.amazon.in/Lakme-Vit-Facial-Mist-100ml/dp/B0BC9176FM/ref=sr_1_10?keywords=Facial+sprays&qid=1680707967&sr=8-10,,
"        Plum Green Tea Revitalizing Face Mist | Normal, Oily, Acne-Prone, Combination Skin | Make-up Setting Spray | Green Tea | Aloe Vera | 100% Vegan | Phthalate Free | Paraben Free | 100ml       ",Facial sprays,Plum,Oily,https://www.amazon.in/Plum-Green-Revitalizing-Face-100ml/dp/B07C229HS1/ref=sr_1_11?keywords=Facial+sprays&qid=1680707967&sr=8-11,,
        Forest Essentials Facial Tonic Mist Pure Rosewater|Fresh & Fragrant|Hydrates|Unisex Toner Spray For Face|50ml       ,Facial sprays,Forest Essentials,All,https://www.amazon.in/Forest-Essentials-Rosewater-Fragrant-Hydrates/dp/B09ZVGH8MG/ref=sr_1_12?keywords=Facial+sprays&qid=1680707967&sr=8-12,,
        The Moms Co. Natural Hydrating Face Mist| With Hyaluronic acid for Instant Hydration & Moisturization| Face Mist Spray 100 ml       ,Facial sprays,The Moms Co,All,https://www.amazon.in/Moms-Hydrating-Hyaluronic-Hydration-Moisturization/dp/B09V7XR3KH/ref=sr_1_13?keywords=Facial+sprays&qid=1680707967&sr=8-13,,
        NEUD Green Tea Facial Mist Spray for Dehydrated & Irritated Skin - 1 Pack (100 ml)       ,Facial sprays,NEUD Xpose Yourself,All,https://www.amazon.in/NEUD-Green-Facial-Dehydrated-Irritated/dp/B09TR2YZH8/ref=sr_1_14?keywords=Facial+sprays&qid=1680707967&sr=8-14,,
        NEUD Rose Water Facial Mist Spray for Refreshed and Toned Skin - 1 Pack (100 ml)       ,Facial sprays,NEUD Xpose Yourself,All,https://www.amazon.in/NEUD-Rose-Water-Facial-Spray/dp/B09TSWZLHS/ref=sr_1_15?keywords=Facial+sprays&qid=1680707967&sr=8-15,,
"        SARVA 100% Pure Natural Peppermint Face Mist Astringent Floral Water Spray For Skin Soothing, Face, Facial Toner with Fresh Aroma All Sin Type (100 ml)       ",Facial sprays,SARVA by Anadi,"All Skin, Oily, Combination, Sensitive, Dry, Normal",https://www.amazon.in/SARVA-Natural-Peppermint-Astringent-Soothing/dp/B09YDB97M8/ref=sr_1_16?keywords=Facial+sprays&qid=1680707967&sr=8-16,,
        Mario Badescu Facial Spray with Aloe Herbs and Rosewater       ,Facial sprays,Mario Badescu,"Dry,All Skin Types",https://www.amazon.in/Mario-Badescu-Facial-Spray-Rosewater/dp/B00172O9NO/ref=sr_1_17?keywords=Facial+sprays&qid=1680707967&sr=8-17,,
"        Repechage Algo Mist Hydrating Seaweed Facial Spray Anti Aging Moisturizing Face Mist for Men, Women (180 ml)       ",Facial sprays,Repechage,All,https://www.amazon.in/Repechage-Algo-Mist-177-ml/dp/B00T4C5RT4/ref=sr_1_18?keywords=Facial+sprays&qid=1680707967&sr=8-18,,
"        Khadi Omorose Aloe Vera, Mint and Cucumber Facial Spray, 100 Ml       ",Facial sprays,KHADI Omorose,All,https://www.amazon.in/Omorose-Cucumber-Facial-Ultimate-Hydration/dp/B07TVTJJ52/ref=sr_1_19?keywords=Facial+sprays&qid=1680707967&sr=8-19,,
"        Garnier SkinActive Facial Mist Spray with Rose Water, 4.4 fl. oz.       ",Facial sprays,Garnier,All,https://www.amazon.in/Garnier-SkinActive-Facial-Spray-Water/dp/B073QPMFPC/ref=sr_1_20?keywords=Facial+sprays&qid=1680707967&sr=8-20,,
"        Sotrue Rose Water Spray For Face | Alcohol Free Face Toner with Bulgarian Rose & Hyaluronic Acid 200ml | Skin Refining , Pore Tightening | Suitable for Oily , Acne Prone , Dry and Normal Skin       ",Facial sprays,SOTRUE,All,https://www.amazon.in/sspa/click?ie=UTF8&spc=MTo3Nzc0NTExOTMyNzI0NDoxNjgwNzA3OTY3OnNwX210ZjoyMDA2MDA5MjgwMzc5ODo6MDo6&url=%2FBulgarian-Hyaluronic-Refining-Tightening-Cleansing%2Fdp%2FB09TWF6XBP%2Fref%3Dsr_1_21_sspa%3Fkeywords%3DFacial%2Bsprays%26qid%3D1680707967%26sr%3D8-21-spons%26sp_csd%3Dd2lkZ2V0TmFtZT1zcF9tdGY%26psc%3D1,,
"        Dabas Organic Skin glow Hyaluronic Face Toner Spray, Open Pore Tightening, Reduce Dark Spots, Control Pigmentation, Hydrate Skin toner mist, Oil-free - with Vitamin C, Collagen & Niacinamide - 100 ml       ",Facial sprays,Dabas,All,https://www.amazon.in/sspa/click?ie=UTF8&spc=MTo3Nzc0NTExOTMyNzI0NDoxNjgwNzA3OTY3OnNwX210ZjoyMDA4OTc5MjkxNTU5ODo6MDo6&url=%2FDabas-Organic-Plant-Collagen-Toner%2Fdp%2FB09D3Y3YGZ%2Fref%3Dsr_1_22_sspa%3Fkeywords%3DFacial%2Bsprays%26qid%3D1680707967%26sr%3D8-22-spons%26sp_csd%3Dd2lkZ2V0TmFtZT1zcF9tdGY%26psc%3D1,,
        Joy Revivify Vitamin C Face Liquid Toner for Glowing Skin | Refining & Skin Brightening Toner with Grapeseed and Tomato | pH Balanced - Sulphate & Paraben & Alcohol Free Toner - 150 ml       ,Facial sprays,JOY,All,https://www.amazon.in/sspa/click?ie=UTF8&spc=MTo3Nzc0NTExOTMyNzI0NDoxNjgwNzA3OTY3OnNwX210ZjoyMDEzNTE0MTI0NTA5ODo6MDo6&url=%2FBrightening-Refining-Grapeseed-Glycolic-Coenzyme%2Fdp%2FB08YYS926T%2Fref%3Dsr_1_23_sspa%3Fkeywords%3DFacial%2Bsprays%26qid%3D1680707967%26sr%3D8-23-spons%26sp_csd%3Dd2lkZ2V0TmFtZT1zcF9tdGY%26psc%3D1,,
        Plum Bulgarian Valley Rose Water Toner (For Daily Use)|With Hyaluronic Acid & Rose Extracts|100% Natural Rose Fragrance|Soothing And Pore Tightening|Balances Ph Levels | For All Skin Types | 100Ml       ,Facial sprays,Plum,All,https://www.amazon.in/sspa/click?ie=UTF8&spc=MTo3Nzc0NTExOTMyNzI0NDoxNjgwNzA3OTY3OnNwX210ZjoyMDA2ODkzMzc4OTk5ODo6MDo6&url=%2FPlum-Bulgarian-Hyaluronic-Fragrance-Tightening%2Fdp%2FB093CNS6G1%2Fref%3Dsr_1_24_sspa%3Fkeywords%3DFacial%2Bsprays%26qid%3D1680707967%26sr%3D8-24-spons%26sp_csd%3Dd2lkZ2V0TmFtZT1zcF9tdGY%26psc%3D1,,
        Orgello herbal Cucumber Toner Mist Spray for Face 100 ml + Vitamin C Facial Skin Toner 100 ml + Rose Water Spray Mist Toner Gulab jal 100 ml - Pack Of 3 - for men women girls boys       ,Facial sprays,Orgello,All,https://www.amazon.in/Orgello-herbal-Cucumber-Vitamin-Facial/dp/B091PW6DS3/ref=sr_1_25?keywords=Facial+sprays&qid=1680707967&sr=8-25,,
        NEUD Tea Tree Facial Mist Spray for Acne-Prone Skin - 1 Pack (100 ml)       ,Facial sprays,NEUD Xpose Yourself,All,https://www.amazon.in/NEUD-Tree-Facial-Spray-Acne-Prone/dp/B09TXWBG27/ref=sr_1_26?keywords=Facial+sprays&qid=1680707967&sr=8-26,,
        JTM Rose Water Gulab Jal Face Cleanser Facial Cleaning Spray Skin Toner for Men & Women 100% Natural & Sulphate-free (Pack of 3) (With Spray)       ,Facial sprays,JTM,All,https://www.amazon.in/JTM-Cleanser-Cleaning-Natural-Sulphate-free/dp/B09YLRZDDL/ref=sr_1_27?keywords=Facial+sprays&qid=1680707967&sr=8-27,,
        Forest Essentials Facial Tonic Mist Panchpushp|Fresh & Fragrant|Hydrates|Unisex Toner Spray For Face       ,Facial sprays,Forest Essentials,All,https://www.amazon.in/Forest-Essentials-Panchpushp-Fragrant-Hydrates/dp/B09ZVGHY7T/ref=sr_1_28?keywords=Facial+sprays&qid=1680707967&sr=8-28,,
        Arogya Rose Water Gulab Jal Face Cleanser Facial Cleaning Spray Skin Toner for Men & Women 100% Natural & Sulphate-free (500ml)       ,Facial sprays,Arogya,Normal,https://www.amazon.in/Arogya-Cleanser-Cleaning-Natural-Sulphate-free/dp/B0917M84VZ/ref=sr_1_29?keywords=Facial+sprays&qid=1680707967&sr=8-29,,
        Forest Essentials Facial Tonic Mist Bela|Fresh & Fragrant|Hydrates|Unisex Toner Spray For Face|50ml       ,Facial sprays,Forest Essentials,All,https://www.amazon.in/Forest-Essentials-Facial-Fragrant-Hydrates/dp/B09ZVF9QV4/ref=sr_1_30?keywords=Facial+sprays&qid=1680707967&sr=8-30,,
        Arogya Rose Water Gulab Jal Face Cleanser Facial Cleaning Spray Skin Toner for Men & Women 100% Natural & Sulphate-free (2 x 100ml)       ,Facial sprays,Arogya,Normal,https://www.amazon.in/Arogya-Pure-Natural-Water-Spray/dp/B08JM44L52/ref=sr_1_31?keywords=Facial+sprays&qid=1680707967&sr=8-31,,
"        Good Vibes Green Tea Glow Toner 120 ml, Hydrating Purifying Anti Acne Moisturizing Revitalizing Facial Spray Toner for All Skin Types, Natural, No Alcohol, Parabens & Sulphates, No Animal Testing       ",Facial sprays,Good Vibes,"All, Oily, Combination, Dry, Normal",https://www.amazon.in/Good-Vibes-Green-Tea-Toner/dp/B084GQCQSZ/ref=sr_1_32?keywords=Facial+sprays&qid=1680707967&sr=8-32,,
        NEUD Rose Water Facial Mist Spray for Refreshed and Toned Skin - 2 Packs (100ml Each)       ,Facial sprays,NEUD Xpose Yourself,"Oily, Combination, Dry, Normal",https://www.amazon.in/NEUD-Water-Facial-Spray-Refreshed/dp/B09V178BT1/ref=sr_1_33?keywords=Facial+sprays&qid=1680707967&sr=8-33,,
"        Plum 3% Niacinamide Toner with Rice Water|Vitamin B3 with Japanese Fermented Rice Water|Battles Blemishes & Acne|For Clear, Blemish-Free,Hydrated Skin | Suits all skin types | 100% Vegan,Transparent       ",Facial sprays,Plum,"Acne Prone,All Skin Types",https://www.amazon.in/Plum-Niacinamide-Blemish-Free-Fragrance-Free-Transparent/dp/B09PV4379W/ref=sr_1_34?keywords=Facial+sprays&qid=1680707967&sr=8-34,,
        Vitro Naturals Hydro Distilled Pure Damask Rose Water Spray I Skin Toner I Face Toner I Makeup Remover I Gulab Jal I 100% Natural and Food Grade I Zero Artificial Fragrance & Alcohol Ipack of 200 ML       ,Facial sprays,VITRO,All,https://www.amazon.in/Vitro-Rose-Water-200-Set/dp/B01D65HKFS/ref=sr_1_35?keywords=Facial+sprays&qid=1680707967&sr=8-35,,
"        Urvija Rose Sandalwood Facial Spray Toner for Soft and Glowing Skin|Alcohol Free| Certified palm oil free, Vegan & Chemical free| (Pack of 2x100 ml Each)       ",Facial sprays,Urvija,All,https://www.amazon.in/Urvija-Rose-Sandalwood-Facial-Moisturize/dp/B08Q47978X/ref=sr_1_36?keywords=Facial+sprays&qid=1680707967&sr=8-36,,
"        Antheia Essentials Green Tea Face Mist Spray | Hydrating Rose Face Mist | With Witch Hazel Extract & Chamomile Hydrosol | Calming, Refreshing, Pore Tightening, Soothing | 200 ml       ",Facial sprays,Easy Feel Products,All,https://www.amazon.in/Essentials-Hydrating-Chamomile-Refreshing-Tightening/dp/B0B1JKJJXX/ref=sr_1_37?keywords=Facial+sprays&qid=1680707967&sr=8-37,,
        Xyst Mist And Toner Spray For Face With Niacinamide And Aquaxyl -100ml l Refreshing Face Mist & Toner For Acne | Alcohol-Free Mist & Toner for open pores Tightening | Maintains pH | All Skin Types -100ml       ,Facial sprays,XYST,"Oily, Combination, Dry, Normal",https://www.amazon.in/Niacinamide-Aquaxyl-Pollution-Minimize-Hydration/dp/B0B1TVGXSS/ref=sr_1_38?keywords=Facial+sprays&qid=1680707967&sr=8-38,,
        Zeoveda Organic Vitamin C Mist Toner | Skin Illuminating Facial Spray | Suitable For All Skin Types - 200 ML.       ,Facial sprays,Zeoveda,All,https://www.amazon.in/Zeoveda-Vitamin-Toner-Illuminating-Suitable/dp/B0BC5V1NS9/ref=sr_1_39?keywords=Facial+sprays&qid=1680707967&sr=8-39,,
"        Zeoveda Natural Tea Tree Mist Toner | Refreshing Facial Spray Treats Acne & Pimples, Tightens Open Skin Pores | Suitable For All Skin Types | No Parabens and No Sulphates - 200 ML.       ",Facial sprays,Zeoveda,All,https://www.amazon.in/Zeoveda-Refreshing-Tightens-Suitable-Sulphates/dp/B09RQ6CKPR/ref=sr_1_40?keywords=Facial+sprays&qid=1680707967&sr=8-40,,
"        Urvija Lavender Mint Facial Spray Toner for Soft and Glowing Skin|Alcohol Free| Certified palm oil free, Vegan & Chemical free| (Pack of 1x100 ML)       ",Facial sprays,Urvija,Normal,https://www.amazon.in/URVIJA-Lavender-Mint-Facial-Spray/dp/B07YZL3ZBS/ref=sr_1_41?keywords=Facial+sprays&qid=1680707967&sr=8-41,,
        NEUD Green Tea Facial Mist Spray for Dehydrated & Irritated Skin - 2 Packs (100ml Each)       ,Facial sprays,NEUD Xpose Yourself,"Oily, Combination, Sensitive, Dry, Normal",https://www.amazon.in/NEUD-Green-Facial-Dehydrated-Irritated/dp/B09V12KNKX/ref=sr_1_42?keywords=Facial+sprays&qid=1680707967&sr=8-42,,
"        Dabas Organic Skin glow Hyaluronic Face Toner Spray, Open Pore Tightening, Reduce Dark Spots, Control Pigmentation, Hydrate Skin toner mist, Oil-free - with Vitamin C, Collagen & Niacinamide - 100 ml       ",Facial sprays,Dabas,All,https://www.amazon.in/Dabas-Organic-Plant-Collagen-Toner/dp/B09D3Y3YGZ/ref=sr_1_43?keywords=Facial+sprays&qid=1680707967&sr=8-43,,
"        Pure Ocean® Pure and Natural Rose water Gulab Jal Mist Spray for Face & Skin Cleanser Toner Enriched with Aloe Vera & cucumber - Deep Hydration Facial Toner for Pore Tightening , Refreshes & Enhances Natural Radiance, No Paraben, SLS & Alcohol ,No Artificial Color- 100 ML       ",Facial sprays,Pure Ocean The Beauty Regime,All,https://www.amazon.in/Pure-Ocean-Natural-Enriched-cucumber/dp/B09BWPHJCB/ref=sr_1_44?keywords=Facial+sprays&qid=1680707967&sr=8-44,,
"        Sibley Beauty Vitamin C Face Spray Mist Toner (1 x 200 ml) + Charcoal Foaming Face Wash ( 1 x 150 ml ) - bright & facial glow, smooth and glowing skin, all skin type, men women girls boys.       ",Facial sprays,Sibley Beauty,All,https://www.amazon.in/Sibley-Beauty-Vitamin-Charcoal-Foaming/dp/B08ZXYKX2V/ref=sr_1_45?keywords=Facial+sprays&qid=1680707967&sr=8-45,,
"        Inatur Vetiver Hydrosol Spray Toner 100 ml | Hydrates, Cleanses, Soften And Rejuvenates | 100% Pure And Natural | Facial Toner Spray Non-Irritant | Makeup Remover | Alcohol-Free | All Skin Types | Chemical Free | Sulphate Free       ",Facial sprays,INATUR,Normal,https://www.amazon.in/Inatur-Vetiver-Hydrosol-Floral-Water/dp/B076GZGLXH/ref=sr_1_46?keywords=Facial+sprays&qid=1680707967&sr=8-46,,
"        SkinSmart Facial Cleanser for Acne, Targets Bacteria for Active Teenage Athletes Post Workout, 8 oz Spray Bottle, Safe for Multiple Daily Uses       ",Facial sprays,SkinSmart Antimicrobial,"Oily, Combination, Dry, Normal",https://www.amazon.in/SkinSmart-Cleanser-Bacteria-Athletes-Multiple/dp/B07VRFC3Y7/ref=sr_1_47?keywords=Facial+sprays&qid=1680707967&sr=8-47,,
        NEUD Witch Hazel Facial Mist Spray for Dehydrated & Irritated Skin - 1 Pack (100 ml)       ,Facial sprays,NEUD Xpose Yourself,All,https://www.amazon.in/NEUD-Witch-Facial-Dehydrated-Irritated/dp/B09TR6Y449/ref=sr_1_48?keywords=Facial+sprays&qid=1680707967&sr=8-48,,
"        Urvija Rose Sandalwood Facial Spray | Alcohol Free Toner for Soft and Glowing Skin | Free from Chemicals, Paraben & Petrochemicals | Certified Vegan and Palm oil Free, 100 ml       ",Facial sprays,Urvija,All,https://www.amazon.in/Urvija-Sandalwood-Facial-Spray-types/dp/B07PRWF2MR/ref=sr_1_49?keywords=Facial+sprays&qid=1680707967&sr=8-49,,
        NEUD Tea Tree Facial Mist Spray for Acne-Prone Skin - 2 Packs (100 ml Each)       ,Facial sprays,NEUD Xpose Yourself,"Oily, Combination, Sensitive, Dry, Normal",https://www.amazon.in/NEUD-Tree-Facial-Spray-Acne-Prone/dp/B09V17GPRF/ref=sr_1_51?keywords=Facial+sprays&qid=1680707967&sr=8-51,,
"        WOW Skin Science Lavender & Rose No Parabens & Sulphate Skin Mist Toner , Pack of 200mL       ",Facial sprays,WOW Skin Science,Dry,https://www.amazon.in/WOW-Lavender-Rose-Toner-200ml/dp/B071DZ1Y6C/ref=sr_1_52?keywords=Facial+sprays&qid=1680707967&sr=8-52,,
        Royale Organics Rosewater with Kashmir Kesar I All Natural Facial Freshness Spray Mist - 200 +200 ml (Limited Offer -Buy 1 Get 1 Free)       ,Facial sprays,Royale Organics,All,https://www.amazon.in/Royale-Organics-Rosewater-Kashmir-Freshness/dp/B0BXYPJ1D4/ref=sr_1_53?keywords=Facial+sprays&qid=1680707967&sr=8-53,,
"        Mario Badescu Mario Badescu Facial Spray with Lavender and Facial Spray with Cucumber Duo, 4 Oz.       ",Facial sprays,Mario Badescu,All,https://www.amazon.in/Mario-Badescu-Facial-Lavender-Cucumber/dp/B07FMKX9YG/ref=sr_1_55?keywords=Facial+sprays&qid=1680707967&sr=8-55,,
"        Nature Code Morning Dew Pure Rose Water Spray, Gulab Jal, Facial Mist Toner for Glowing Skin, Reduces Acne, Wrinkles and Dark Spots - 100ml       ",Facial sprays,Nature Code,All,https://www.amazon.in/Nature-Code-Morning-Natural-Ayurvedic/dp/B0B8SWYJ5Z/ref=sr_1_56?keywords=Facial+sprays&qid=1680707967&sr=8-56,,
        TNW-THE NATURAL WASH Free From Artificial Fragrance and Alcohol Steam Distilled Rose Water/Toner/Makeup Remover - Pack of 3 Each (200 Ml)       ,Facial sprays,TNW-THE NATURAL WASH,All,https://www.amazon.in/sspa/click?ie=UTF8&spc=MTo3Nzc0NTExOTMyNzI0NDoxNjgwNzA3OTY3OnNwX2J0ZjoyMDExMDA4OTc5Njk5ODo6MDo6&url=%2FTNW-Natural-Distilled-Artificial-Fragrance%2Fdp%2FB0863ZR6SJ%2Fref%3Dsr_1_57_sspa%3Fkeywords%3DFacial%2Bsprays%26qid%3D1680707967%26sr%3D8-57-spons%26sp_csd%3Dd2lkZ2V0TmFtZT1zcF9idGY%26psc%3D1,,
        Forest Essentials Facial Tonic Mist Panchpushp|Fresh & Fragrant|Hydrates|Unisex Toner Spray For Face       ,Facial sprays,Forest Essentials,All,https://www.amazon.in/sspa/click?ie=UTF8&spc=MTo3Nzc0NTExOTMyNzI0NDoxNjgwNzA3OTY3OnNwX2J0ZjoyMDEzNTg3Nzg0MjI5ODo6MDo6&url=%2FForest-Essentials-Panchpushp-Fragrant-Hydrates%2Fdp%2FB09ZVGHY7T%2Fref%3Dsr_1_58_sspa%3Fkeywords%3DFacial%2Bsprays%26qid%3D1680707967%26sr%3D8-58-spons%26sp_csd%3Dd2lkZ2V0TmFtZT1zcF9idGY%26psc%3D1,,
        Xyst Mist And Toner Spray For Face With Niacinamide And Aquaxyl -100ml l Refreshing Face Mist & Toner For Acne | Alcohol-Free Mist & Toner for open pores Tightening | Maintains pH | All Skin Types -100ml       ,Facial sprays,XYST,"Oily, Combination, Dry, Normal",https://www.amazon.in/sspa/click?ie=UTF8&spc=MTo3Nzc0NTExOTMyNzI0NDoxNjgwNzA3OTY3OnNwX2J0ZjoyMDEyMTIwODAzNzM5ODo6MDo6&url=%2FNiacinamide-Aquaxyl-Pollution-Minimize-Hydration%2Fdp%2FB0B1TVGXSS%2Fref%3Dsr_1_59_sspa%3Fkeywords%3DFacial%2Bsprays%26qid%3D1680707967%26sr%3D8-59-spons%26sp_csd%3Dd2lkZ2V0TmFtZT1zcF9idGY%26psc%3D1%26smid%3DA371E04JXV48ZM,,
"        TNW-The Natural Wash Cucumber Toner Spray for Face Reduces Inflammation, Keep Your Skin at the right pH, Prevent Acne Breakouts, Wrinkles, Oil Control, Makeup Removal for Women & Men 100 ml       ",Facial sprays,TNW-THE NATURAL WASH,All,https://www.amazon.in/sspa/click?ie=UTF8&spc=MTo3Nzc0NTExOTMyNzI0NDoxNjgwNzA3OTY3OnNwX2J0ZjoyMDExNDEzNzUzMTk5ODo6MDo6&url=%2FTNW-Cucumber-Purified-Tightens-Peppermint%2Fdp%2FB08XPQC1L4%2Fref%3Dsr_1_60_sspa%3Fkeywords%3DFacial%2Bsprays%26qid%3D1680707967%26sr%3D8-60-spons%26sp_csd%3Dd2lkZ2V0TmFtZT1zcF9idGY%26psc%3D1,,
"        Lacto Calamine Cucumber Face Toner with Green Tea & Niacinamide for cool and hydrated skin. Tightens pores & evens skin tone. Suitable for Oily skin. No Sulphate, No Alcohol - 120 ml x Pack of 1       ",Facial sprays,Lacto Calamine,All,https://www.amazon.in/sspa/click?ie=UTF8&spc=MToyNTA5MTIxOTA5MzQ3MjgzOjE2ODA3MDgyMDE6c3BfYXRmX25leHQ6MjAwNDY3MTkzODE3OTg6OjA6Og&url=%2FLacto-Calamine-Cucumber-Niacinamide-hydrated%2Fdp%2FB09S6L8ZPJ%2Fref%3Dsr_1_49_sspa%3Fkeywords%3DFacial%2Bsprays%26qid%3D1680708201%26sr%3D8-49-spons%26sp_csd%3Dd2lkZ2V0TmFtZT1zcF9hdGZfbmV4dA%26psc%3D1,,
        TNW-THE NATURAL WASH Rose Water Spray for Face - Face Toner/Skin Toner/Makeup Remover - For All Skin Types Women & Men (Free from Artificial Fragrance & Alcohol) - 200 ml       ,Facial sprays,TNW-THE NATURAL WASH,All,https://www.amazon.in/sspa/click?ie=UTF8&spc=MToyNTA5MTIxOTA5MzQ3MjgzOjE2ODA3MDgyMDE6c3BfYXRmX25leHQ6MjAxMTAwODk3OTcwOTg6OjA6Og&url=%2FTNW-Natural-Distilled-Artificial-Fragrance%2Fdp%2FB07YQXJCHF%2Fref%3Dsr_1_50_sspa%3Fkeywords%3DFacial%2Bsprays%26qid%3D1680708201%26sr%3D8-50-spons%26sp_csd%3Dd2lkZ2V0TmFtZT1zcF9hdGZfbmV4dA%26psc%3D1,,
        Plum Bulgarian Valley Rose Water Toner (for daily use) |With Hyaluronic Acid & Rose Extracts|100% Natural Rose Fragrance|Soothing and Pore Tightening | Balances pH levels | For All Skin Types | 200ml       ,Facial sprays,Plum,All,https://www.amazon.in/sspa/click?ie=UTF8&spc=MToyNTA5MTIxOTA5MzQ3MjgzOjE2ODA3MDgyMDE6c3BfYXRmX25leHQ6MjAwNjg5MzM3ODk4OTg6OjA6Og&url=%2FPlum-Bulgarian-Hyaluronic-Fragrance-Tightening%2Fdp%2FB08ZLBVP3H%2Fref%3Dsr_1_51_sspa%3Fkeywords%3DFacial%2Bsprays%26qid%3D1680708201%26sr%3D8-51-spons%26sp_csd%3Dd2lkZ2V0TmFtZT1zcF9hdGZfbmV4dA%26psc%3D1,,
"        Plum Green Tea Alcohol Free Toner | For Oily, Acne Prone Skin | Toner for Glowing Skin | Shrinks & Tightens Pores | 100% Vegan | 200ml       ",Facial sprays,Plum,Combination,https://www.amazon.in/sspa/click?ie=UTF8&spc=MToyNTA5MTIxOTA5MzQ3MjgzOjE2ODA3MDgyMDE6c3BfYXRmX25leHQ6MjAwOTYzOTUyMTc0OTg6OjA6Og&url=%2FPlum-Green-Alcohol-Toner-200ml%2Fdp%2FB00OCJ5M6C%2Fref%3Dsr_1_52_sspa%3Fkeywords%3DFacial%2Bsprays%26qid%3D1680708201%26sr%3D8-52-spons%26sp_csd%3Dd2lkZ2V0TmFtZT1zcF9hdGZfbmV4dA%26psc%3D1,,
        Top Secret Refreshing Vitamin C Skin Toner | Brightening Glowing Skin | For All Skin Types | 100 ml       ,Facial sprays,TOPSECRET,All,https://www.amazon.in/Top-Secret-Vitamin-Toner-Pack/dp/B09KGVKYSH/ref=sr_1_53?keywords=Facial+sprays&qid=1680708201&sr=8-53,,
        Arogya Rose Water Gulab Jal Face Cleanser Facial Cleaning Spray Skin Toner for Men & Women 100% Natural & Sulphate-free Flip cap(3 x 100ml)       ,Facial sprays,Arogya,All,https://www.amazon.in/Arogya-Natural-Pure-Water-100ml/dp/B08QMNPGTX/ref=sr_1_54?keywords=Facial+sprays&qid=1680708201&sr=8-54,,
        The Havanna Rose Water Spray for Face Facial Tonic Mist Pure Rosewater Gulab Jal Fresh & Fragrant/Skin Toner/Makeup Remover/For All Skin Types Women & Men 50ml       ,Facial sprays,The Havanna,All,https://www.amazon.in/Havanna-Rose-Toner-Rejuvenate-Hydrate/dp/B0B8DTS5WZ/ref=sr_1_55?keywords=Facial+sprays&qid=1680708201&sr=8-55,,
        Facial Peel Neutralizer Solution Neutralizer Spray Calm skin Relieve stinging & itching soothing       ,Facial sprays,LEEPOSH,All,https://www.amazon.in/Neutralizer-Solution-Relieve-stinging-soothing/dp/B08D8VWHRD/ref=sr_1_56?keywords=Facial+sprays&qid=1680708201&sr=8-56,,
        MARIO BADESCU Mini Mist Collection Of Facial Spray       ,Facial sprays,Generic,All,https://www.amazon.in/MARIO-BADESCU-Collection-Facial-Spray/dp/B0BW5WB97F/ref=sr_1_57?keywords=Facial+sprays&qid=1680708201&sr=8-57,,
"        Mario Badescu Skin Care Facial Spray with Aloe, Cucumber And Green Tea, 4 Fl Oz       ",Facial sprays,Generic,All,https://www.amazon.in/Mario-Badescu-Facial-Spray-Cucumber/dp/B0BWSD1SHB/ref=sr_1_58?keywords=Facial+sprays&qid=1680708201&sr=8-58,,
        Clinique Moisture Surge Thirsty Skin Relief Face Spray - Travel Size [1 fl oz / 30 mL]       ,Facial sprays,Clinique,All,https://www.amazon.in/Clinique-Moisture-Surge-Thirsty-Relief/dp/B000GQ1WN2/ref=sr_1_60?keywords=Facial+sprays&qid=1680708201&sr=8-60,,
"        RECAST Rose Water for Face and Hair, 100% Pure and Facial Toner Alcohol-Free Makeup Setting Hydrating Spray Mist 100% Natural Anti-Aging Petal Rosewater (200 ml)       ",Facial sprays,RECAST,All,https://www.amazon.in/RECAST-Alcohol-Free-Hydrating-Anti-Aging-Rosewater/dp/B08347TQMH/ref=sr_1_61?keywords=Facial+sprays&qid=1680708201&sr=8-61,,
        LATNAR NIGHT FACIAL SERUM ||Anti-Aging | Reduces Fine Lines & Wrinkles 30 ML Spray Foam       ,Facial sprays,DISCOVER MARKETING,All,https://www.amazon.in/LATNAR-FACIAL-Anti-Aging-Reduces-Wrinkles/dp/B09RVWX34R/ref=sr_1_62_mod_primary_new?keywords=Facial+sprays&qid=1680708201&sbo=RZvfv%2F%2FHxDF%2BO5021pAnSA%3D%3D&sr=8-62,,
"        Mario Badescu Spritz Mist and Glow Facial Spray Collection, 3 Piece Set - Lavender, Cucumber, Rose       ",Facial sprays,Mario Badescu,All,https://www.amazon.in/Mario-Badescu-Spritz-Facial-Collection/dp/B00LBHEP3O/ref=sr_1_63?keywords=Facial+sprays&qid=1680708201&sr=8-63,,
        Tower 28 Beauty SOS Daily Rescue Facial Spray       ,Facial sprays,Tower 28,Acne Prone Skin,https://www.amazon.in/Tower-28-Beauty-Rescue-Facial/dp/B0B3S7HJ9L/ref=sr_1_65?keywords=Facial+sprays&qid=1680708201&sr=8-65,,
"        juicy chemistry Lavender Face Toner, 100ml for Glowing skin, Pores Tightening, Rich in Antioxidants, Vitamins A & E, Restores Skin pH, Certified Organic, for women and men       ",Facial sprays,Juicy Chemistry,All,https://www.amazon.in/Juicy-Chemistry-Organic-Lavendar-Hydrating/dp/B07G86KK2B/ref=sr_1_66?keywords=Facial+sprays&qid=1680708201&sr=8-66,,
        Inatur Cucumber Toner Spray 100 ml | Cucumber Facial Mist | Soothing and calming Toner for oily and Sensitive skin | Balance Tone | Hydrate and Nourish Skin| Minimizes Large Pores | Vegan | 100% Natural | Alcohol Free       ,Facial sprays,INATUR,Normal,https://www.amazon.in/Inatur-Herbals-Cucumber-Toner-Spray/dp/B07F5HSRHY/ref=sr_1_67?keywords=Facial+sprays&qid=1680708201&sr=8-67,,
"        Gro Pure & Natural Rose Water Facial Toner for Face Natural Make-up remover - Alcohol Free - Hydrating Primer & Setting Spray for Pore Minimizing & Tightening, 120ml       ",Facial sprays,GRO,"Oily, Combination, Dry, Normal",https://www.amazon.in/Pure-Natural-Water-Facial-Toner/dp/B08G583CFG/ref=sr_1_68?keywords=Facial+sprays&qid=1680708201&sr=8-68,,
"        RAS Luxury Oils Rose Nectar Face & Body Spritz Toner | Enriched With Rose, Lavender & Geranium | Soothe Skin, Balance Skin's pH level & Brighten and Refresh your skin | Alcohol Free | 50ml       ",Facial sprays,RAS LUXURY OILS,"Oily, Combination, Sensitive, Dry",https://www.amazon.in/sspa/click?ie=UTF8&spc=MToyNTA5MTIxOTA5MzQ3MjgzOjE2ODA3MDgyMDE6c3BfbXRmOjIwMTI1MjYxNDMwNjk4OjowOjo&url=%2FRose-Nectar-Face-Body-Spritz%2Fdp%2FB076DBSQVT%2Fref%3Dsr_1_69_sspa%3Fkeywords%3DFacial%2Bsprays%26qid%3D1680708201%26sr%3D8-69-spons%26sp_csd%3Dd2lkZ2V0TmFtZT1zcF9tdGY%26psc%3D1,,
"        Enhance Skincare Tea Tree Face Mist Spray 100ml | Revitalizing Toner for Men Women | Normal, Oily, All Skin type, Paraben Free, All Natural, Make-up Setting, Acne & Pimple       ",Facial sprays,ENHANCE,All,https://www.amazon.in/sspa/click?ie=UTF8&spc=MToyNTA5MTIxOTA5MzQ3MjgzOjE2ODA3MDgyMDE6c3BfbXRmOjIwMTEyOTU1NjgxODk4OjowOjo&url=%2FEnhance-Skincare-Revitalizing-Paraben-Natural%2Fdp%2FB0B8DZ8SHJ%2Fref%3Dsr_1_70_sspa%3Fkeywords%3DFacial%2Bsprays%26qid%3D1680708201%26sr%3D8-70-spons%26sp_csd%3Dd2lkZ2V0TmFtZT1zcF9tdGY%26psc%3D1,,
        Forest Essentials Facial Tonic Mist Bela|Fresh & Fragrant|Hydrates|Unisex Toner Spray For Face|130ml       ,Facial sprays,Forest Essentials,All,https://www.amazon.in/sspa/click?ie=UTF8&spc=MToyNTA5MTIxOTA5MzQ3MjgzOjE2ODA3MDgyMDE6c3BfbXRmOjIwMTM1ODc3ODQyMzk4OjowOjo&url=%2FForest-Essentials-Facial-Tonic-130ml%2Fdp%2FB08JJZNC3Y%2Fref%3Dsr_1_71_sspa%3Fkeywords%3DFacial%2Bsprays%26qid%3D1680708201%26sr%3D8-71-spons%26sp_csd%3Dd2lkZ2V0TmFtZT1zcF9tdGY%26psc%3D1,,
        The Co Being DEW IT| Refreshing Toner Spray| Dermatologically tested| All skin type| Unisex| Revitalizes skin| Cruelty free| 100ml       ,Facial sprays,THE CO BEING,All,https://www.amazon.in/sspa/click?ie=UTF8&spc=MToyNTA5MTIxOTA5MzQ3MjgzOjE2ODA3MDgyMDE6c3BfbXRmOjIwMTE1ODY5NjUwNjk4OjowOjo&url=%2FRefreshing-Dermatologically-tested-Revitalizes-Cruelty%2Fdp%2FB0B9GKJNZC%2Fref%3Dsr_1_72_sspa%3Fkeywords%3DFacial%2Bsprays%26qid%3D1680708201%26sr%3D8-72-spons%26sp_csd%3Dd2lkZ2V0TmFtZT1zcF9tdGY%26psc%3D1%26smid%3DA1HJ07PKS7XDI2,,
        Thalgo Reviving Marine Mist | Facial Mist Spray for Hydrating & Glowing (1 Bottle 150ml)       ,Facial sprays,Thalgo,"All, Oily, Combination, Sensitive, Normal",https://www.amazon.in/Thalgo-Reviving-Marine-Hydrating-Glowing/dp/B0BF5RWH88/ref=sr_1_73?keywords=Facial+sprays&qid=1680708201&sr=8-73,,
"        Mario Badescu Facial Spray with Aloe, Cucumber and Green Tea for All Skin Types | Face Mist that Hydrates & Invigorates | 4 FL OZ & 2 FL OZ Combo       ",Facial sprays,Mario Badescu,All,https://www.amazon.in/Mario-Badescu-Facial-Spray-Cucumber/dp/B074ZBNXNR/ref=sr_1_74?keywords=Facial+sprays&qid=1680708201&sr=8-74,,
        NEUD Beet Root Facial Mist Spray for Glowing and Moisturized Skin - 2 Packs (100ml Each)       ,Facial sprays,NEUD Xpose Yourself,All,https://www.amazon.in/NEUD-Facial-Spray-Glowing-Moisturized/dp/B09TZZ8VGY/ref=sr_1_75?keywords=Facial+sprays&qid=1680708201&sr=8-75,,
        JTM Rose Water Gulab Jal Face Cleanser Facial Cleaning Spray Skin Toner for Men & Women 100% Natural & Sulphate-free (Pack of 2)(With Spray)       ,Facial sprays,JTM,All,https://www.amazon.in/JTM-Cleanser-Cleaning-Natural-Sulphate-free/dp/B09YLQMWZV/ref=sr_1_76?keywords=Facial+sprays&qid=1680708201&sr=8-76,,
        Arendelle Organics Aloe Vera Face Toner Ayurvedic Herbal Fresh Mint Skin Toner Spray for Hydrate Dry Acne & Rashes No Paraben & Sulfate Clean Glowing Tightening Skin Prone Facial Tones Suitable for All (100 Ml)       ,Facial sprays,Arendelle Organics,All,https://www.amazon.in/Arendelle-Organics-Hydrating-Minimize-Tightening/dp/B091Z5G73D/ref=sr_1_77?keywords=Facial+sprays&qid=1680708201&sr=8-77,,
"        Nify Herbal Cucumber Facial Toner Hydrating Pore, Moisturizing Revitalizing Face Spray Toner for All Skin Types (100 ml)       ",Facial sprays,Nify Herbal,All,https://www.amazon.in/Nify-Herbal-Cucumber-Refreshment-cucumber/dp/B08HWZKFDC/ref=sr_1_78?keywords=Facial+sprays&qid=1680708201&sr=8-78,,
"        Mario Badescu Skin Care Facial Spray with Aloe,Cucumber And Green Tea       ",Facial sprays,Mario Badescu,Revitalized,https://www.amazon.in/Mario-Badescu-Facial-Spray-Cucumber/dp/B074KPMNVG/ref=sr_1_79?keywords=Facial+sprays&qid=1680708201&sr=8-79,,
        JTM Rose Water Gulab Jal Face Cleanser Facial Cleaning Skin Toner for Men & Women 100% Natural & Sulphate-free (Without Spray) (Pack of 3)       ,Facial sprays,JTM,All,https://www.amazon.in/JTM-Cleanser-Cleaning-Natural-Sulphate-free/dp/B09YMCL9S6/ref=sr_1_80?keywords=Facial+sprays&qid=1680708201&sr=8-80,,
"        MaaMagic Green Tea Toner For Oily, Acne Prone Skin Toner for Glowing Skin, Shrinks & Tightens Pores | Alcohol Free Toner 100ml Hydrating Purifying, Moisturizing Facial Spray Toner for All Skin Types       ",Facial sprays,MaaMagic,"Acne Prone,All Skin Types",https://www.amazon.in/MaaMagic-Tightens-Hydrating-Purifying-Moisturizing/dp/B0BDVTG9ZB/ref=sr_1_81?keywords=Facial+sprays&qid=1680708201&sr=8-81,,
        Nutrainix Organics Anti-Acne Spray with Lavender Vibes | Anti Acne Facial Spray for All Skin Types | Natural Acne Treatment and Prevent Future Breakout for Face & Body | Remove Pimples & Scar - 300 ml       ,Facial sprays,Nutrainix Organics,"All, Oily",https://www.amazon.in/Nutrainix-Organics-Anti-Acne-Lavender-Treatment/dp/B0B8ZHP549/ref=sr_1_82?keywords=Facial+sprays&qid=1680708201&sr=8-82,,
"        Mario Badescu Facial Spray with Aloe, Chamomile and Lavender, 4 Fl Oz       ",Facial sprays,Generic,All,https://www.amazon.in/Mario-Badescu-Facial-Chamomile-Lavender/dp/B0BWSB4LXQ/ref=sr_1_83?keywords=Facial+sprays&qid=1680708201&sr=8-83,,
"        Shower Power Pure Rose water Facial spray toner| Steam Distilled | Cleanses and tightens Open pores | Men& Women | Refreshing,Soothing& Cooling |100% Natural |50g |100 ML       ",Facial sprays,Shower Power,"All, Oily, Combination, Dry, Normal",https://www.amazon.in/Shower-Power-Distilled-Cleanses-Refreshing/dp/B0BWYCGYJL/ref=sr_1_84?keywords=Facial+sprays&qid=1680708201&sr=8-84,,
"        Charming Aura Neem Skin Mist Toner- Room & Facial Spray to uplift mood, Improves blood circulation to skin & Scalp, Calms Skin Irritation Blemishes & Roughness, Analgesic Properties       ",Facial sprays,Charming Aura - be natural,Normal,https://www.amazon.in/Charming-Aura-Neem-circulation-Irritation/dp/B0BG5P3895/ref=sr_1_85?keywords=Facial+sprays&qid=1680708201&sr=8-85,,
"        Bella Vita Organic Glowner Face Toner Face Mist, Alcohol free, Rose Water 100ml Pore Minimizing Tightening Natural Toner Spray for Glowing Skin - All Skin Types       ",Facial sprays,Bella Vita Organic,"All, Oily, Acne Prone Skin, Sensitive, Dry",https://www.amazon.in/Bella-Vita-Organic-Minimizing-Tightening/dp/B08R8TMVXF/ref=sr_1_86?keywords=Facial+sprays&qid=1680708201&sr=8-86,,
"        SARVA 100% Pure Natural Peppermint Face Mist Astringent Floral Water Spray For Skin & Body Cooling, Soothing, Face, Facial Toner with Fresh Aroma All Sin Type (100 ml)       ",Facial sprays,SARVA,"All Skin, Oily, Combination, Sensitive, Dry, Normal",https://www.amazon.in/SARVA-Natural-Peppermint-Fresh-Aroma/dp/B099XB2CMN/ref=sr_1_87?keywords=Facial+sprays&qid=1680708201&sr=8-87,,
"        TNW-The Natural Wash Cucumber Toner Spray for Face Reduces Inflammation, Keep Your Skin at the right pH, Prevent Acne Breakouts, Wrinkles, Oil Control, Makeup Removal for Women & Men 100 ml       ",Facial sprays,TNW-THE NATURAL WASH,All,https://www.amazon.in/TNW-Cucumber-Purified-Tightens-Peppermint/dp/B08XPQC1L4/ref=sr_1_88?keywords=Facial+sprays&qid=1680708201&sr=8-88,,
"        ELINOR Rose Face Mist Purified Water Perfect for Dry Skin, Enhances Glow, Tightening Natural Toner Spray for Glowing Skin – 100ML       ",Facial sprays,ELINOR,All,https://www.amazon.in/ELINOR-Purified-Perfect-Enhances-Tightening/dp/B09SWQX8R3/ref=sr_1_89?keywords=Facial+sprays&qid=1680708201&sr=8-89,,
"        Enhance Skincare Tea Tree Face Mist Spray 100ml | Revitalizing Toner for Men Women | Normal, Oily, All Skin type, Paraben Free, All Natural, Make-up Setting, Acne & Pimple       ",Facial sprays,ENHANCE,All,https://www.amazon.in/Enhance-Skincare-Revitalizing-Paraben-Natural/dp/B0B8DZ8SHJ/ref=sr_1_90?keywords=Facial+sprays&qid=1680708201&sr=8-90,,
"        Shower Power Pure Rose water Facial spray toner| Steam Distilled | Cleanses and tightens Open pores | Men& Women | Refreshing,Soothing& Cooling |100% Natural |50g |100 ML.       ",Facial sprays,Shower Power,"All, Oily, Combination, Dry, Normal",https://www.amazon.in/Shower-Power-Distilled-Cleanses-Refreshing/dp/B0BWZ2KS8S/ref=sr_1_91?keywords=Facial+sprays&qid=1680708201&sr=8-91,,
"        Lotus Herbals Rosetone Rose Petals Facial Skin Toner Liquid with Aloe Vera, Rose, Tulsi Leaves, Vetiver | Pack of 1, 100 ml       ",Facial sprays,Lotus Herbals,Normal,https://www.amazon.in/Lotus-Herbals-Rosetone-Petals-Facial/dp/B002W4M2G2/ref=sr_1_92?keywords=Facial+sprays&qid=1680708201&sr=8-92,,
        AINA 100% Natural and Pure Lavender Water/Facial Toner for All Skin Types | Steam Distilled Hydrosol Face Mist Spray | Reduces tan | Glow and Radiant Skin - 100 ml       ,Facial sprays,AINA,All,https://www.amazon.in/AINA-Steam-Distilled-Lavender-Hydrosol/dp/B08CL2RRV6/ref=sr_1_93?keywords=Facial+sprays&qid=1680708201&sr=8-93,,
"        Frescia Toner & Face Mask Combo | Cool Cucumber Toner | Kaoline Clay Face Mask for Deep Cleansing and Nourishment | Hydrating Purifying Anti Acne Facial Spray Toner For All Skin Types | No Alcohol, Parabens & Sulphates | Removes Blackheads and Whiteheads | Deep Skin Purifying Cleanser | Handcrafted, Natural, Cruelty Free, Plant Based |100ml+100gm       ",Facial sprays,Frescia,"All, Oily, Sensitive, Dry, Normal",https://www.amazon.in/Frescia-Handcrafted-Cucumber-Nourishment-Cleansing/dp/B091LYKHCB/ref=sr_1_94?keywords=Facial+sprays&qid=1680708201&sr=8-94,,
        Orgello herbal Cucumber Toner Mist Spray for Face (100 ml ) + Vitamin C Facial Skin Toner (100 ml ) - Pack Of 2 - for men women girls boys normal oily dry skin sls paraben mineral oil free       ,Facial sprays,Orgello,"Oily, Sensitive, Dry, Normal",https://www.amazon.in/Orgello-herbal-Cucumber-Vitamin-Facial/dp/B09D3H7ML4/ref=sr_1_95?keywords=Facial+sprays&qid=1680708201&sr=8-95,,
"        Sunson Ayurvedics Herbs Ayurvedic Gulab Jal/Rose Water Spray Facial Mist Toner For Glowing Skin, Pores Minimising - Men & Women 100ml       ",Facial sprays,Generic,All,https://www.amazon.in/Sunson-Ayurvedics-Ayurvedic-Glowing-Minimising/dp/B0BTSLSPG6/ref=sr_1_96?keywords=Facial+sprays&qid=1680708201&sr=8-96,,
        AL MASNOON Frankincense Facial Mist Spray for Skin Tightening & Anti-Aging / for All Skin Types 100ml ( pack of 1)       ,Facial sprays,AL MASNOON,All,https://www.amazon.in/AL-MASNOON-Frankincense-Tightening-Anti-Aging/dp/B0BFJFWMM4/ref=sr_1_97?keywords=Facial+sprays&qid=1680708201&sr=8-97,,
"        Bejoy Green Tea Glow Toner Hydrating Purifying Anti Acne Moisturizing Revitalizing Facial Spray Toner for All Skin Types, Natural, No Alcohol, Parabens & Sulphates, No Animal Testing 100 ML       ",Facial sprays,Bejoy,All,https://www.amazon.in/Bejoy-Hydrating-Moisturizing-Revitalizing-100/dp/B09P7JJFP2/ref=sr_1_98?keywords=Facial+sprays&qid=1680708201&sr=8-98,,
"        HUDA BB® Long Lasting Aloe Vera Makeup Fixer Setting Spray,Pack of 1       ",Facial sprays,HUDA BB,Combination,https://www.amazon.in/HUDA-Beauty-Hydrating-Spray-100ml/dp/B09K4N3NT1/ref=sr_1_100?keywords=Facial+sprays&qid=1680708201&sr=8-100,,
"        Sibley Beauty Tan Removal Face Wash (1 x 100 ml) + Vitamin C Face Spray Mist Toner (1 x 200 ml) - Pack of 2 - bright & facial glow, soft, smooth and glowing skin, men women girls boys.       ",Facial sprays,Sibley Beauty,All,https://www.amazon.in/Sibley-Beauty-Removal-Vitamin-Spray/dp/B08ZYD2PWR/ref=sr_1_101?keywords=Facial+sprays&qid=1680708201&sr=8-101,,
"        Herbal Steam Distilled Gulab Jal/Rose Water Spray Facial Mist Toner For Glowing Skin, Men & Women 1000ml       ",Facial sprays,Herbal Enterprises,All,https://www.amazon.in/Herbal-Distilled-Facial-Glowing-1000ml/dp/B0BQ7MQM6D/ref=sr_1_102?keywords=Facial+sprays&qid=1680708201&sr=8-102,,
"        3AM SPEED DIAL Everyday Face Mist for Toning, Hydrating & Refreshing skin. Use as Mist, Toner, Make up setting, After Shaving Spray, Multipurpose Use - 100 ML       ",Facial sprays,3AM,All,https://www.amazon.in/3AM-everyday-Refreshing-Hydrating-Multipurpose/dp/B097CBMFHQ/ref=sr_1_104?keywords=Facial+sprays&qid=1680708201&sr=8-104,,
"        O3+ Seaweed Purifying Tonic for Smoother Younger Facial Skin, 150gm       ",Facial sprays,O3+,Combination,https://www.amazon.in/sspa/click?ie=UTF8&spc=MToyNTA5MTIxOTA5MzQ3MjgzOjE2ODA3MDgyMDE6c3BfYnRmOjIwMDkwNTA4NjQyMzk4OjowOjo&url=%2FO3-Seaweed-Purifying-Smoother-Younger%2Fdp%2FB01K76JR4G%2Fref%3Dsr_1_105_sspa%3Fkeywords%3DFacial%2Bsprays%26qid%3D1680708201%26sr%3D8-105-spons%26sp_csd%3Dd2lkZ2V0TmFtZT1zcF9idGY%26psc%3D1,,
        Forest Essentials Facial Tonic Mist Pure Rosewater|Fresh & Fragrant|Hydrates|Unisex Toner Spray For Face|50ml       ,Facial sprays,Forest Essentials,All,https://www.amazon.in/sspa/click?ie=UTF8&spc=MToyNTA5MTIxOTA5MzQ3MjgzOjE2ODA3MDgyMDE6c3BfYnRmOjIwMTM1ODc3ODQyMTk4OjowOjo&url=%2FForest-Essentials-Rosewater-Fragrant-Hydrates%2Fdp%2FB09ZVGH8MG%2Fref%3Dsr_1_106_sspa%3Fkeywords%3DFacial%2Bsprays%26qid%3D1680708201%26sr%3D8-106-spons%26sp_csd%3Dd2lkZ2V0TmFtZT1zcF9idGY%26psc%3D1,,
        Blue Nectar Shubhr Steam Distilled Vetiver Toner Water & Cooling Calming Face Tonic Mist |Alcohol Free | Chemical & Preservative Free (100 ml)       ,Facial sprays,Blue Nectar,"All, Oily, Acne Prone Skin, Sensitive",https://www.amazon.in/sspa/click?ie=UTF8&spc=MToyNTA5MTIxOTA5MzQ3MjgzOjE2ODA3MDgyMDE6c3BfYnRmOjIwMDM3MTk0MjE4NTk4OjowOjo&url=%2FBlue-Nectar-Distilled-Chemical-Preservative%2Fdp%2FB092DP89HG%2Fref%3Dsr_1_107_sspa%3Fkeywords%3DFacial%2Bsprays%26qid%3D1680708201%26sr%3D8-107-spons%26sp_csd%3Dd2lkZ2V0TmFtZT1zcF9idGY%26psc%3D1,,
"        DERMATOUCH Alcohol Free Face Toner Drop for Oily skin, Acne Prone, Normal Skin with Salicylic acid and Glycolic acid, Pore Tightening toner for Glowing Skin - 200ML       ",Facial sprays,DERMATOUCH,All,https://www.amazon.in/sspa/click?ie=UTF8&spc=MToyNTA5MTIxOTA5MzQ3MjgzOjE2ODA3MDgyMDE6c3BfYnRmOjIwMDI5MjgxNDYzOTk4OjowOjo&url=%2FDERMATOUCH-Alcohol-Salicylic-Glycolic-Tightening%2Fdp%2FB09RV2PSKG%2Fref%3Dsr_1_108_sspa%3Fkeywords%3DFacial%2Bsprays%26qid%3D1680708201%26sr%3D8-108-spons%26sp_csd%3Dd2lkZ2V0TmFtZT1zcF9idGY%26psc%3D1,,
        Forest Essentials Facial Tonic Mist Pure Rosewater|Fresh & Fragrant|Hydrates|Unisex Toner Spray For Face       ,Facial sprays,Forest Essentials,All,https://www.amazon.in/sspa/click?ie=UTF8&spc=MToyNDA2MDY1OTU2MzM2Mzg6MTY4MDcwODQ0NjpzcF9hdGZfbmV4dDoyMDEzNTg3Nzg0MjA5ODo6MDo6&url=%2FForest-Essentials-Facial-Tonic-Rosewater%2Fdp%2FB097HHJZP9%2Fref%3Dsr_1_97_sspa%3Fkeywords%3DFacial%2Bsprays%26qid%3D1680708446%26sr%3D8-97-spons%26sp_csd%3Dd2lkZ2V0TmFtZT1zcF9hdGZfbmV4dA%26psc%3D1,,
        St.Botanica Hyaluronic Acid Hydra Boost Face Mist 120ml with Hyaluronic Acid for Hydrated & Refreshed Skin | No Parabens & Sulphates | Cruelty Free       ,Facial sprays,St.Botanica,Normal,https://www.amazon.in/sspa/click?ie=UTF8&spc=MToyNDA2MDY1OTU2MzM2Mzg6MTY4MDcwODQ0NjpzcF9hdGZfbmV4dDoyMDA1NTEyNDcxNjgwMTo6MDo6&url=%2FStBotanica-Hyaluronic-Hydra-Boost-Nutrient%2Fdp%2FB07WGN48DJ%2Fref%3Dsr_1_98_sspa%3Fkeywords%3DFacial%2Bsprays%26qid%3D1680708446%26sr%3D8-98-spons%26sp_csd%3Dd2lkZ2V0TmFtZT1zcF9hdGZfbmV4dA%26psc%3D1,,
        Blue Nectar Pure Rose Water for Face | Gulab Jal Rose Water Spray for Face | Natural Face Toner for Glowing Skin & Pore Tightening |  Summer Face Mist Spray (100 ml)       ,Facial sprays,Blue Nectar,All,https://www.amazon.in/sspa/click?ie=UTF8&spc=MToyNDA2MDY1OTU2MzM2Mzg6MTY4MDcwODQ0NjpzcF9hdGZfbmV4dDoyMDAyODU1NjgyMjQ5ODo6MDo6&url=%2FBlue-Nectar-Shubhr-Steam-Distilled%2Fdp%2FB08LVSR4PY%2Fref%3Dsr_1_99_sspa%3Fkeywords%3DFacial%2Bsprays%26qid%3D1680708446%26sr%3D8-99-spons%26sp_csd%3Dd2lkZ2V0TmFtZT1zcF9hdGZfbmV4dA%26psc%3D1,,
        GOOD DEEDS Pure Rose Water Face Toner Spray With No Artificial Fragrance & Alcohol - Steam Distilled - For All Skin Types - Face Toner/Skin Toner/Makeup Remover - For Men and Women - 200ml       ,Facial sprays,GOOD DEEDS,"All, Acne Prone Skin, Combination, Sensitive, Dry",https://www.amazon.in/sspa/click?ie=UTF8&spc=MToyNDA2MDY1OTU2MzM2Mzg6MTY4MDcwODQ0NjpzcF9hdGZfbmV4dDoyMDA0ODgzNTM2NzA5ODo6MDo6&url=%2FGOOD-DEEDS-Artificial-Fragrance-Alcohol%2Fdp%2FB09KTQGBTM%2Fref%3Dsr_1_100_sspa%3Fkeywords%3DFacial%2Bsprays%26qid%3D1680708446%26sr%3D8-100-spons%26sp_csd%3Dd2lkZ2V0TmFtZT1zcF9hdGZfbmV4dA%26psc%3D1,,
        Blue Nectar Pure Rose Water for Face | Gulab Jal Rose Water Spray for Face | Natural Face Toner for Glowing Skin & Pore Tightening |  Summer Face Mist Spray (200 ml)       ,Facial sprays,Blue Nectar,All,https://www.amazon.in/Blue-Nectar-Shubhr-Steam-Distilled/dp/B08LVT8R1Z/ref=sr_1_101?keywords=Facial+sprays&qid=1680708446&sr=8-101,,
        Reviva Rose Facial Spray 8 Oz       ,Facial sprays,Reviva,Normal,https://www.amazon.in/Reviva-Rose-Facial-Spray-Oz/dp/B0016BEQZM/ref=sr_1_102?keywords=Facial+sprays&qid=1680708446&sr=8-102,,
"        Rosehip Face Toner Spray for Face body hair Fights blackheads & reduces pore size, Penetrates deep to fight acne at its source - Nourishing & Hydrating Facial Mist       ",Facial sprays,BeShiny,"Oily, Combination, Dry",https://www.amazon.in/Rosehip-Fights-blackheads-reduces-Penetrates/dp/B07PPBX534/ref=sr_1_103?keywords=Facial+sprays&qid=1680708446&sr=8-103,,
        Forever 29 - Hydrosol Blend - 100% Pure Floral Water - All Natural Facial Spray - 4 OZ       ,Facial sprays,GreenHealth,All,https://www.amazon.in/Forever-29-Hydrosol-Floral-Natural/dp/B074QTMN9X/ref=sr_1_104?keywords=Facial+sprays&qid=1680708446&sr=8-104,,
"        MyChelle Fruit Enzyme Hydrating Mist, Moisturizing, Antioxidant-Rich Facial Spray for All Skin Types, 4.2 fl oz       ",Facial sprays,MyChelle Dermaceuticals,All,https://www.amazon.in/MyChelle-Enzyme-Hydrating-Moisturizing-Antioxidant-Rich/dp/B000MASTM4/ref=sr_1_105?keywords=Facial+sprays&qid=1680708446&sr=8-105,,
"        Minimalist 8% Glycolic Acid Toner For Glowing Skin | Multi-functional Exfoliating Toner With Bamboo Water for Body, Face, Underarms & Scalp | For Women & Men | 150 ml       ",Facial sprays,Minimalist,"All, Oily, Combination, Sensitive, Dry",https://www.amazon.in/Minimalist-Glycolic-Multi-functional-Exfoliating-Underarms/dp/B0BNBXWVY3/ref=sr_1_106?keywords=Facial+sprays&qid=1680708446&sr=8-106,,
"        DEEP ROOTS Aloe vera and Cucumber Facial Mist Normal, Oily, Acne-Prone, Combination Skin | Make-up Setting Spray | Phthalate Free | Paraben Free |100 Ml With Free Assorted Pouch       ",Facial sprays,DEEP ROOTS,Normal,https://www.amazon.in/DEEP-ROOTS-Acne-Prone-Combination-100/dp/B09SGBDDLN/ref=sr_1_107?keywords=Facial+sprays&qid=1680708446&sr=8-107,,
        JTM Rose Water Gulab Jal Face Cleanser Facial Cleaning Skin Toner for Men & Women 100% Natural & Sulphate-free (Without Spray) (Pack of 4)       ,Facial sprays,JTM,All,https://www.amazon.in/JTM-Cleanser-Cleaning-Natural-Sulphate-free/dp/B09YM4NBJM/ref=sr_1_108?keywords=Facial+sprays&qid=1680708446&sr=8-108,,
"        Ak veda Ayurvedic Gulab Jal/Rose Water Spray Facial Mist Toner For Glowing Skin, Pores Minimising - Men & Women (200+50) ml       ",Facial sprays,AK VEDA,All,https://www.amazon.in/Ayurvedic-Gulab-Facial-Glowing-Minimising/dp/B0BXKRXS2R/ref=sr_1_109?keywords=Facial+sprays&qid=1680708446&sr=8-109,,
        Kaaya Natural Pure Rose Water Facial Tonic Mist for Face Skin | 100% Organic & Natural | Unisex Toner Spray For All Skin Types | 100ML Bottle       ,Facial sprays,Kaaya Natural,All,https://www.amazon.in/Kaaya-Natural-Facial-Organic-Unisex/dp/B0BN6YJBFB/ref=sr_1_110?keywords=Facial+sprays&qid=1680708446&sr=8-110,,
        Orgello herbal Cucumber Toner Mist Spray for Face (100 ml ) + Vitamin C Facial Skin Toner (100 ml ) - Pack Of 2 - for men women girls boys normal oily dry skin sls paraben mineral oil free       ,Facial sprays,Orgello,All,https://www.amazon.in/Orgello-herbal-Cucumber-Vitamin-Facial/dp/B091PV28Z2/ref=sr_1_111?keywords=Facial+sprays&qid=1680708446&sr=8-111,,
"        Herbs & More Vitamin Therapy Face Mist Facial Spray For Instant Refreshment & Glow Vitamin E + Coconut + White Tea + Rose Water + Olive + Aloevera (100ml, Pack Of 3)       ",Facial sprays,Herbs & More,"All, Oily, Combination, Sensitive, Dry",https://www.amazon.in/Herbs-More-Face-Refreshment-Aloevera/dp/B0BHP7FHL1/ref=sr_1_112?keywords=Facial+sprays&qid=1680708446&sr=8-112,,
        Crysalis 100% Pure Natural Rosemary Hydrosol Uncut Steam Distilled Leaves & Stems of Crysalis rosmarinus Purified Floral Water Cosmetic Grade Facial Aromatic Mist Spray Rejuvenates Skin Cells -100 ML       ,Facial sprays,Crysalis,All,https://www.amazon.in/Crysalis-Rosemary-Distilled-rosmarinus-Rejuvenates/dp/B09XJ3S594/ref=sr_1_113?keywords=Facial+sprays&qid=1680708446&sr=8-113,,
"        Al-Arsh Rose Water for Face and Hair, Organic Facial Toner. Alcohol-Free Makeup Setting Hydrating Spray Mist.100% Natural Anti-Aging Rosewater       ",Facial sprays,FKC,All,https://www.amazon.in/Alcohol-Free-Hydrating-Mist-100-Anti-Aging-Rosewater/dp/B0B22PG86Z/ref=sr_1_114?keywords=Facial+sprays&qid=1680708446&sr=8-114,,
        NEUD Witch Hazel Facial Mist Spray for Dehydrated & Irritated Skin - 2 Packs (100ml Each)       ,Facial sprays,NEUD Xpose Yourself,All,https://www.amazon.in/NEUD-Witch-Facial-Dehydrated-Irritated/dp/B09V1CCKRW/ref=sr_1_115?keywords=Facial+sprays&qid=1680708446&sr=8-115,,
        GOOD DEEDS Pure Rose Water Face Toner Spray With No Artificial Fragrance & Alcohol - Steam Distilled - For All Skin Types - Face Toner/Skin Toner/Makeup Remover - For Men and Women - 200ml       ,Facial sprays,GOOD DEEDS,"All, Acne Prone Skin, Combination, Sensitive, Dry",https://www.amazon.in/GOOD-DEEDS-Artificial-Fragrance-Alcohol/dp/B09KTQGBTM/ref=sr_1_116?keywords=Facial+sprays&qid=1680708446&sr=8-116,,
"        Plum Green Tea Revitalizing Face Mist | Normal, Oily, Acne-Prone, Combination Skin | Make-up Setting Spray | Green Tea | Aloe Vera | 100% Vegan | Phthalate Free | Paraben Free | 100ml       ",Facial sprays,Plum,Oily,https://www.amazon.in/sspa/click?ie=UTF8&spc=MToyNDA2MDY1OTU2MzM2Mzg6MTY4MDcwODQ0NjpzcF9tdGY6MjAwNjg4OTYyMjE5OTg6OjA6Og&url=%2FPlum-Green-Revitalizing-Face-100ml%2Fdp%2FB07C229HS1%2Fref%3Dsr_1_117_sspa%3Fkeywords%3DFacial%2Bsprays%26qid%3D1680708446%26sr%3D8-117-spons%26sp_csd%3Dd2lkZ2V0TmFtZT1zcF9tdGY%26psc%3D1,,
"        Rosehip Face Toner Spray for Face body hair Fights blackheads & reduces pore size, Penetrates deep to fight acne at its source - Nourishing & Hydrating Facial Mist       ",Facial sprays,BeShiny,"Oily, Combination, Dry",https://www.amazon.in/sspa/click?ie=UTF8&spc=MToyNDA2MDY1OTU2MzM2Mzg6MTY4MDcwODQ0NjpzcF9tdGY6MjAwNjc1Njg1MDk0MDE6OjA6Og&url=%2FRosehip-Fights-blackheads-reduces-Penetrates%2Fdp%2FB07PPBX534%2Fref%3Dsr_1_118_sspa%3Fkeywords%3DFacial%2Bsprays%26qid%3D1680708446%26sr%3D8-118-spons%26sp_csd%3Dd2lkZ2V0TmFtZT1zcF9tdGY%26psc%3D1,,
"        WishCare® 100% Pure & Natural Rose Water - For Skin, Face & Hair - Steam Distilled - Kannauj Gulab Jal - Spray Skin Toner - Free From Paraben, Alcohol & Chemicals - 200 ml       ",Facial sprays,WishCare,"All, Oily, Combination, Sensitive, Dry",https://www.amazon.in/sspa/click?ie=UTF8&spc=MToyNDA2MDY1OTU2MzM2Mzg6MTY4MDcwODQ0NjpzcF9tdGY6MjAxMzA1NDM0MDg0OTg6OjA6Og&url=%2FWishCare%25C2%25AE-100-Pure-Natural-Water%2Fdp%2FB08THR3X4K%2Fref%3Dsr_1_119_sspa%3Fkeywords%3DFacial%2Bsprays%26qid%3D1680708446%26sr%3D8-119-spons%26sp_csd%3Dd2lkZ2V0TmFtZT1zcF9tdGY%26psc%3D1,,
"        O3+ Whitening Tonic For Smoother Younger Facial Skin, 150 Ml       ",Facial sprays,O3+,All,https://www.amazon.in/sspa/click?ie=UTF8&spc=MToyNDA2MDY1OTU2MzM2Mzg6MTY4MDcwODQ0NjpzcF9tdGY6MjAwOTA1MDg2NDI0OTg6OjA6Og&url=%2FWhitening-Tonic-Smoother-Younger-Facial%2Fdp%2FB00Q3FMMRA%2Fref%3Dsr_1_120_sspa%3Fkeywords%3DFacial%2Bsprays%26qid%3D1680708446%26sr%3D8-120-spons%26sp_csd%3Dd2lkZ2V0TmFtZT1zcF9tdGY%26psc%3D1,,
        Generic Portable Usb Nano Mist Spray Handy Atomization Mister Face Facial Moisturizing Replenishing Handy Mist Sprayer Color - White       ,Facial sprays,Generic,All,https://www.amazon.in/Generic-Portable-Atomization-Moisturizing-Replenishing/dp/B07LDBJZVS/ref=sr_1_121?keywords=Facial+sprays&qid=1680708446&sr=8-121,,
"        Sotrue Rose Water Spray For Face | Alcohol Free Face Toner with Bulgarian Rose & Hyaluronic Acid 200ml | Skin Refining , Pore Tightening | Suitable for Oily , Acne Prone , Dry and Normal Skin       ",Facial sprays,SOTRUE,All,https://www.amazon.in/Bulgarian-Hyaluronic-Refining-Tightening-Cleansing/dp/B09TWF6XBP/ref=sr_1_122?keywords=Facial+sprays&qid=1680708446&sr=8-122,,
        Aqualogica Clear+ Refresh Toning Mist with Green Tea & Salicylic Acid | Facial Toner | Controls Oil | Hydrates & Refreshes Skin |100 ml       ,Facial sprays,Aqualogica,All,https://www.amazon.in/Aqualogica-Salicylic-Controls-Hydrates-Refreshes/dp/B0BL3HR4GL/ref=sr_1_123?keywords=Facial+sprays&qid=1680708446&sr=8-123,,
"        Buds & Berries Soothing Facial Mist Toner with Cucumber and Green Apple | Calms and Soothes Skin, Normal To Oily Skin | Alcohol Free, Paraben Free (200 ml)       ",Facial sprays,Buds & Berries,Combination,https://www.amazon.in/Buds-Berries-Soothing-Cucumber-Alcohol/dp/B09DYL6GM3/ref=sr_1_124?keywords=Facial+sprays&qid=1680708446&sr=8-124,,
"        Dr. Morepen Rose Water Spray - Pure & Natural | 100% Herbal, High in Vitamin A & C, Good For All Skin Types | Instant Hydration, Anti Aging, Natural Toner & Cleanser | Natural Rose Water Spray - Pack of 3 (100 ml each)       ",Facial sprays,Dr. Morepen,All,https://www.amazon.in/Dr-Morepen-Rose-Water-Spray/dp/B09KCJDV3N/ref=sr_1_125?keywords=Facial+sprays&qid=1680708446&sr=8-125,,
        SKINIFY Rose Water Spray for Face and Hair | 100% Pure Moroccan Rosewater for Skin Toning and Hydration | Alcohol-Free Natural Facial Mist 100 ML       ,Facial sprays,SKINIFY COSMETICS,All,https://www.amazon.in/Natural-Rose-Water-100-Pure/dp/B0BGY7KLW5/ref=sr_1_126?keywords=Facial+sprays&qid=1680708446&sr=8-126,,
"        Urvija Lavender Mint Facial Spray 100 ml - Hydrating & Skin Rejuvenating | Free from Chemicals, Paraben & Petrochemicals| Certified Vegan and Palm oil Free       ",Facial sprays,Urvija,"Oily, Dry, Normal",https://www.amazon.in/Urvija-Lavender-Mint-Facial-Spray/dp/B0BNBJ6T5T/ref=sr_1_127?keywords=Facial+sprays&qid=1680708446&sr=8-127,,
        Nyamah Sales Rose Water Spray for Face Cleansing and Toning Natural Gulab Jal Facial Mist Toner For Glowing Skin Men and Women 100ml       ,Facial sprays,Nyamah Sales,All,https://www.amazon.in/Nyamah-Sales-Cleansing-Natural-Glowing/dp/B0BBZZFXYV/ref=sr_1_128?keywords=Facial+sprays&qid=1680708446&sr=8-128,,
        TNW-THE NATURAL WASH Rose Water Spray for Face - Face Toner/Skin Toner/Makeup Remover - For All Skin Types Women & Men (Free from Artificial Fragrance & Alcohol) - 200 ml       ,Facial sprays,TNW-THE NATURAL WASH,All,https://www.amazon.in/TNW-Natural-Distilled-Artificial-Fragrance/dp/B07YQXJCHF/ref=sr_1_129?keywords=Facial+sprays&qid=1680708446&sr=8-129,,
"        Juicy Chemistry Rose Water Face Toner for Glowing, Brighter and Hydrated Skin - Made with Bulgarian Damask Roses, 110 ml - Clinically Tested & 100% Certified Organic (Mist Spray)       ",Facial sprays,Juicy Chemistry,All,https://www.amazon.in/Juicy-Chemistry-Organic-Hydrating-Mistfor/dp/B07G87P3LS/ref=sr_1_130?keywords=Facial+sprays&qid=1680708446&sr=8-130,,
"        ESSENCE Rose Water Spray Facial Toner For Men & Women | Dry Skin, Skin Brightening and Glowing Face With Pure Rose Water Extract (Rose Toner, 200 Ml)       ",Facial sprays,ESSENCE,All,https://www.amazon.in/ESSENCE-Rose-Face-Wash-Cleansing/dp/B09GXFYSC8/ref=sr_1_131?keywords=Facial+sprays&qid=1680708446&sr=8-131,,
"        Pure Lushh Glow Toner Moisturizing Face Spray Toner for Skin ,Alcohol Free Toner | For Oily, Acne Prone Skin | Shrinks & Tightens Pores |(Skin Hydrating-Facial, 100 ml)       ",Facial sprays,Pure Lushh,Acne Prone Skin,https://www.amazon.in/Pure-Lushh-Moisturizing-Hydrating-Facial/dp/B09BFS4XL8/ref=sr_1_132?keywords=Facial+sprays&qid=1680708446&sr=8-132,,
        Generic Portable Usb Nano Mist Spray Handy Atomization Mister Face Facial Moisturizing Replenishing Handy Mist Sprayer Color - Red       ,Facial sprays,Generic,All,https://www.amazon.in/Generic-Portable-Atomization-Moisturizing-Replenishing/dp/B07L4THZL1/ref=sr_1_133?keywords=Facial+sprays&qid=1680708446&sr=8-133,,
        Generic Portable Usb Nano Mist Spray Handy Atomization Mister Face Facial Moisturizing Replenishing Handy Mist Sprayer Color - Pink       ,Facial sprays,Generic,All,https://www.amazon.in/Generic-Portable-Atomization-Moisturizing-Replenishing/dp/B07L4RVHTX/ref=sr_1_134?keywords=Facial+sprays&qid=1680708446&sr=8-134,,
        Simple Kind To Skin Soothing Facial Toner 200 ml       ,Facial sprays,Simple,Normal,https://www.amazon.in/Simple-Kind-Soothing-Facial-Toner/dp/B014G4Z42O/ref=sr_1_135?keywords=Facial+sprays&qid=1680708446&sr=8-135,,
"        BE SOULFULL Pore Minimizing Toner With Glycolic Acid & Red Clover Flower- Facial Exfoliating, Skin Balancing Pore Reducing Toner- Suitable For Oily, Acne Prone, Sensitive & Normal Skin- 100ml       ",Facial sprays,BE SOULFULL,All,https://www.amazon.in/Soulfull-Tightening-Exfoliation-Alcohol-Free-Sensitive/dp/B09XDPMK9F/ref=sr_1_136?keywords=Facial+sprays&qid=1680708446&sr=8-136,,
        24K Gold Rose Water Facial Toner by Leven Rose - 100% Pure Organic Natural Moroccan Rosewater Hydrosol Face Spray - 4 oz       ,Facial sprays,Leven Rose,Oily,https://www.amazon.in/Gold-Water-Facial-Toner-Leven/dp/B01MV1YWWR/ref=sr_1_137?keywords=Facial+sprays&qid=1680708446&sr=8-137,,
"        SeaSoul Intensive Brightening Face Toner Mist Spray for Brightening, Pore Tightening, Hydration & Skin Makeup Cleansing Infused with Hyaluronic Acid, Goji Berries, Azelaic, Collagen, Glutathione & Vitamin C (100 ml)       ",Facial sprays,Seasoul,Combination,https://www.amazon.in/Intensive-Brightening-Tightening-Hyaluronic-Glutathione/dp/B093DCTMZ9/ref=sr_1_138?keywords=Facial+sprays&qid=1680708446&sr=8-138,,
"        INDULGEO ESSENTIALS Rose Geranium Witch Hazel Facial Mist Skin Toner Pack Of 2 (100Ml) Facial Tonner, Black Spots, Dull & Dark Skin, 100% Organic       ",Facial sprays,INDULGEO ESSENTIALS,All,https://www.amazon.in/Geranium-Facial-Tonner-Remove-Impurities/dp/B096P66RX3/ref=sr_1_139?keywords=Facial+sprays&qid=1680708446&sr=8-139,,
        DONGINBI Red Ginseng Moisture & Balancing Facial Mist - Korean Hydrating Face Mist Spray - Soothing & Refreshing Facial Spray 100ml by Korea Ginseng Corp       ,Facial sprays,Donginbi,All,https://www.amazon.in/DONGINBI-Ginseng-Moisture-Balancing-Facial/dp/B08GNZFWVG/ref=sr_1_140?keywords=Facial+sprays&qid=1680708446&sr=8-140,,
"        GoshLife Hydra illuminizer Vitamin C Face Mist, Rose water, Brightening, Make-up Setting Spray, Pore Minimizing, Boost Hydration | Alcohol Free | Toner | 100ml       ",Facial sprays,GoshLife,"Oily, Combination, Sensitive, Dry, Normal",https://www.amazon.in/GoshLife-illuminizer-Brightening-Smoothening-Hydration/dp/B08P5R6XXK/ref=sr_1_141?keywords=Facial+sprays&qid=1680708446&sr=8-141,,
        YOVIEX Gulab Jal/Rose Water Pure Rose Water Skin Toner Pack Rose Water Gulab Jal Face Cleanser Facial Cleaning Spray Skin Toner for Men & Women 100% Natural & Sulphate-free| Quantity - 100 ML       ,Facial sprays,YOVIEX,All,https://www.amazon.in/YOVIEX-Cleanser-Cleaning-Sulphate-free-Quantity/dp/B09M42495C/ref=sr_1_142?keywords=Facial+sprays&qid=1680708446&sr=8-142,,
        Pure Natural Aloe Vera Mist Setting Spray and Face Toner - Soothing Natural Facial Mist For Sunburn Relief and Acne With Witch Hazel Extract and Manuka Honey - Hydrates and Moisturizes Skin and Hair       ,Facial sprays,Honeyskin,All,https://www.amazon.in/Pure-Natural-Setting-Spray-Toner/dp/B087KZRHT7/ref=sr_1_143?keywords=Facial+sprays&qid=1680708446&sr=8-143,,
"        Stockout ShopUSAIndia Mario Badescu Facial Spray with Aloe, Chamomile and Lavender, 4 oz/118 mL, Standard Size       ",Facial sprays,Stockout,Normal,https://www.amazon.in/ShopUSAIndia-BADESCU-Facial-Chamomile-Lavender/dp/B07N65CJPX/ref=sr_1_144?keywords=Facial+sprays&qid=1680708446&sr=8-144,,
        Seer Secrets Combo Pack of Lemon Cinnamon Facial Cleanser + lavender Facial Mist Spray for Hydrating Skin | Suitable for Oily Skin - Set of 2       ,Facial sprays,Seer Secrets,Oily,https://www.amazon.in/Seer-Secrets-Retarding-Tranquility-Hydrating/dp/B08KXRTDTP/ref=sr_1_145?keywords=Facial+sprays&qid=1680708446&sr=8-145,,
"        Essentium Phygen Evver Tea Tree Acne Spray, Profused with Tea Tree Oil and Limon Fruit Extract, 50 ml       ",Facial sprays,Essentium Phygen,"Oily, Combination, Dry, Normal",https://www.amazon.in/Essentium-Phygen-Evver-Profused-Extract/dp/B08121VVLM/ref=sr_1_146?keywords=Facial+sprays&qid=1680708446&sr=8-146,,
"        Jovees Herbal Rose Toner Spray For Face, 200 ml | Rose Water and Vitamin C Toner for All Skin Types | Paraben & Alcohol Free       ",Facial sprays,Jovees,"Acne Prone,All Skin Types",https://www.amazon.in/Jovees-Herbal-Vitamin-Paraben-Alcohol/dp/B0957D1FBM/ref=sr_1_147?keywords=Facial+sprays&qid=1680708446&sr=8-147,,
        Toner hydration moisturizing water facial mist spray for skin care       ,Facial sprays,Generic,All,https://www.amazon.in/Toner-hydration-moisturizing-water-facial/dp/B09CD9HKZJ/ref=sr_1_148?keywords=Facial+sprays&qid=1680708446&sr=8-148,,
        JTM Rose Water Gulab Jal Face Cleanser Facial Cleaning Spray Skin Toner for Men & Women 100% Natural & Sulphate-free (Pack of 4) (With Spray)       ,Facial sprays,JTM,All,https://www.amazon.in/JTM-Cleanser-Cleaning-Natural-Sulphate-free/dp/B09YLSN7WS/ref=sr_1_149?keywords=Facial+sprays&qid=1680708446&sr=8-149,,
        Just Herbs Ayurvedic Creamy Matte Lipstick Set ( Pack of 16) & Just Herbs Ayurvedic Gulab Jal/Rose Water Spray Facial Mist Toner 100ml & Just Herbs Ayurvedic Silksplash Face Wash 100Ml       ,Facial sprays,Just Herbs,All,https://www.amazon.in/Just-Herbs-Ayurvedic-Lipstick-Silksplash/dp/B0BCJPYVPR/ref=sr_1_151?keywords=Facial+sprays&qid=1680708446&sr=8-151,,
        VHCA Pure Steam Distilled Rose Water Spray | Rose Water Spray For Face | Rose Water Toner | Gulab Jal Spray/Toner | Rose Water For Face | For Men Women Boys Girls | 100 ml       ,Facial sprays,VHCA,"All, Combination, Dry",https://www.amazon.in/VHCA-Distilled-Water-Spray-Normal/dp/B09V7BG19K/ref=sr_1_152?keywords=Facial+sprays&qid=1680708446&sr=8-152,,
        VHCA Pure Steam Distilled Rose Water Spray | Rose Water Spray For Face | Rose Water Toner | Gulab Jal Spray/Toner | Rose Water For Face | For Men Women Boys Girls | 100 ml       ,Facial sprays,VHCA,"All, Combination, Dry",https://www.amazon.in/sspa/click?ie=UTF8&spc=MToyNDA2MDY1OTU2MzM2Mzg6MTY4MDcwODQ0NjpzcF9idGY6MjAxMTI4MDYxNzQyOTg6OjA6Og&url=%2FVHCA-Distilled-Water-Spray-Normal%2Fdp%2FB09V7BG19K%2Fref%3Dsr_1_153_sspa%3Fkeywords%3DFacial%2Bsprays%26qid%3D1680708446%26sr%3D8-153-spons%26sp_csd%3Dd2lkZ2V0TmFtZT1zcF9idGY%26psc%3D1,,
        O3+ Deep Concerns 2 Pore Clean Up Tonic (120 ml)       ,Facial sprays,O3+,Combination,https://www.amazon.in/sspa/click?ie=UTF8&spc=MToyNDA2MDY1OTU2MzM2Mzg6MTY4MDcwODQ0NjpzcF9idGY6MjAwOTA1MDg2NDIxOTg6OjA6Og&url=%2FO3-Deep-Concerns-Clean-Tonic%2Fdp%2FB074V7NT1K%2Fref%3Dsr_1_154_sspa%3Fkeywords%3DFacial%2Bsprays%26qid%3D1680708446%26sr%3D8-154-spons%26sp_csd%3Dd2lkZ2V0TmFtZT1zcF9idGY%26psc%3D1,,
        St.Botanica Retinol Anti Aging Face Mist 120ml with Retinol to Rejuvenate & Smoothen Skin | No Parabens & Sulphates | Vegan & Cruelty Free       ,Facial sprays,St.Botanica,Normal,https://www.amazon.in/sspa/click?ie=UTF8&spc=MToyNDA2MDY1OTU2MzM2Mzg6MTY4MDcwODQ0NjpzcF9idGY6MjAwNTUxMjQ3MTk0MDE6OjA6Og&url=%2FStBotanica-Retinol-Advanced-Aging-120ml%2Fdp%2FB07WJTTMN8%2Fref%3Dsr_1_155_sspa%3Fkeywords%3DFacial%2Bsprays%26qid%3D1680708446%26sr%3D8-155-spons%26sp_csd%3Dd2lkZ2V0TmFtZT1zcF9idGY%26psc%3D1,,
"        Khadi Essentials 100% Pure Wild Rose Water For Face, Deep Hydration with Deshi Gulaab, Alcohol Free, for Women & Men, 100ml       ",Facial sprays,Khadi Essentials,"Oily, Combination, Sensitive, Dry, Normal",https://www.amazon.in/sspa/click?ie=UTF8&spc=MToyNDA2MDY1OTU2MzM2Mzg6MTY4MDcwODQ0NjpzcF9idGY6MjAxMjkxNzA1NzQ5OTg6OjA6Og&url=%2FKhadi-Essentials-Luxurious-Ayurvedic-Purified%2Fdp%2FB07W682NPM%2Fref%3Dsr_1_156_sspa%3Fkeywords%3DFacial%2Bsprays%26qid%3D1680708446%26sr%3D8-156-spons%26sp_csd%3Dd2lkZ2V0TmFtZT1zcF9idGY%26psc%3D1,,
        Blue Nectar Pure Rose Water for Face | Gulab Jal Rose Water Spray for Face | Natural Face Toner for Glowing Skin & Pore Tightening |  Summer Face Mist Spray (200 ml)       ,Facial sprays,Blue Nectar,All,https://www.amazon.in/sspa/click?ie=UTF8&spc=MTo4Nzc1MzA0ODIzNzk0MDA3OjE2ODA3MDg3MDc6c3BfYXRmX25leHQ6MjAwMjg1NTY4MjI1OTg6OjA6Og&url=%2FBlue-Nectar-Shubhr-Steam-Distilled%2Fdp%2FB08LVT8R1Z%2Fref%3Dsr_1_145_sspa%3Fkeywords%3DFacial%2Bsprays%26qid%3D1680708707%26sr%3D8-145-spons%26sp_csd%3Dd2lkZ2V0TmFtZT1zcF9hdGZfbmV4dA%26psc%3D1,,
"        CORE & PURE Rose Water- Face and Body Mist |100% Natural Hydrosol, Floral Water|- 50ml       ",Facial sprays,CORE & PURE,All,https://www.amazon.in/sspa/click?ie=UTF8&spc=MTo4Nzc1MzA0ODIzNzk0MDA3OjE2ODA3MDg3MDc6c3BfYXRmX25leHQ6MjAxMDgwMDIzNDE3OTg6OjA6Og&url=%2FCORE-PURE-Hydrating-Moisturising-Essential%2Fdp%2FB08JCNZQCM%2Fref%3Dsr_1_146_sspa%3Fkeywords%3DFacial%2Bsprays%26qid%3D1680708707%26sr%3D8-146-spons%26sp_csd%3Dd2lkZ2V0TmFtZT1zcF9hdGZfbmV4dA%26psc%3D1,,
        Nature's Veda Natural Rose Water | Skin Toner | Organic Steam Distilled Rose Water | Gulab Jal(100 Ml)       ,Facial sprays,Nature's Veda,All,https://www.amazon.in/sspa/click?ie=UTF8&spc=MTo4Nzc1MzA0ODIzNzk0MDA3OjE2ODA3MDg3MDc6c3BfYXRmX25leHQ6MjAxMzE4OTAxNTM2OTg6OjA6Og&url=%2FNatures-Veda-Organic-Steam-Distilled%2Fdp%2FB07F39S6NP%2Fref%3Dsr_1_147_sspa%3Fkeywords%3DFacial%2Bsprays%26qid%3D1680708707%26sr%3D8-147-spons%26sp_csd%3Dd2lkZ2V0TmFtZT1zcF9hdGZfbmV4dA%26psc%3D1,,
"        The Unplugged Bulgarian Rose & Ireland Seaweed Water Toner & Mist Spray | Alcohol Free | Hydrating Face Toner for Glowing Skin & Pores Tightening | For Oily, Acne Prone, Sensitive & Normal Skin (100 ml)       ",Facial sprays,THE UNPLUGGED,All,https://www.amazon.in/sspa/click?ie=UTF8&spc=MTo4Nzc1MzA0ODIzNzk0MDA3OjE2ODA3MDg3MDc6c3BfYXRmX25leHQ6MjAwNjI5NzIyMzQxOTg6OjA6Og&url=%2FUnplugged-Combination-Sensitive-Tightening-Balancing%2Fdp%2FB09Q1HR9FG%2Fref%3Dsr_1_148_sspa%3Fkeywords%3DFacial%2Bsprays%26qid%3D1680708707%26sr%3D8-148-spons%26sp_csd%3Dd2lkZ2V0TmFtZT1zcF9hdGZfbmV4dA%26psc%3D1,,
        Passion Indulge Rose Water Spray - 100ml Each (Buy 1 Get 1 Free)       ,Facial sprays,Passion Indulge,Normal,https://www.amazon.in/Passion-Indulge-Rose-Water-Spray/dp/B0792VKZQ1/ref=sr_1_150?keywords=Facial+sprays&qid=1680708707&sr=8-150,,
        Plum Bulgarian Valley Rose Water Toner (For Daily Use)|With Hyaluronic Acid & Rose Extracts|100% Natural Rose Fragrance|Soothing And Pore Tightening|Balances Ph Levels | For All Skin Types | 100Ml       ,Facial sprays,Plum,All,https://www.amazon.in/Plum-Bulgarian-Hyaluronic-Fragrance-Tightening/dp/B093CNS6G1/ref=sr_1_152?keywords=Facial+sprays&qid=1680708707&sr=8-152,,
"        WishCare® 100% Pure & Natural Rose Water - For Skin, Face & Hair - Steam Distilled - Kannauj Gulab Jal - Spray Skin Toner - Free From Paraben, Alcohol & Chemicals - 200 ml       ",Facial sprays,WishCare,"All, Oily, Combination, Sensitive, Dry",https://www.amazon.in/WishCare%C2%AE-100-Pure-Natural-Water/dp/B08THR3X4K/ref=sr_1_153?keywords=Facial+sprays&qid=1680708707&sr=8-153,,
"        Pilgrim Alcohol Free Red Vine Face Toner Spray with Vitamin B3 and Aloe, Face Mist Spray For Anti Ageing, Glowing Skin, Dry, Oily Skin, Men & Women,100ml       ",Facial sprays,Pilgrim,"All, Oily, Acne Prone Skin, Combination, Normal",https://www.amazon.in/Pilgrim-Alcohol-Toner-Ageing-Glowing/dp/B08RP69JTQ/ref=sr_1_154?keywords=Facial+sprays&qid=1680708707&sr=8-154,,
"        Lacto Calamine Cucumber Face Toner with Green Tea & Niacinamide for cool and hydrated skin. Tightens pores & evens skin tone. Suitable for Oily skin. No Sulphate, No Alcohol - 120 ml x Pack of 1       ",Facial sprays,Lacto Calamine,All,https://www.amazon.in/Lacto-Calamine-Cucumber-Niacinamide-hydrated/dp/B09S6L8ZPJ/ref=sr_1_156?keywords=Facial+sprays&qid=1680708707&sr=8-156,,
        Generic 70ml Fruit Vegetable Facial Face Steamer Nano Face Mist Spray Spa Moisture Face Sprayer Skin Care Tool Machine       ,Facial sprays,Generic,Acne Prone,https://www.amazon.in/Generic-Vegetable-Steamer-Moisture-Sprayer/dp/B07KYCXWMB/ref=sr_1_157?keywords=Facial+sprays&qid=1680708707&sr=8-157,,
        Generic Portable Usb Nano Mist Spray Handy Atomization Mister Face Facial Moisturizing Replenishing Handy Mist Sprayer Color - Pink       ,Facial sprays,Generic,All,https://www.amazon.in/Generic-Portable-Atomization-Moisturizing-Replenishing/dp/B07LDCZ9YS/ref=sr_1_158?keywords=Facial+sprays&qid=1680708707&sr=8-158,,
"        Aqualogica Hydrate+ Refresh Toning Mist with Coconut Water and Hyaluronic Acid - Hydrating & Nourishing | Balances skin pH, Deeply cleans pores | Pack of 100ml       ",Facial sprays,Aqualogica,All,https://www.amazon.in/Aqualogica-Hydrate-Refresh-Coconut-Hyaluronic/dp/B0B3R5YZ95/ref=sr_1_159?keywords=Facial+sprays&qid=1680708707&sr=8-159,,
"        ACCOJE Protective Dust Screen Mist 100 ml, Face Mist, Natural Korean Skin Care, Parabens and alcohol free, (Pack of 2)       ",Facial sprays,ACCOJE,All,https://www.amazon.in/ACCOJE-Protective-Dust-Screen-Mist/dp/B086YPFB2J/ref=sr_1_160?keywords=Facial+sprays&qid=1680708707&sr=8-160,,
        Atmiyamart Pure Rose Water Spray For Face Skin Without Chemical Makeup Remover Rose Water Spray 100ml       ,Facial sprays,Atmiyamart,Acne Prone Skin,https://www.amazon.in/Atmiyamart-Without-Chemical-Makeup-Remover/dp/B081SZ42CR/ref=sr_1_161?keywords=Facial+sprays&qid=1680708707&sr=8-161,,
        CUTISWISS Vitamin C Toner Mist Spray Enriched With Lemon & Orange Essential Oil For All Skin Types 200 ml       ,Facial sprays,CUTISWISS,All,https://www.amazon.in/CUTISWISS-Vitamin-Enriched-Orange-Essential/dp/B0BQCDGDT1/ref=sr_1_162?keywords=Facial+sprays&qid=1680708707&sr=8-162,,
        Ethiglo Spray-Vitamin C Intra Oral Spray - 50ml       ,Facial sprays,Ethiglo,Acne Prone Skin,https://www.amazon.in/Ethiglo-Spray-Vitamin-Intra-Oral-Spray/dp/B085S1QMMY/ref=sr_1_163?keywords=Facial+sprays&qid=1680708707&sr=8-163,,
"        Inatur Hydrosol Gift Boxi Contains 4 Hydrosols | Vegan I Organic I Summer Essential I Hydrates, Cleanses and Rejuvenates | 100% Pure And Natural | Facial Toner Spray Non-Irritant | Makeup Remover | Alcohol-Free | All Skin Types | For Men And Women       ",Facial sprays,INATUR,All,https://www.amazon.in/Hydrosols-Essential-Rejuvenates-Non-Irritant-Alcohol-Free/dp/B09JZN9KM2/ref=sr_1_164?keywords=Facial+sprays&qid=1680708707&sr=8-164,,
"        The True Therapy PHA Gluconolactone 10%, 17 AMINO ACID COMPLEX Gentle Exfoliating PHA Facial Toner, Hydrates, brightens, and Clears Pores, Glowing Skin for Men and Women 200 ml       ",Facial sprays,The True Therapy,"All, Combination, Sensitive",https://www.amazon.in/sspa/click?ie=UTF8&spc=MTo4Nzc1MzA0ODIzNzk0MDA3OjE2ODA3MDg3MDc6c3BfbXRmOjIwMTA0MTQ5OTYxMDk4OjowOjo&url=%2FTrue-Therapy-Gluconolactone-Exfoliating-brightens%2Fdp%2FB09Z9MHV49%2Fref%3Dsr_1_165_sspa%3Fkeywords%3DFacial%2Bsprays%26qid%3D1680708707%26sr%3D8-165-spons%26sp_csd%3Dd2lkZ2V0TmFtZT1zcF9tdGY%26psc%3D1%26smid%3DA1GPFX5HYKC1AZ,,
"        Riyo Herbs Papaya Face Toners 100ml, reduction of dark spots, blemishes Face Spray Skin feel fresh and soothing Toner for All Skin Types, Natural, No Alcohol, Parabens & Sulphates, No Animal Testing       ",Facial sprays,Riyo Herbs,All,https://www.amazon.in/sspa/click?ie=UTF8&spc=MTo4Nzc1MzA0ODIzNzk0MDA3OjE2ODA3MDg3MDc6c3BfbXRmOjIwMDk1NjA2MDAzMDk4OjowOjo&url=%2FRiyo-Herbs-reduction-blemishes-Sulphates%2Fdp%2FB0B4JM563N%2Fref%3Dsr_1_166_sspa%3Fkeywords%3DFacial%2Bsprays%26qid%3D1680708707%26sr%3D8-166-spons%26sp_csd%3Dd2lkZ2V0TmFtZT1zcF9tdGY%26psc%3D1,,
"        LEVLENT No Alcohol Face Toner Mist Spray, Witch Hazel, Vitamin B5, Glycerin, Hydrating Cleansing Pore Tightening 100ml       ",Facial sprays,LEVLENT,"All, Oily, Sensitive, Dry, Normal",https://www.amazon.in/sspa/click?ie=UTF8&spc=MTo4Nzc1MzA0ODIzNzk0MDA3OjE2ODA3MDg3MDc6c3BfbXRmOjIwMTM0NDE1MTA4MDk4OjowOjo&url=%2FLEVLENT-Glycerin-Hydrating-Cleansing-Tightening%2Fdp%2FB0BJDFK64Y%2Fref%3Dsr_1_167_sspa%3Fkeywords%3DFacial%2Bsprays%26qid%3D1680708707%26sr%3D8-167-spons%26sp_csd%3Dd2lkZ2V0TmFtZT1zcF9tdGY%26psc%3D1,,
"        Seer Secrets Natural Facial Mist Toner for Hydrate, Refresh & Tone Skin Suitable for Men & Women|Pack of 100Ml       ",Facial sprays,Seer Secrets,All,https://www.amazon.in/sspa/click?ie=UTF8&spc=MTo4Nzc1MzA0ODIzNzk0MDA3OjE2ODA3MDg3MDc6c3BfbXRmOjIwMDIyMTAwMDk3NzAyOjowOjo&url=%2FSeer-Secrets-Silverated-Lavender-Tranquility%2Fdp%2FB074SLZVH8%2Fref%3Dsr_1_168_sspa%3Fkeywords%3DFacial%2Bsprays%26qid%3D1680708707%26sr%3D8-168-spons%26sp_csd%3Dd2lkZ2V0TmFtZT1zcF9tdGY%26psc%3D1,,
"        Quinnââ‚¬â„¢s Rose Water Spray. Facial Toner Mist with Pure Rosewater. Alcohol Free Moisturizer and Skincare for Face, Hair and more. 8oz       ",Facial sprays,Quinn27s,"Sensitive, Dry",https://www.amazon.in/Quinn27s-Quinn%C3%A2%E2%82%ACTMS-Rosewater-Moisturizer-Skincare/dp/B01D401QGO/ref=sr_1_169?keywords=Facial+sprays&qid=1680708707&sr=8-169,,
        Olava Naturals Pure Rose Water - 100% Pure and Natural Steam Distilled Gulab Jal Face Toner - Rose Water Spray for Face - Rose Face Mist - Rose Water Toner for Glowing Skin - 200 ml       ,Facial sprays,Olava Naturals,All,https://www.amazon.in/Olava-Naturals-Pure-Rose-Water/dp/B0BQRRQHN5/ref=sr_1_170?keywords=Facial+sprays&qid=1680708707&sr=8-170,,
"        Algeloe-O Hydraenergizing Super Hydrating Mist Spray with Aloe vera & Hyaluronic acid for Instant Skin Moisturization, Soothes, Revitalizes & Refreshes for all skin types - 100 ML       ",Facial sprays,ALGELOE,All,https://www.amazon.in/Hydraenergizing-Hydrating-Hyaluronic-Moisturization-Revitalizes/dp/B09XHXSLPL/ref=sr_1_171?keywords=Facial+sprays&qid=1680708707&sr=8-171,,
"        Vaseline Daily Bright & Calming Body Serum Spray 180ml, Feels Light and Makes Skin Bright       ",Facial sprays,Vaseline,All,https://www.amazon.in/Vaseline-Superlight-Absorbing-Enriched-Brighter/dp/B09V7LDFRD/ref=sr_1_172?keywords=Facial+sprays&qid=1680708707&sr=8-172,,
"        Glowlogica's Vitamin C Facial Mist & Toner for Glowing Skin with Lemon & Orange Extract - 100 ml Hydrating Light Weight Face Spray Toner for All Skin Types, Natural, No Alcohol, Parabens & Sulphates       ",Facial sprays,Glow logica,All,https://www.amazon.in/Glowlogicas-Vitamin-Facial-Glowing-Extract/dp/B0BZF22PC2/ref=sr_1_173?keywords=Facial+sprays&qid=1680708707&sr=8-173,,
        EcstaCBeauty Fantasy Facial Toning Mist Toner for Men & Women | Alcohol Free Anti-Aging Natural Astringent Toner for Glowing &Toned Skin for All Skin Types (120 ML)       ,Facial sprays,EcstaCBeauty,All,https://www.amazon.in/EcstaCBeauty-Fantasy-Alcohol-Anti-Aging-Astringent/dp/B0B76TYXZS/ref=sr_1_174?keywords=Facial+sprays&qid=1680708707&sr=8-174,,
"        Rose Water Toner for Face - 100% Pure & Natural Flower Facial Cleanser - Preps Sensitive, Dry, & Acne Prone Skin for Serums & Moisturizers - Put Those Spray Mists Away & Blossom - InstaNatural - 4 OZ       ",Facial sprays,InstaNatural,All,https://www.amazon.in/Rose-Water-Toner-Face-Moisturizers/dp/B00IMHN0B4/ref=sr_1_175?keywords=Facial+sprays&qid=1680708707&sr=8-175,,
        UrbanBotanics® Pure & Natural Rose Water/Skin Toner - Pack of 200ml - Steam Distilled - Gulab Jal - Organic - Chemical Free       ,Facial sprays,UrbanBotanics,All,https://www.amazon.in/UrbanBotanicsTM-Natural-Distilled-Organic-Chemical/dp/B07MW7CX3T/ref=sr_1_177?keywords=Facial+sprays&qid=1680708707&sr=8-177,,
        Avimee Herbal Sunehri Pure Marigold Water | For Acne Free Skin | Beat the Heat | Soothing & Anti Bacterial Face Mist | 110 ml       ,Facial sprays,Avimee Herbal,All,https://www.amazon.in/Avimee-Herbal-Sunehri-Marigold-Soothing/dp/B0BBVR9Z74/ref=sr_1_178?keywords=Facial+sprays&qid=1680708707&sr=8-178,,
"        GoshLife Hydra illuminizer Vitamin C Face Mist, Rose water, Brightening, Make-up Setting Spray, Pore Minimizing, Boost Hydration | Alcohol Free | Toner | 100ml Each (Pack of 2)       ",Facial sprays,GoshLife,"All, Oily, Acne Prone Skin, Combination, Sensitive",https://www.amazon.in/GoshLife-illuminizer-Brightening-Minimizing-Hydration/dp/B09BZ8X95B/ref=sr_1_179?keywords=Facial+sprays&qid=1680708707&sr=8-179,,
        St.Botanica Hyaluronic Acid Hydra Boost Face Mist 120ml with Hyaluronic Acid for Hydrated & Refreshed Skin | No Parabens & Sulphates | Cruelty Free       ,Facial sprays,St.Botanica,Normal,https://www.amazon.in/StBotanica-Hyaluronic-Hydra-Boost-Nutrient/dp/B07WGN48DJ/ref=sr_1_180?keywords=Facial+sprays&qid=1680708707&sr=8-180,,
"        Husn E Heaven Organic Rose Water and Skin Toning Spray for Face Cleaning, Toning, Hydration, Makeup Remover For Both Men and Women, Gulab Jal, Chemical Free, (200 ML)       ",Facial sprays,Husn E Heaven,"All, Oily, Combination, Sensitive, Dry",https://www.amazon.in/Husn-Heaven-Organic-Water-Chemical/dp/B09CP366D9/ref=sr_1_181?keywords=Facial+sprays&qid=1680708707&sr=8-181,,
"        Biotique Cucumber Pore Tightening Refreshing Toner with Himalayan Waters, Pack of 120ml       ",Facial sprays,Biotique,Combination,https://www.amazon.in/Biotique-Cucumber-Tightening-Himalayan-Waters/dp/B00791CS2G/ref=sr_1_182?keywords=Facial+sprays&qid=1680708707&sr=8-182,,
"        VIROYA - Face & Body Mist, Relax & Rejuvenate on the go, 100% Natural Rose Water Hydrating Face Mist, Spray Rose Gold Face Mist Facial Hydrating Natural Skin       ",Facial sprays,VIROYA,Normal,https://www.amazon.in/VIROYA-Rejuvenate-Natural-Hydrating-Facial/dp/B09PBQG8SF/ref=sr_1_183?keywords=Facial+sprays&qid=1680708707&sr=8-183,,
"        LUXURIATE Pure and Natural Lime Face Mist Spray for Instant Hydration & Moisturization for Men and Women | Makeup Fixer, Pure Face Mist Spray/Toner for All Skin Types - 100 ml       ",Facial sprays,LUXURIATE,All,https://www.amazon.in/LUXURIATE-Pure-Natural-Spray-Women/dp/B08JV8XVLK/ref=sr_1_184?keywords=Facial+sprays&qid=1680708707&sr=8-184,,
"        UPAKARMA Ayurveda Premium Pure and Natural Rose Water Spray for Face, Rosemary, Gulab Jal, 120ml- Pack of 1       ",Facial sprays,UPAKARMA,"Oily, Combination, Dry, Normal",https://www.amazon.in/UPAKARMA-Ayurveda-Premium-Natural-120ml/dp/B08QS6ZJXR/ref=sr_1_185?keywords=Facial+sprays&qid=1680708707&sr=8-185,,
"        Ayuga 5% Chandanam Night Gel with Sandalwood, Turmeric and 26 Precious Herbs | Night Cream for Glowing Skin| Hydrates Skin, Makes it Soft & Plump | For All Skin Types | 50 g       ",Facial sprays,Ayuga,All,https://www.amazon.in/Ayuga-Chandanam-Sandalwood-Turmeric-Precious/dp/B0B4PQM7NW/ref=sr_1_186?keywords=Facial+sprays&qid=1680708707&sr=8-186,,
        The Bare Bar | Rose Facial Mist I For All Skin Types I Refreshing & Toning I 15 ML       ,Facial sprays,The Bare Bar,All,https://www.amazon.in/Bare-Bar-Facial-Refreshing-Toning/dp/B0B57GVDYM/ref=sr_1_188?keywords=Facial+sprays&qid=1680708707&sr=8-188,,
"        Mash'd elements' Luxurious Steam Distilled 100% Natural Saffron Water Toner Spray. Face Mist Suitable for All Skin Types. Enhances Glow, Prevents Pigmentation, Chemical free for Face & Skin. 100ml       ",Facial sprays,Mash'd elements,"All, Oily, Sensitive, Dry, Normal",https://www.amazon.in/Mashd-elements-Luxurious-Water-Pigmentation/dp/B095YQ7WR4/ref=sr_1_189?keywords=Facial+sprays&qid=1680708707&sr=8-189,,
"        Auli Dazzle Pure Rose Water and Tuberose Extracts induced Facial Toner for all skin types, it helps hydrate skin, minimise pores, refresh dull skin cells and controls oils to prevent breakouts - 120ML       ",Facial sprays,AULI LIFESTYLE,"All, Oily, Combination, Sensitive, Dry",https://www.amazon.in/AULI-LIFESTYLE-Dazzle-Face-Mist/dp/B0964CSVF1/ref=sr_1_190?keywords=Facial+sprays&qid=1680708707&sr=8-190,,
        St.Botanica Vitamin C Facial Series       ,Facial sprays,StBotanica,Dry,https://www.amazon.in/Stbotanica-Vitamin-C-Facial-Series/dp/B08BXVL2DJ/ref=sr_1_191?keywords=Facial+sprays&qid=1680708707&sr=8-191,,
        THE LOVE CO. Rose Water Spray for Face - Ayurvedic Gulab Jal Rose Water For Skin | Pure Rosewater Toner- Kannauj Steam Distilled - Organic Rose Water for Skin & Eyes | Toner For Dry Skin - 200ml       ,Facial sprays,THE LOVE CO.,All,https://www.amazon.in/LOVE-CO-Water-Distilled-Glowing/dp/B08QFLPVW7/ref=sr_1_192?keywords=Facial+sprays&qid=1680708707&sr=8-192,,
"        Buds & Berries Refreshing Bulgarian Rose Facial Mist Toner | Normal to Dull Skin, NO Alcohol - 200 ML       ",Facial sprays,Buds & Berries,Combination,https://www.amazon.in/Buds-Berries-Refreshing-Bulgarian-Alcohol/dp/B09DYJV1XT/ref=sr_1_193?keywords=Facial+sprays&qid=1680708707&sr=8-193,,
"        Nat Habit Mogra Jal (Mogra Water) Toner, Face-Mist, Astringent, Body-Spray for Oil-Control, Acne-Control, Hydration, Face CTM, Ayurvedic, Pure & Fresh, Steam-Distilled - 100ml (Single Pack)       ",Facial sprays,Nat Habit - Back To Natural Secrets Everyday,All,https://www.amazon.in/Nat-Habit-Oil-Control-Acne-Control-Steam-Distilled/dp/B09K4CSW4K/ref=sr_1_195?keywords=Facial+sprays&qid=1680708707&sr=8-195,,
        Moha Rose Mist For Face 100ml | Natural & Pure Gulab Jal For Men & Women. Suitable For All Skin Types       ,Facial sprays,Moha:,All,https://www.amazon.in/Moha-100ml-Natural-Gulaab-Distilled/dp/B08R1WQTVC/ref=sr_1_196?keywords=Facial+sprays&qid=1680708707&sr=8-196,,
"        SARVA 100% Pure Natural, Undiluted Rose Face Mist/ Rose Water/Gulab Jal , Steam Distilled,Skin Toner for All types of Skin, No Alcohol and No Artificial Fragrances ,Make in India, Cruelty Free & Vegan,DIY Blends (100 ml)       ",Facial sprays,SARVA,"All Skin, Oily, Combination, Sensitive, Dry, Normal",https://www.amazon.in/SARVA-Undiluted-Distilled-Artificial-Fragrances/dp/B099XC92GV/ref=sr_1_197?keywords=Facial+sprays&qid=1680708707&sr=8-197,,
"        Good Vibes Pomegranate Glow Toner 120 ml, Anti Ageing Hydrating Light Weight Moisturizing Face Spray Toner for All Skin Types, Natural, No Alcohol, Parabens & Sulphates, No Animal Testing       ",Facial sprays,Good Vibes,"All, Oily, Combination, Dry, Normal",https://www.amazon.in/Good-Vibes-Pomegranate-Toner-Moisturized/dp/B084GQSNQR/ref=sr_1_198?keywords=Facial+sprays&qid=1680708707&sr=8-198,,
"        Facial Toner with Organic and Natural Witch Hazel Rose Water Astringent - Best Hydrating and Clarifying Face Spray for Daily Use, No Alcohol or Oil, Skin Cleansing for Men and Women, 8oz       ",Facial sprays,Beauty by Earth,All,https://www.amazon.in/Facial-Toner-Hydrating-Ingredients-Astringent/dp/B00OABVT1E/ref=sr_1_199?keywords=Facial+sprays&qid=1680708707&sr=8-199,,
"        Chemist at Play Brightening Face Toner 125 ml with Ceramides | 5% Glycolic Acid + 2% Vitamin C | Spray For dull, pigmented skin, gently exfoliates, visibly brightens the skin       ",Facial sprays,Chemist at Play,All,https://www.amazon.in/Chemist-Play-Brightening-Ceramides-exfoliates/dp/B09PMRXNPQ/ref=sr_1_200?keywords=Facial+sprays&qid=1680708707&sr=8-200,,
"        RYLLZ ESSENTIALS Pure Mogra Water / Jasmine Water | Face & Body Mist | Ph Balance, Skin Refining , Pore Tightening and Deep Cleansing | 100 % Pure & Natural | Suitable for Oily , Acne Prone , Dry and Normal Skin | Steam Distilled Madurai Jasmine | Unisex | ( 100ml )       ",Facial sprays,"RYLLZ ESSENTIALS ""LUXURIOUS VEDA""",All,https://www.amazon.in/sspa/click?ie=UTF8&spc=MTo4Nzc1MzA0ODIzNzk0MDA3OjE2ODA3MDg3MDc6c3BfYnRmOjIwMTM3OTc1MTc5Mjk4OjowOjo&url=%2FRYLLZ-ESSENTIALS-Pure-Mogra-Water%2Fdp%2FB09Z6HZQB4%2Fref%3Dsr_1_201_sspa%3Fkeywords%3DFacial%2Bsprays%26qid%3D1680708707%26sr%3D8-201-spons%26sp_csd%3Dd2lkZ2V0TmFtZT1zcF9idGY%26psc%3D1,,
        Forest Essentials Facial Tonic Mist Bela|Fresh & Fragrant|Hydrates|Unisex Toner Spray For Face|50ml       ,Facial sprays,Forest Essentials,All,https://www.amazon.in/sspa/click?ie=UTF8&spc=MTo4Nzc1MzA0ODIzNzk0MDA3OjE2ODA3MDg3MDc6c3BfYnRmOjIwMTM1ODc3ODQyNTk4OjowOjo&url=%2FForest-Essentials-Facial-Fragrant-Hydrates%2Fdp%2FB09ZVF9QV4%2Fref%3Dsr_1_202_sspa%3Fkeywords%3DFacial%2Bsprays%26qid%3D1680708707%26sr%3D8-202-spons%26sp_csd%3Dd2lkZ2V0TmFtZT1zcF9idGY%26psc%3D1,,
        Organic Netra Rose Water with Vitamin C | Exfoliates the Skin and Controls Oil | Excellent for Clearing Away Makeup & Dirt from Pores| Mist Spray for All Skin Type | Paraben and Alcohol Free -200ml       ,Facial sprays,Organic Netra,"All, Oily, Combination, Sensitive, Dry",https://www.amazon.in/sspa/click?ie=UTF8&spc=MTo4Nzc1MzA0ODIzNzk0MDA3OjE2ODA3MDg3MDc6c3BfYnRmOjIwMTM0OTg4MTU4NDk4OjowOjo&url=%2FOrganic-Netra%25C2%25AE-Water-Toner-Vitamin%2Fdp%2FB099RKX2GY%2Fref%3Dsr_1_203_sspa%3Fkeywords%3DFacial%2Bsprays%26qid%3D1680708707%26sr%3D8-203-spons%26sp_csd%3Dd2lkZ2V0TmFtZT1zcF9idGY%26psc%3D1,,
        EcstaCBeauty Pomegranate Ritual Face Mist Toner for Men & Women | Alcohol Free Anti-Aging Natural Astringent Toner Spray for Glowing Skin for All Skin Types (50 ML)       ,Facial sprays,EcstaCBeauty,All,https://www.amazon.in/sspa/click?ie=UTF8&spc=MTo4Nzc1MzA0ODIzNzk0MDA3OjE2ODA3MDg3MDc6c3BfYnRmOjIwMTIxNDY4NDY2NDk4OjowOjo&url=%2FEcstaCBeauty-Pomegranate-Alcohol-Anti-Aging-Astringent%2Fdp%2FB0B6GQLFXM%2Fref%3Dsr_1_204_sspa%3Fkeywords%3DFacial%2Bsprays%26qid%3D1680708707%26sr%3D8-204-spons%26sp_csd%3Dd2lkZ2V0TmFtZT1zcF9idGY%26psc%3D1,,
"        Little Bee Pure Edible Rose Water, 500ml       ",Facial sprays,Little Bee,All,https://www.amazon.in/sspa/click?ie=UTF8&spc=MTo0NzczMzIzOTEyNjE4MDE4OjE2ODA3MDg5NTE6c3BfYXRmX25leHQ6MjAwMTI3OTQwNTQzMDQ6OjA6Og&url=%2FLittle-Bee-Edible-Water-500ml%2Fdp%2FB010USVKX2%2Fref%3Dsr_1_193_sspa%3Fkeywords%3DFacial%2Bsprays%26qid%3D1680708951%26sr%3D8-193-spons%26sp_csd%3Dd2lkZ2V0TmFtZT1zcF9hdGZfbmV4dA%26psc%3D1,,
        ISNTREE Hyaluronic Acid Toner 6.76 fl. oz.       ,Facial sprays,IsNtree,"Sensitive, Dry",https://www.amazon.in/sspa/click?ie=UTF8&spc=MTo0NzczMzIzOTEyNjE4MDE4OjE2ODA3MDg5NTE6c3BfYXRmX25leHQ6MjAxMzU4OTczMTg5OTg6OjA6Og&url=%2FISNTREE-Hyaluronic-Acid-Toner-6-76%2Fdp%2FB073J5NV5V%2Fref%3Dsr_1_194_sspa%3Fkeywords%3DFacial%2Bsprays%26qid%3D1680708951%26sr%3D8-194-spons%26sp_csd%3Dd2lkZ2V0TmFtZT1zcF9hdGZfbmV4dA%26psc%3D1%26smid%3DA1W9RMBBM3HT8F,,
        CORE & PURE Combo Pack of Jasmine Face and Body Mist Spray & Rose Water- Face and Body Mist Spray (50 ml Each)       ,Facial sprays,CORE & PURE,All,https://www.amazon.in/sspa/click?ie=UTF8&spc=MTo0NzczMzIzOTEyNjE4MDE4OjE2ODA3MDg5NTE6c3BfYXRmX25leHQ6MjAxMDgwMDIzNDE0OTg6OjA6Og&url=%2FCORE-PURE-Combo-Jasmine-Water%2Fdp%2FB0BLNVZG9M%2Fref%3Dsr_1_195_sspa%3Fkeywords%3DFacial%2Bsprays%26qid%3D1680708951%26sr%3D8-195-spons%26sp_csd%3Dd2lkZ2V0TmFtZT1zcF9hdGZfbmV4dA%26psc%3D1,,
        MASTER FOODS Rani Kannauj- Rose Water/ Arq Gulab/ Gulab Jal-100% Natural.Distilled.       ,Facial sprays,MASTER FOODS,All,https://www.amazon.in/sspa/click?ie=UTF8&spc=MTo0NzczMzIzOTEyNjE4MDE4OjE2ODA3MDg5NTE6c3BfYXRmX25leHQ6MjAwNTE0MTE3NDg0OTg6OjA6Og&url=%2FMASTER-FOODS-Kannauj-Jal-100-Natural-Distilled%2Fdp%2FB09DBVHG84%2Fref%3Dsr_1_196_sspa%3Fkeywords%3DFacial%2Bsprays%26qid%3D1680708951%26sr%3D8-196-spons%26sp_csd%3Dd2lkZ2V0TmFtZT1zcF9hdGZfbmV4dA%26psc%3D1,,
"        Chemist at Play Brightening Face Toner 125 ml with Ceramides | 5% Glycolic Acid + 2% Vitamin C | Spray For dull, pigmented skin, gently exfoliates, visibly brightens the skin       ",Facial sprays,Chemist at Play,All,https://www.amazon.in/Chemist-Play-Brightening-Ceramides-exfoliates/dp/B09PMRXNPQ/ref=sr_1_197?keywords=Facial+sprays&qid=1680708951&sr=8-197,,
        Orgello Herbal Cucumber Toner Mist Spray for Face Pore Tightening Purifying and Glowing Skin Alcohol Free Toner 100 ml       ,Facial sprays,Orgello,All,https://www.amazon.in/Orgello-Cucumber-Tightening-Purifying-Glowing/dp/B0917D4KXD/ref=sr_1_198?keywords=Facial+sprays&qid=1680708951&sr=8-198,,
        Orgello Herbal Rose water spray for face (1 x 500 ml) - alcohol free skin toner - rose water for skin spray - gulab jal rose water for skin spray for men women boys girls all skin type       ,Facial sprays,Orgello,All,https://www.amazon.in/Orgello-Herbal-Rose-water-spray/dp/B08VGCVD97/ref=sr_1_199?keywords=Facial+sprays&qid=1680708951&sr=8-199,,
        Generic Ivory white : Nano Mist Spray Handy Atomization Mister USB Charging Face Facial Moisturizing Mini Beauty Instrument With Protable Spray Bottle       ,Facial sprays,Generic,All,https://www.amazon.in/Generic-Ivory-white-Atomization-Moisturizing/dp/B07113ZBV7/ref=sr_1_200?keywords=Facial+sprays&qid=1680708951&sr=8-200,,
"        Khadi Organic Rose Water - Rose Water Spray for Face - Ayurvedic Gulab Jal Rose Water For Skin | Pure Rosewater Toner 210ML (Rose Water, 210ML)       ",Facial sprays,Khadi Organic,All,https://www.amazon.in/Khadi-Organic-Rose-Water-Ayurvedic/dp/B0BYJY6KRD/ref=sr_1_201?keywords=Facial+sprays&qid=1680708951&sr=8-201,,
"        Rose Water Spray for face | 120ml Pure & Natural Organic Steam Distilled Gulab Jal Chemical Free for skin | No Paraben for Cleansing and Toning,       ",Facial sprays,Hindya Ayurvedic Luxury,All,https://www.amazon.in/Natural-Organic-Distilled-Chemical-Cleansing/dp/B0BNVFBLCF/ref=sr_1_202?keywords=Facial+sprays&qid=1680708951&sr=8-202,,
"        WishCare 100% Pure & Natural Rose Water For Skin, Face & Hair - Steam Distilled - Kannauj Gulab Jal - Spray Skin Toner - Free From Paraben, Alcohol & Chemicals - 200 ml, Clear (WRW200)       ",Facial sprays,WishCare,"Oily, Combination, Sensitive, Dry, Normal",https://www.amazon.in/WishCare%C2%AE-Pure-Natural-Rose-Water/dp/B08KVZMHJ1/ref=sr_1_203?keywords=Facial+sprays&qid=1680708951&sr=8-203,,
        Biotic Herbs Pure & Natural Premium Gulab Jal Rose Water Spray For Face And Skin Toner - 200 ml (Rose water)       ,Facial sprays,Biotic Herbs,"All, Oily, Combination, Sensitive, Dry",https://www.amazon.in/Biotic-Herbs-Natural-Premium-Gulab/dp/B0B5NML42G/ref=sr_1_204?keywords=Facial+sprays&qid=1680708951&sr=8-204,,
"        Avene Thermal Spring Water Spray, 300ml       ",Facial sprays,Avene,Sensitive,https://www.amazon.in/Avene-Thermal-Spring-10-58-Ounce-Package/dp/B002D48QUC/ref=sr_1_205?keywords=Facial+sprays&qid=1680708951&sr=8-205,,
"        O'GARDENER Organic Rose Water (Gulab Jal) Spray Toner for Face, 100 ml       ",Facial sprays,O'GARDENER,Sensitive,https://www.amazon.in/OGARDENER-Organic-Water-Gulab-Spray/dp/B08DRV4GCN/ref=sr_1_206?keywords=Facial+sprays&qid=1680708951&sr=8-206,,
        Heroic rose mist 100% Pure and natural rose water Hydrating and Refreshing Facial Toner | Balances Skin's pH | Makeup Setting Spray | No Alcohol & Artificial Fragrance | For Skin Brightening       ,Facial sprays,HEROIC,"All, Oily, Dry, Normal",https://www.amazon.in/Heroic-rose-mist-natural-water/dp/B09VCMNHR3/ref=sr_1_207?keywords=Facial+sprays&qid=1680708951&sr=8-207,,
        GANS SKINCARE NATURAL ROSE WATER 200ML | ROSE WATER SPRAY FOR FACE | MAKE UP REMOVER | MIST FOR FRESH FACE | HERBAL FACIAL TONER AND ASTRINGENT | GOODNESS OF ROSE WATER | MORNING ROUTINE | ROSE WATER LIQUID | ROSE WATER RESTORES PH BALANCE       ,Facial sprays,Gans,All,https://www.amazon.in/GANS-SKINCARE-ASTRINGENT-GOODNESS-RESTORES/dp/B0B5N2NG6V/ref=sr_1_208?keywords=Facial+sprays&qid=1680708951&sr=8-208,,
        JTM Rose Water Gulab Jal Face Cleanser Facial Cleaning Skin Toner for Men & Women 100% Natural & Sulphate-free (Without Spray) (Pack of 2)       ,Facial sprays,JTM,All,https://www.amazon.in/JTM-Cleanser-Cleaning-Natural-Sulphate-free/dp/B09YMFWYH2/ref=sr_1_209?keywords=Facial+sprays&qid=1680708951&sr=8-209,,
"        Herbsense Pure Rose Water/Gulab Jal Spray Face Toner Mist,Hydrating & Refreshing Rose Water,Makeup Remover Alcohol Free Toner Face Mist, Steam Distilled Rose Water Edible Grade - 100ml       ",Facial sprays,Herbsense,"Oily, Combination, Sensitive, Dry, Normal",https://www.amazon.in/Herbsense-Hydrating-Refreshing-Remover-Distilled/dp/B0BRKRB5K8/ref=sr_1_210?keywords=Facial+sprays&qid=1680708951&sr=8-210,,
"        Hibiscus Monkey Velvet Spray Bergamot In-Shower Body Moisturizer | Soothe Dry Itchy Skin and Even Tone Complexion | 100% Natural, Lightweight, Non Greasy | All Skin Types, 250ml       ",Facial sprays,Hibiscus Monkey,All,https://www.amazon.in/Hibiscus-Monkeys-Velvet-Original-shower/dp/B08HWLG956/ref=sr_1_211?keywords=Facial+sprays&qid=1680708951&sr=8-211,,
"        Kapiva Organic Rose Water/Gulab Jal Spray (200 ml) | Premium Face Mist and Toner for Brighter and Hydrated Skin | Oil-Control, Unclog Pores       ",Facial sprays,Kapiva,All,https://www.amazon.in/Kapiva-Organic-Brighter-Hydrated-Oil-Control/dp/B09YH94HHY/ref=sr_1_212?keywords=Facial+sprays&qid=1680708951&sr=8-212,,
"        RYLLZ ESSENTIALS Pure Rose Water / Gulab Jal | Face & Body Mist | Ph Balance, Skin Refining , Pore Tightening and Deep Cleansing | 100 % Pure & Natural | Suitable for Oily , Acne Prone , Dry and Normal Skin | Steam Distilled Kannauj Rose | Unisex | ( 100ml )       ",Facial sprays,"RYLLZ ESSENTIALS ""LUXURIOUS VEDA""",All,https://www.amazon.in/sspa/click?ie=UTF8&spc=MTo0NzczMzIzOTEyNjE4MDE4OjE2ODA3MDg5NTE6c3BfbXRmOjIwMTM3OTc1MTc5MTk4OjowOjo&url=%2FRYLLZ-ESSENTIALS-Pure-Rose-Water%2Fdp%2FB09Z5XGYWG%2Fref%3Dsr_1_213_sspa%3Fkeywords%3DFacial%2Bsprays%26qid%3D1680708951%26sr%3D8-213-spons%26sp_csd%3Dd2lkZ2V0TmFtZT1zcF9tdGY%26psc%3D1,,
        TNW-THE NATURAL WASH Vitamin C Face Serum and Rose Water Spray Toner | Helps to Remove Wrinkles Face Serum & Natural Rose Water Spray Toner/Skin Toner Makeup Remover       ,Facial sprays,TNW-THE NATURAL WASH,All,https://www.amazon.in/sspa/click?ie=UTF8&spc=MTo0NzczMzIzOTEyNjE4MDE4OjE2ODA3MDg5NTE6c3BfbXRmOjIwMTE0MTM1NjE0NTk4OjowOjo&url=%2FTNW-NATURAL-WASH-Brightening-Anti-Aging%2Fdp%2FB08VW9K7KZ%2Fref%3Dsr_1_214_sspa%3Fkeywords%3DFacial%2Bsprays%26qid%3D1680708951%26sr%3D8-214-spons%26sp_csd%3Dd2lkZ2V0TmFtZT1zcF9tdGY%26psc%3D1,,
"        CORE & PURE Calendula Water Face and Body Mist- Helps in Sensitive Skin |100% Natural Hydrosol, Floral Water|- 50ml       ",Facial sprays,CORE & PURE,All,https://www.amazon.in/sspa/click?ie=UTF8&spc=MTo0NzczMzIzOTEyNjE4MDE4OjE2ODA3MDg5NTE6c3BfbXRmOjIwMTA4MDAyMzQyMjk4OjowOjo&url=%2FCORE-PURE-Calendula-Excellent-Sensitive%2Fdp%2FB08JCF8ZJD%2Fref%3Dsr_1_215_sspa%3Fkeywords%3DFacial%2Bsprays%26qid%3D1680708951%26sr%3D8-215-spons%26sp_csd%3Dd2lkZ2V0TmFtZT1zcF9tdGY%26psc%3D1,,
"        Dot & Key Watermelon SuperGlow Pore Tightening Toner with Cucumber & Glycolic | For Oily, Dull & Uneven Skin Tone | 150 ml       ",Facial sprays,DOT & KEY,All,https://www.amazon.in/sspa/click?ie=UTF8&spc=MTo0NzczMzIzOTEyNjE4MDE4OjE2ODA3MDg5NTE6c3BfbXRmOjIwMDg0NTc4NTkxMDk4OjowOjo&url=%2FWatermelon-Tightening-Glycolic-Lactic-Alcohol%2Fdp%2FB0B1V514SP%2Fref%3Dsr_1_216_sspa%3Fkeywords%3DFacial%2Bsprays%26qid%3D1680708951%26sr%3D8-216-spons%26sp_csd%3Dd2lkZ2V0TmFtZT1zcF9tdGY%26psc%3D1,,
"        Dermafique Pore Minimizing Face Toner for All Skin Types, Tightens Pores, Exfoliates Skin, Alcohol Free, Paraben Free, Dermatologist Tested (150 ml), Transparent       ",Facial sprays,Dermafique,"Acne Prone,All Skin Types",https://www.amazon.in/Dermafique-Minimizing-Exfoliates-Dermatologist-Transparent/dp/B09GPC9VCT/ref=sr_1_217?keywords=Facial+sprays&qid=1680708951&sr=8-217,,
        YOVIEX Gulab Jal/Rose Water Pure Rose Water Skin Toner Pack Rose Water Gulab Jal Face Cleanser Facial Cleaning Spray Skin Toner for Men & Women 100% Natural & Sulphate-free| Quantity - 200 ML       ,Facial sprays,YOVIEX,All,https://www.amazon.in/YOVIEX-Cleanser-Cleaning-Sulphate-free-Quantity/dp/B09M422JXN/ref=sr_1_218?keywords=Facial+sprays&qid=1680708951&sr=8-218,,
"        Aloe Global Natural Aloe Vera Liquid Spray for Face, Skin and Hair | Instant Soothing Formula | 200ml       ",Facial sprays,ALOE GLOBAL,All,https://www.amazon.in/Global-Natural-Instant-Soothing-Formula/dp/B0BGC7667Z/ref=sr_1_219?keywords=Facial+sprays&qid=1680708951&sr=8-219,,
"        KHADI NATURAL Mint and Cucumber Face Spray, 100ml (Pack of 2)       ",Facial sprays,Khadi Natural,All,https://www.amazon.in/Khadi-Natural-Cucumber-Spray-100ml/dp/B00ZTY9CFQ/ref=sr_1_220?keywords=Facial+sprays&qid=1680708951&sr=8-220,,
"        Orgello Herbal Rose Water Spray Mist Toner Gulab jal (100 ml ) + Aloe Vera Gel Jar ( 100 gm ) (Ingredients Gula, Ghrit Kumari, Madhu, Bihi Dana, Badam, Glycerine - Pack Of 2 - for men women girls boys normal oily dry skin sls paraben mineral oil free       ",Facial sprays,Orgello,All,https://www.amazon.in/Orgello-Herbal-Water-Spray-Toner/dp/B08YJKCRWM/ref=sr_1_221?keywords=Facial+sprays&qid=1680708951&sr=8-221,,
        Dabur GULABARI ROSE WATER SPRAY 100ML EACH (200 ml)       ,Facial sprays,DABUR,All,https://www.amazon.in/Dabur-GULABARI-WATER-SPRAY-100ML/dp/B0BHW9X8P3/ref=sr_1_222?keywords=Facial+sprays&qid=1680708951&sr=8-222,,
"        BEE ONE ROSE WATER 120 ML (Spray) for Hydrated, Glowing Skin Premium Toner & Cleanser for Soft All Skin Types       ",Facial sprays,BEE ONE,All,https://www.amazon.in/BEE-ONE-ROSE-WATER-Spray/dp/B0BR5ZXKCX/ref=sr_1_223?keywords=Facial+sprays&qid=1680708951&sr=8-223,,
        SKINIFY Rose Water Spray for Face and Hair | 100% Pure Moroccan Rosewater for Skin Toning and Hydration | Alcohol-Free Natural Facial Mist 100 ML pack of 4       ,Facial sprays,SKINIFY COSMETICS,All,https://www.amazon.in/SKINIFY-Moroccan-Rosewater-Hydration-Alcohol-Free/dp/B0BH9B24J5/ref=sr_1_224?keywords=Facial+sprays&qid=1680708951&sr=8-224,,
        Premium Organic Facial Fluid Moisturizer - 0.25oz Travel Spray (PACK OF 2)       ,Facial sprays,Oblige+by+Nature,All,https://www.amazon.in/Premium-Organic-Facial-Fluid-Moisturizer/dp/B00J497HL8/ref=sr_1_225?keywords=Facial+sprays&qid=1680708951&sr=8-225,,
        Kama Ayurveda Pure Rose Water       ,Facial sprays,Kama Ayurveda,Combination,https://www.amazon.in/Kama-Ayurveda-Pure-Rose-50ml/dp/B01BGJ07GK/ref=sr_1_226?keywords=Facial+sprays&qid=1680708951&sr=8-226,,
        Bliss of Earth® 100% Pure Damascena Rose Water | 3x100ml | Steam Distilled | Facial Toner With Uplifting Floral Aroma | Food Grade | Pure Gulab Jal |�       ,Facial sprays,BLISS OF EARTH,All,https://www.amazon.in/EarthTM-Damascena-3x100ml-Distilled-Uplifting/dp/B07JNLR5CN/ref=sr_1_227?keywords=Facial+sprays&qid=1680708951&sr=8-227,,
"        Vilvah Store Rosewater Facial Toner, 100ml (Pack of 2)       ",Facial sprays,Vilvah STORE,All,https://www.amazon.in/Vilvah-Store-Rosewater-Facial-Toner/dp/B09QYS7VSJ/ref=sr_1_228?keywords=Facial+sprays&qid=1680708951&sr=8-228,,
"        iRony Glutathione Spray For Skin Whitening Dark Body Parts Face Neck,Hand,Nape,Thighs, Elbows, Knees,Ankles Exfoliant -100g       ",Facial sprays,IRONY,All,https://www.amazon.in/Glutathione-Whitening-Thighs-Elbows-Exfoliant/dp/B0BLC33RP1/ref=sr_1_229?keywords=Facial+sprays&qid=1680708951&sr=8-229,,
        Bliss of Earth® 100% Pure Damascena Rose Water | 2x100ml | Steam Distilled | Facial Toner With Uplifting Floral Aroma | Food Grade | Pure Gulab Jal |�       ,Facial sprays,BLISS OF EARTH,All,https://www.amazon.in/EarthTM-Damascena-2x100ml-Distilled-Uplifting/dp/B07JNJD9CJ/ref=sr_1_231?keywords=Facial+sprays&qid=1680708951&sr=8-231,,
        ESSENTIA EXTRACTS Rose Lavender Hydrating Facial Mist Combo|Refreshing Calming Soothing Face Toner for All Skin Type|Enriched with Pure Rosewater | 100% Natural | Pack of 2*100ml Spray Bottles- 200ml       ,Facial sprays,ESSENTIA EXTRACTS,All,https://www.amazon.in/ESSENTIA-EXTRACTS-Hydrating-Refreshing-Rosewater/dp/B0BH8C8SZ9/ref=sr_1_232?keywords=Facial+sprays&qid=1680708951&sr=8-232,,
"        Lashika Detan Spray with Raspberry, Almond Oil, Titanium Dioxide – Helps to Protect from UVA & UVB, Detaining of Skin, Heals Sunburn, Helps to Reduce Sign of Aging and Moisturizes Dry Skin (100 ml)       ",Facial sprays,LASHIKA,All,https://www.amazon.in/Lashika-Raspberry-Almond-Titanium-Dioxide/dp/B09K493TYH/ref=sr_1_234?keywords=Facial+sprays&qid=1680708951&sr=8-234,,
"        Clensta Refreshing Red Aloe Face Toner| With Red Aloe Vera and Niacinamide| Face Toner Mist Spray| For Oily, Dry, Or Normal Skin| For Men and Women       ",Facial sprays,Clensta,All,https://www.amazon.in/Clensta-Refreshing-Toner-Niacinamide-Normal/dp/B0B91159FS/ref=sr_1_235_mod_primary_new?keywords=Facial+sprays&qid=1680708951&sbo=RZvfv%2F%2FHxDF%2BO5021pAnSA%3D%3D&sr=8-235,,
        OBBO Nano Facial Mister Portable Mini Face Mist Handy Sprayer Automatic Eyelash Extensions Cool Facial Steamer       ,Facial sprays,Grazia,All,https://www.amazon.in/HOUZIE-Portable-Sprayer-Automatic-Extensions/dp/B0892QL6RZ/ref=sr_1_236?keywords=Facial+sprays&qid=1680708951&sr=8-236,,
        Pilgrim Korean Beauty White Lotus Refreshing Face Mist & Toner | Toner for glowing skin | Alcohol-Free Mist & toner for open pores Tightening | Korean skin care products | Women & Men | 100 ml       ,Facial sprays,Pilgrim,All,https://www.amazon.in/Pilgrim-Alcohol-Tightening-Glowing-Combination/dp/B0836XVS63/ref=sr_1_237?keywords=Facial+sprays&qid=1680708951&sr=8-237,,
"        Vaadi Herbals Pvt Ltd Lavender Water -100% Natural & Pure Skin Toner, 250 ml       ",Facial sprays,VAADI HERBALS,Normal,https://www.amazon.in/Vaadi-Herbals-Pvt-Ltd-Lavender/dp/B07QFS3L9K/ref=sr_1_238?keywords=Facial+sprays&qid=1680708951&sr=8-238,,
"        Biotique Honey Water Pore Tightening Brightening Toner With Himalayan Waters,Pack of 120ml       ",Facial sprays,Biotique,Combination,https://www.amazon.in/Biotique-Honey-Clarifying-Himalayan-Waters/dp/B00791CRR2/ref=sr_1_239?keywords=Facial+sprays&qid=1680708951&sr=8-239,,
"        Forest Essentials Delicate Facial Cleanser, Saffron and Neem, 50ml and Sandalwood and Orange Peel After Shave Spray, 100ml       ",Facial sprays,Forest Essentials,All,https://www.amazon.in/Forest-Essentials-Delicate-Cleanser-Sandalwood/dp/B086B68S13/ref=sr_1_240?keywords=Facial+sprays&qid=1680708951&sr=8-240,,
"        Riyo Herbs Steam Distilled Rose Water Spray for Face - Face Toner, Skin Toner, Makeup Remover - For All Skin Types Women & Men - 200ml       ",Facial sprays,Riyo Herbs,All,https://www.amazon.in/Riyo-Herbs-Steam-Distilled-Water/dp/B096MPRPF3/ref=sr_1_241?keywords=Facial+sprays&qid=1680708951&sr=8-241,,
"        KHADI RISHIKESH Rose Water For Anti Acne | Spray for Face - Face Toner/Skin Toner/Makeup Remover- 210ml - Gulab Jal - Cleansing & Toning - Spray for Face - Face Toner / Makeup Remover - Anti Ageing - Oil Control For Clogged Pores - Women & Men,गुलाब जल       ",Facial sprays,KHADI RISHIKESH,All,https://www.amazon.in/KHADI-RISHIKESH-Herbal-Cleansing-Toning/dp/B092KBC2JB/ref=sr_1_242?keywords=Facial+sprays&qid=1680708951&sr=8-242,,
"        BELLO Fresh Look Cleanser - Instant Face Refresh Spray, 60 ML Pack of 3       ",Facial sprays,Bello,All,https://www.amazon.in/BELLO-Fresh-Look-Cleanser-Instant/dp/B09GM3CHXL/ref=sr_1_243?keywords=Facial+sprays&qid=1680708951&sr=8-243,,
"        MEENA ELEMENTS Pure Natural Rose Water/Skin Toner Steam Distilled, Gulab Jal, Organic, Chemical Free Rose Water 100ml x 5, Pore Minimizing Tightening Natural Toner Spray for Glowing Skin - All Skin Types (Pack of 5)       ",Facial sprays,MEENA ELEMENTS,All,https://www.amazon.in/MEENA-ELEMENTS-Facial-Alcohol-Paraben/dp/B08WPZN3WS/ref=sr_1_244?keywords=Facial+sprays&qid=1680708951&sr=8-244,,
"        Noiant Face Mist infused with Cucumber & Chamomile | Organic Glower Face Toner | Face Mist, Alcohol free, Pore Minimizing Tightening Natural Toner | Spray for Glowing Skin - All Skin Types | Clarifying & Resurfacing Skin | For Men & Women - 100ml       ",Facial sprays,NOIANT,"Dullness, Oily, Dry",https://www.amazon.in/NOIANT-Cucumber-Chamomile-Minimizing-Tightening/dp/B09MTM22BB/ref=sr_1_245?keywords=Facial+sprays&qid=1680708951&sr=8-245,,
        evanhealy Heat of Summer HydroSoul Facial Toner | Hydrosols Organic Facial Tonic | Beauty Water Face Spray | Refreshing Skin Toner for Face | Alcohol Free Toner       ,Facial sprays,Evanhealy,All,https://www.amazon.in/evanhealy-HydroSoul-Hydrosols-Organic-Refreshing/dp/B00I3FYCHG/ref=sr_1_246?keywords=Facial+sprays&qid=1680708951&sr=8-246,,
"        D'MOKSHA Wine Vine Face Toner, Face Mist Spray For Anti Ageing, Glowing Skin, Dry, Oily Skin, Men & Women,100ml       ",Facial sprays,D'MOKSHA,Acne Prone Skin,https://www.amazon.in/sspa/click?ie=UTF8&spc=MTo0NzczMzIzOTEyNjE4MDE4OjE2ODA3MDg5NTE6c3BfYnRmOjIwMDE1Mjc4NzU3Mjk4OjowOjo&url=%2FDMOKSHA-Toner-Spray-Ageing-Glowing%2Fdp%2FB09M6JPGJG%2Fref%3Dsr_1_249_sspa%3Fkeywords%3DFacial%2Bsprays%26qid%3D1680708951%26sr%3D8-249-spons%26sp_csd%3Dd2lkZ2V0TmFtZT1zcF9idGY%26psc%3D1,,
        Love Earth Jasmine Mogra Face Mist Toner with Jasmine Oil & Extracts for Instant Glow & Even Skin Tone 100ml       ,Facial sprays,Love Earth,All,https://www.amazon.in/sspa/click?ie=UTF8&spc=MTo0NzczMzIzOTEyNjE4MDE4OjE2ODA3MDg5NTE6c3BfYnRmOjIwMTE1OTkzMjM3Mjk4OjowOjo&url=%2FLove-Earth-Jasmine-Extracts-Instant%2Fdp%2FB098LKHCTB%2Fref%3Dsr_1_250_sspa%3Fkeywords%3DFacial%2Bsprays%26qid%3D1680708951%26sr%3D8-250-spons%26sp_csd%3Dd2lkZ2V0TmFtZT1zcF9idGY%26psc%3D1%26smid%3DA3TW1XIEHIFOIX,,
        EcstaCBeauty Cure Skin Anti-Breakout Face Mist Toner for Men & Women | Alcohol Free Pore Minimizing Tightening Natural Astringent Toner Spray for Glowing Skin for Acne & Pimple Prone Skin ( 50 ML )       ,Facial sprays,EcstaCBeauty,Sensitive,https://www.amazon.in/sspa/click?ie=UTF8&spc=MTo0NzczMzIzOTEyNjE4MDE4OjE2ODA3MDg5NTE6c3BfYnRmOjIwMTIxNDY4NDY2Mzk4OjowOjo&url=%2FEcstaCBeauty-Anti-Breakout-Minimizing-Tightening-Astringent%2Fdp%2FB0B6G1D6NJ%2Fref%3Dsr_1_251_sspa%3Fkeywords%3DFacial%2Bsprays%26qid%3D1680708951%26sr%3D8-251-spons%26sp_csd%3Dd2lkZ2V0TmFtZT1zcF9idGY%26psc%3D1,,
"        ISNTREE Green Tea Fresh Facial Toner Oil, 200ml Deep Moisturizing, Sebum Control, Nourishing, Revitalizing, Hypoallergenic       ",Facial sprays,Isntree,Sensitive,https://www.amazon.in/sspa/click?ie=UTF8&spc=MTo0NzczMzIzOTEyNjE4MDE4OjE2ODA3MDg5NTE6c3BfYnRmOjIwMTE5Njk3MTAxMjk4OjowOjo&url=%2FISNTREE-Moisturizing-Revitalizing-Hypoallergenic-Dermatologist%2Fdp%2FB073PQPDP3%2Fref%3Dsr_1_252_sspa%3Fkeywords%3DFacial%2Bsprays%26qid%3D1680708951%26sr%3D8-252-spons%26sp_csd%3Dd2lkZ2V0TmFtZT1zcF9idGY%26psc%3D1,,
"        Kimirica How Holiday Smells Tucuma Butter Hand Cream, 100% Vegan & Paraben Free, Non Greasy Hand Moisturizer, For Men & Women(30ml)       ",Hand cream,Kimirica,Combination,https://www.amazon.in/sspa/click?ie=UTF8&spc=MTo1ODYzMzg2NjEzNjUzMzE1OjE2ODA3MDkyNDM6c3BfYXRmOjIwMDc0ODgzODM3MzA3OjowOjo&url=%2FKimirica-Holiday-Smells-Tucuma-Paraben%2Fdp%2FB08KHJ8W2N%2Fref%3Dsr_1_1_sspa%3Fkeywords%3DHand%2Bcream%26qid%3D1680709243%26sr%3D8-1-spons%26sp_csd%3Dd2lkZ2V0TmFtZT1zcF9hdGY%26psc%3D1,,
"        The Moms Co. Natural Cocoa Hand Cream for Women & Men 50g for Dry and Rough Hands | With Cocoa, Shea Butters & Vitamin E for Intense Moisturization       ",Hand cream,The Moms Co,All,https://www.amazon.in/sspa/click?ie=UTF8&spc=MTo1ODYzMzg2NjEzNjUzMzE1OjE2ODA3MDkyNDM6c3BfYXRmOjIwMTI5ODYwODI4NTk4OjowOjo&url=%2FMoms-Natural-Butters-Vitamin-Moisturization%2Fdp%2FB09TBB5MTV%2Fref%3Dsr_1_2_sspa%3Fkeywords%3DHand%2Bcream%26qid%3D1680709243%26sr%3D8-2-spons%26sp_csd%3Dd2lkZ2V0TmFtZT1zcF9hdGY%26psc%3D1,,
"        Kimirica Rosefield Tucuma Butter Summer Hand Cream, 100% Vegan & Paraben Free Non Greasy Hand Moisturizer For Men & Women (30ml)       ",Hand cream,Kimirica,Combination,https://www.amazon.in/sspa/click?ie=UTF8&spc=MTo1ODYzMzg2NjEzNjUzMzE1OjE2ODA3MDkyNDM6c3BfYXRmOjIwMDU2ODY5NjU4NTA3OjowOjo&url=%2FKimirica-Rosefield-Tucuma-Butter-Paraben%2Fdp%2FB08KH6HRDF%2Fref%3Dsr_1_4_sspa%3Fkeywords%3DHand%2Bcream%26qid%3D1680709243%26sr%3D8-4-spons%26sp_csd%3Dd2lkZ2V0TmFtZT1zcF9hdGY%26psc%3D1,,
        Plum BodyLovin' Hawaiian Rumba Vegan Cruelty-Free Non-Greasy Winter Care Hand Cream for All Skin Types -Beachy       ,Hand cream,Plum,All,https://www.amazon.in/Plum-BodyLovin-Hawaiian-Non-Greasy-Cruelty-Free/dp/B08P7538LX/ref=sr_1_5?keywords=Hand+cream&qid=1680709243&sr=8-5,,
        Himalaya Herbals Age Defying Hand Cream 100ml       ,Hand cream,Himalaya,Dry,https://www.amazon.in/Himalaya-Herbals-Defying-Cream-100ml/dp/B00BL78WJC/ref=sr_1_6?keywords=Hand+cream&qid=1680709243&sr=8-6,,
"        Cetaphil PRO Dryness Control Night Repair Hand Cream, 50ml       ",Hand cream,Cetaphil,Dry,https://www.amazon.in/Cetaphil-Dryness-Control-Night-Repair/dp/B0B7463HMS/ref=sr_1_7?keywords=Hand+cream&qid=1680709243&sr=8-7,,
"        Ownest 10 Pack Fruits Extract Fragrance Hand Cream,Moisturizing Hand Care Cream Travel Gift Set with Shea Butter For Men And Women-30ml       ",Hand cream,Ownest,All,https://www.amazon.in/Ownest-Extract-Fragrance-Moisturizing-Women-30ml/dp/B07MM3PCMB/ref=sxin_15_slsr_d_i_insltrbeauty_fa_0_B07MM3PCMB?content-id=amzn1.sym.3ad1fadf-95f9-4879-81ea-f4f7516bc5d9%3Aamzn1.sym.3ad1fadf-95f9-4879-81ea-f4f7516bc5d9&cv_ct_cx=Hand+cream&keywords=Hand+cream&pd_rd_i=B07MM3PCMB&pd_rd_r=754c860a-c1e4-44a2-a066-726500224ce6&pd_rd_w=mHMTa&pd_rd_wg=G5vo8&pf_rd_p=3ad1fadf-95f9-4879-81ea-f4f7516bc5d9&pf_rd_r=AVSPQQBD3PR9CD9B5EVD&qid=1680709243&sbo=RZvfv%2F%2FHxDF%2BO5021pAnSA%3D%3D&sr=1-1-1b0fae43-f803-4e71-a963-6cf5620b9fb9,,
        Working Hands Hand Cream 2.7 Ounce Cream       ,Hand cream,O'Keeffe's,All,https://www.amazon.in/OKeeffes-Working-Hands-Hand-Cream/dp/B07FL5CMTX/ref=sxin_15_slsr_d_i_insltrbeauty_fa_2_B07FL5CMTX?content-id=amzn1.sym.3ad1fadf-95f9-4879-81ea-f4f7516bc5d9%3Aamzn1.sym.3ad1fadf-95f9-4879-81ea-f4f7516bc5d9&cv_ct_cx=Hand+cream&keywords=Hand+cream&pd_rd_i=B07FL5CMTX&pd_rd_r=754c860a-c1e4-44a2-a066-726500224ce6&pd_rd_w=mHMTa&pd_rd_wg=G5vo8&pf_rd_p=3ad1fadf-95f9-4879-81ea-f4f7516bc5d9&pf_rd_r=AVSPQQBD3PR9CD9B5EVD&qid=1680709243&sbo=RZvfv%2F%2FHxDF%2BO5021pAnSA%3D%3D&sr=1-2-1b0fae43-f803-4e71-a963-6cf5620b9fb9,,
        Climbskin Hand Cream - 1oz       ,Hand cream,Climbskin,All,https://www.amazon.in/Climbskin-climbskin-dose-Hand-Cream-1oz/dp/B00HNA2YW2/ref=sxin_15_slsr_d_i_insltrbeauty_fa_3_B00HNA2YW2?content-id=amzn1.sym.3ad1fadf-95f9-4879-81ea-f4f7516bc5d9%3Aamzn1.sym.3ad1fadf-95f9-4879-81ea-f4f7516bc5d9&cv_ct_cx=Hand+cream&keywords=Hand+cream&pd_rd_i=B00HNA2YW2&pd_rd_r=754c860a-c1e4-44a2-a066-726500224ce6&pd_rd_w=mHMTa&pd_rd_wg=G5vo8&pf_rd_p=3ad1fadf-95f9-4879-81ea-f4f7516bc5d9&pf_rd_r=AVSPQQBD3PR9CD9B5EVD&qid=1680709243&sbo=RZvfv%2F%2FHxDF%2BO5021pAnSA%3D%3D&sr=1-3-1b0fae43-f803-4e71-a963-6cf5620b9fb9,,
        L'Erbolario Lemon Hand Cream 75ml       ,Hand cream,L'Erbolario Lodi,Sensitive,https://www.amazon.in/LErbolario-Lemon-Hand-Cream-75ml/dp/B00MBJH164/ref=sxin_15_slsr_d_i_insltrbeauty_fa_4_B00MBJH164?content-id=amzn1.sym.3ad1fadf-95f9-4879-81ea-f4f7516bc5d9%3Aamzn1.sym.3ad1fadf-95f9-4879-81ea-f4f7516bc5d9&cv_ct_cx=Hand+cream&keywords=Hand+cream&pd_rd_i=B00MBJH164&pd_rd_r=754c860a-c1e4-44a2-a066-726500224ce6&pd_rd_w=mHMTa&pd_rd_wg=G5vo8&pf_rd_p=3ad1fadf-95f9-4879-81ea-f4f7516bc5d9&pf_rd_r=AVSPQQBD3PR9CD9B5EVD&qid=1680709243&sbo=RZvfv%2F%2FHxDF%2BO5021pAnSA%3D%3D&sr=1-4-1b0fae43-f803-4e71-a963-6cf5620b9fb9,,
        Softening Hand Cream with Peach Extracts - 75g       ,Hand cream,Oriflame,All,https://www.amazon.in/Softening-Hand-Cream-Peach-Extracts/dp/B09RDXSFBF/ref=sxin_15_slsr_d_i_insltrbeauty_fa_5_B09RDXSFBF?content-id=amzn1.sym.3ad1fadf-95f9-4879-81ea-f4f7516bc5d9%3Aamzn1.sym.3ad1fadf-95f9-4879-81ea-f4f7516bc5d9&cv_ct_cx=Hand+cream&keywords=Hand+cream&pd_rd_i=B09RDXSFBF&pd_rd_r=754c860a-c1e4-44a2-a066-726500224ce6&pd_rd_w=mHMTa&pd_rd_wg=G5vo8&pf_rd_p=3ad1fadf-95f9-4879-81ea-f4f7516bc5d9&pf_rd_r=AVSPQQBD3PR9CD9B5EVD&qid=1680709243&sbo=RZvfv%2F%2FHxDF%2BO5021pAnSA%3D%3D&sr=1-5-1b0fae43-f803-4e71-a963-6cf5620b9fb9,,
        herbal hand cream       ,Hand cream,Khadi India,All,https://www.amazon.in/Khadi-India-U-05-herbal-cream/dp/B08SCJQ3FM/ref=sxin_15_slsr_d_i_insltrbeauty_fa_6_B08SCJQ3FM?content-id=amzn1.sym.3ad1fadf-95f9-4879-81ea-f4f7516bc5d9%3Aamzn1.sym.3ad1fadf-95f9-4879-81ea-f4f7516bc5d9&cv_ct_cx=Hand+cream&keywords=Hand+cream&pd_rd_i=B08SCJQ3FM&pd_rd_r=754c860a-c1e4-44a2-a066-726500224ce6&pd_rd_w=mHMTa&pd_rd_wg=G5vo8&pf_rd_p=3ad1fadf-95f9-4879-81ea-f4f7516bc5d9&pf_rd_r=AVSPQQBD3PR9CD9B5EVD&qid=1680709243&sbo=RZvfv%2F%2FHxDF%2BO5021pAnSA%3D%3D&sr=1-6-1b0fae43-f803-4e71-a963-6cf5620b9fb9,,
        Moroccanoil Hand Cream Fleur D'oranger       ,Hand cream,Moroccanoil,All,https://www.amazon.in/Moroccanoil-Hand-Cream-Fleur-dOranger/dp/B00945ZKDE/ref=sxin_16?asc_contentid=amzn1.osa.bf46cea1-a5b9-4517-ac3b-a82eda0c0917.A21TJRUUN4KGV.en_IN&asc_contenttype=article&ascsubtag=amzn1.osa.bf46cea1-a5b9-4517-ac3b-a82eda0c0917.A21TJRUUN4KGV.en_IN&content-id=amzn1.sym.5445860c-82c6-43ce-b630-b0c7823a784d%3Aamzn1.sym.5445860c-82c6-43ce-b630-b0c7823a784d&creativeASIN=B00945ZKDE&cv_ct_cx=Hand+cream&cv_ct_id=amzn1.osa.bf46cea1-a5b9-4517-ac3b-a82eda0c0917.A21TJRUUN4KGV.en_IN&cv_ct_pg=search&cv_ct_we=asin&cv_ct_wn=osp-single-source-pecos-desktop&keywords=Hand+cream&linkCode=oas&pd_rd_i=B00945ZKDE&pd_rd_r=754c860a-c1e4-44a2-a066-726500224ce6&pd_rd_w=Q8lhI&pd_rd_wg=G5vo8&pf_rd_p=5445860c-82c6-43ce-b630-b0c7823a784d&pf_rd_r=AVSPQQBD3PR9CD9B5EVD&qid=1680709243&sbo=RZvfv%2F%2FHxDF%2BO5021pAnSA%3D%3D&sr=1-1-c84eb971-91f2-4a4d-acce-811265c24254&tag=cosmotoday-21,,
"        L'Occitane Lavender Hand Cream, 30ml       ",Hand cream,L'Occitane,Dry,https://www.amazon.in/LOccitane-Lavender-Hand-Cream-30ml/dp/B005I4WAB0/ref=sxin_16?asc_contentid=amzn1.osa.bf46cea1-a5b9-4517-ac3b-a82eda0c0917.A21TJRUUN4KGV.en_IN&asc_contenttype=article&ascsubtag=amzn1.osa.bf46cea1-a5b9-4517-ac3b-a82eda0c0917.A21TJRUUN4KGV.en_IN&content-id=amzn1.sym.5445860c-82c6-43ce-b630-b0c7823a784d%3Aamzn1.sym.5445860c-82c6-43ce-b630-b0c7823a784d&creativeASIN=B005I4WAB0&cv_ct_cx=Hand+cream&cv_ct_id=amzn1.osa.bf46cea1-a5b9-4517-ac3b-a82eda0c0917.A21TJRUUN4KGV.en_IN&cv_ct_pg=search&cv_ct_we=asin&cv_ct_wn=osp-single-source-pecos-desktop&keywords=Hand+cream&linkCode=oas&pd_rd_i=B005I4WAB0&pd_rd_r=754c860a-c1e4-44a2-a066-726500224ce6&pd_rd_w=Q8lhI&pd_rd_wg=G5vo8&pf_rd_p=5445860c-82c6-43ce-b630-b0c7823a784d&pf_rd_r=AVSPQQBD3PR9CD9B5EVD&qid=1680709243&sbo=RZvfv%2F%2FHxDF%2BO5021pAnSA%3D%3D&sr=1-2-c84eb971-91f2-4a4d-acce-811265c24254&tag=cosmotoday-21,,
"        The Body Shop Shea Hand Cream, 100ml       ",Hand cream,The Body Shop,Dry,https://www.amazon.in/Body-Shop-Shea-Cream-100ml/dp/B0713W89P6/ref=sxin_16?asc_contentid=amzn1.osa.bf46cea1-a5b9-4517-ac3b-a82eda0c0917.A21TJRUUN4KGV.en_IN&asc_contenttype=article&ascsubtag=amzn1.osa.bf46cea1-a5b9-4517-ac3b-a82eda0c0917.A21TJRUUN4KGV.en_IN&content-id=amzn1.sym.5445860c-82c6-43ce-b630-b0c7823a784d%3Aamzn1.sym.5445860c-82c6-43ce-b630-b0c7823a784d&creativeASIN=B0713W89P6&cv_ct_cx=Hand+cream&cv_ct_id=amzn1.osa.bf46cea1-a5b9-4517-ac3b-a82eda0c0917.A21TJRUUN4KGV.en_IN&cv_ct_pg=search&cv_ct_we=asin&cv_ct_wn=osp-single-source-pecos-desktop&keywords=Hand+cream&linkCode=oas&pd_rd_i=B0713W89P6&pd_rd_r=754c860a-c1e4-44a2-a066-726500224ce6&pd_rd_w=Q8lhI&pd_rd_wg=G5vo8&pf_rd_p=5445860c-82c6-43ce-b630-b0c7823a784d&pf_rd_r=AVSPQQBD3PR9CD9B5EVD&qid=1680709243&sbo=RZvfv%2F%2FHxDF%2BO5021pAnSA%3D%3D&sr=1-3-c84eb971-91f2-4a4d-acce-811265c24254&tag=cosmotoday-21,,
"        Kimirica Winter Amber Tucuma Butter Winter Hand Cream, 100% Vegan & Paraben Free, Non Greasy Hand Moisturizer, For Men & Women (30ml)       ",Hand cream,Kimirica,Combination,https://www.amazon.in/Kimirica-Winter-Tucuma-Butter-Paraben/dp/B08KHHM9PW/ref=sxin_16?asc_contentid=amzn1.osa.bf46cea1-a5b9-4517-ac3b-a82eda0c0917.A21TJRUUN4KGV.en_IN&asc_contenttype=article&ascsubtag=amzn1.osa.bf46cea1-a5b9-4517-ac3b-a82eda0c0917.A21TJRUUN4KGV.en_IN&content-id=amzn1.sym.5445860c-82c6-43ce-b630-b0c7823a784d%3Aamzn1.sym.5445860c-82c6-43ce-b630-b0c7823a784d&creativeASIN=B08KHHM9PW&cv_ct_cx=Hand+cream&cv_ct_id=amzn1.osa.bf46cea1-a5b9-4517-ac3b-a82eda0c0917.A21TJRUUN4KGV.en_IN&cv_ct_pg=search&cv_ct_we=asin&cv_ct_wn=osp-single-source-pecos-desktop&keywords=Hand+cream&linkCode=oas&pd_rd_i=B08KHHM9PW&pd_rd_r=754c860a-c1e4-44a2-a066-726500224ce6&pd_rd_w=Q8lhI&pd_rd_wg=G5vo8&pf_rd_p=5445860c-82c6-43ce-b630-b0c7823a784d&pf_rd_r=AVSPQQBD3PR9CD9B5EVD&qid=1680709243&sbo=RZvfv%2F%2FHxDF%2BO5021pAnSA%3D%3D&sr=1-4-c84eb971-91f2-4a4d-acce-811265c24254&tag=cosmotoday-21,,
"        Neolayr Hand Moisturising Cream - Deep hydration formula for dry & rough hands - With Aloe Vera & Vitamin E - Softening & Rejuvinating - Non sticky & light weight - All Skin Type - Men & Women ,50 gm       ",Hand cream,NEOLAYR,All,https://www.amazon.in/NEOLAYR-Hand-Moisturising-Cream-50/dp/B08KGSFL5K/ref=sr_1_8?keywords=Hand+cream&qid=1680709243&sr=8-8,,
"        Aroma Magic Nourishing Hand Cream, 50g       ",Hand cream,Aroma Magic,All,https://www.amazon.in/Aroma-Magic-Nourishing-Hand-Cream/dp/B01C5UIOIC/ref=sr_1_9?keywords=Hand+cream&qid=1680709243&sr=8-9,,
        Plum BodyLovin' Caramel Popcorn Hand Cream | Moisturizing | Non-Greasy | Caramel Popcorn Fragrance       ,Hand cream,Plum,All,https://www.amazon.in/Plum-BodyLovin-Moisturizing-Non-Greasy-Fragrance/dp/B0B25NJQB5/ref=sr_1_10?keywords=Hand+cream&qid=1680709243&sr=8-10,,
        Palmer’s Coconut Oil Hand Cream       ,Hand cream,Palmer's,All,https://www.amazon.in/Palmers-Coconut-Hand-Cream-Ounce/dp/B00ZFWAA7G/ref=sr_1_11?keywords=Hand+cream&qid=1680709243&sr=8-11,,
"        Vaseline Intensive Care Advanced Repair Hand Cream, 75ml       ",Hand cream,Vaseline,All,https://www.amazon.in/Vaseline-Intensive-Advanced-Repair-Cream/dp/B001RYSHFS/ref=sr_1_12?keywords=Hand+cream&qid=1680709243&sr=8-12,,
"        Colorbar Fruit Drop Hand Cream – Combo, 30 g (Pack of 3)       ",Hand cream,Colorbar,Combination,https://www.amazon.in/Colorbar-Cosmetics-Fruit-Drop-Cream/dp/B0842QT9NK/ref=sr_1_13?keywords=Hand+cream&qid=1680709243&sr=8-13,,
        Dove Nourishing Secrets Restoring Ritual Hand Cream 75ml       ,Hand cream,Dove,Dry,https://www.amazon.in/Dove-Nourishing-Secrets-Restoring-Ritual/dp/B07D771KZ1/ref=sr_1_14?keywords=Hand+cream&qid=1680709243&sr=8-14,,
        mCaffeine Coffee Hand Cream (50ml) with Shea Butter Sweat Almond Oil | Soft and Smooth Hands with Lightweight Moisturization | Non Sticky Cream for Hydrating Dry and Dull Skin       ,Hand cream,Mcaffeine,"All, Oily, Sensitive, Dry, Normal",https://www.amazon.in/mCaffeine-Coffee-Mattifying-Paraben-Silicone/dp/B082DH44M1/ref=sr_1_15?keywords=Hand+cream&qid=1680709243&sr=8-15,,
        Amway - Persona 2 in 1 Hand cream - sanitizer and Moisturizer [3 tubes] and stylish hair/head band ASSORTED] - COMBO       ,Hand cream,Amway,All,https://www.amazon.in/Amway-sanitizer-Moisturizer-ASSORTED-KAROBAAR/dp/B09T3N2XGN/ref=sr_1_16?keywords=Hand+cream&qid=1680709243&sr=8-16,,
"        The Moms Co. Natural Cocoa Hand Cream for Women & Men 50g for Dry and Rough Hands | With Cocoa, Shea Butters & Vitamin E for Intense Moisturization       ",Hand cream,The Moms Co,All,https://www.amazon.in/Moms-Natural-Butters-Vitamin-Moisturization/dp/B09TBB5MTV/ref=sr_1_17?keywords=Hand+cream&qid=1680709243&sr=8-17,,
"        Charmis Deep Radiance Hand Cream 150g with Vitamin C and Hyaluronic Acid for Protection from 99.9% Bacteria and Hydrated Hands, Non Sticky and Quick Absorbing       ",Hand cream,Charmis,All,https://www.amazon.in/Charmis-Radiance-Hyaluronic-Protection-Absorbing/dp/B08PVDWT4Q/ref=sr_1_18?keywords=Hand+cream&qid=1680709243&sr=8-18,,
        Neutrogena Norwegian Formula Fast Absorbing Hand Cream (75ml)       ,Hand cream,Neutrogena,All,https://www.amazon.in/Neutrogena-Norwegian-Formula-Absorbing-Cream/dp/B0096NZKIE/ref=sr_1_19?keywords=Hand+cream&qid=1680709243&sr=8-19,,
        Neutrogena Norwegian Formula Hand Cream Concentrated (50ml)       ,Hand cream,Neutrogena,Dry,https://www.amazon.in/Neutrogena-Norwegian-Formula-Cream-Concentrated/dp/B0070Z88AM/ref=sr_1_20_mod_primary_new?keywords=Hand+cream&qid=1680709243&sbo=RZvfv%2F%2FHxDF%2BO5021pAnSA%3D%3D&sr=8-20,,
"        TES Beauty Hands On Hand Cream 100ml | Hyaluronic Acid, Shea Butter, Lavender Oil | Softens & Moisturises Dry Rough Hands | Non-Greasy, Lightweight, Anti-wrinkle | Men & Women       ",Hand cream,The Eco Story,All,https://www.amazon.in/sspa/click?ie=UTF8&spc=MTo1ODYzMzg2NjEzNjUzMzE1OjE2ODA3MDkyNDM6c3BfbXRmOjIwMTM0MzU0MTc5MTk4OjowOjo&url=%2FBeauty-moisturised-smooth-Hyaluronic-extract%2Fdp%2FB0B3HZHXPQ%2Fref%3Dsr_1_21_sspa%3Fkeywords%3DHand%2Bcream%26qid%3D1680709243%26sr%3D8-21-spons%26sp_csd%3Dd2lkZ2V0TmFtZT1zcF9tdGY%26psc%3D1,,
"        St. Ives Revitalizing ACAI, Blueberry & Chia Seed Oil Hand Cream, Made With 100% Natural Moisturizers, Travel Size, Paraben Free, Dermatologist Tested, Imported, 30 ml       ",Hand cream,St. Ives,All,https://www.amazon.in/sspa/click?ie=UTF8&spc=MTo1ODYzMzg2NjEzNjUzMzE1OjE2ODA3MDkyNDM6c3BfbXRmOjIwMDk0MDAwODc5NDk4OjowOjo&url=%2FSt-Ives-Revitalizing-Moisturizers-Dermatologist%2Fdp%2FB098H6543K%2Fref%3Dsr_1_22_sspa%3Fkeywords%3DHand%2Bcream%26qid%3D1680709243%26sr%3D8-22-spons%26sp_csd%3Dd2lkZ2V0TmFtZT1zcF9tdGY%26psc%3D1,,
        Palmer’s Coconut Oil Hand Cream       ,Hand cream,Palmer's,All,https://www.amazon.in/sspa/click?ie=UTF8&spc=MTo1ODYzMzg2NjEzNjUzMzE1OjE2ODA3MDkyNDM6c3BfbXRmOjIwMTExNTExMjY5Mzk4OjowOjo&url=%2FPalmers-Coconut-Hand-Cream-Ounce%2Fdp%2FB00ZFWAA7G%2Fref%3Dsr_1_23_sspa%3Fkeywords%3DHand%2Bcream%26qid%3D1680709243%26sr%3D8-23-spons%26sp_csd%3Dd2lkZ2V0TmFtZT1zcF9tdGY%26psc%3D1%26smid%3DAG3I8C4CSTRKE,,
        Kimirica Hand Creams Combo gifting | Moisturizing Nourishing Hand Cream for Men and Women | Gift set | Pack of 3 | 30ml each       ,Hand cream,Kimirica,All,https://www.amazon.in/sspa/click?ie=UTF8&spc=MTo1ODYzMzg2NjEzNjUzMzE1OjE2ODA3MDkyNDM6c3BfbXRmOjIwMDc0ODgzODM2OTA3OjowOjo&url=%2FKimirica-Sunshine-Creams-Tucuma-Butter%2Fdp%2FB08JQ4838C%2Fref%3Dsr_1_24_sspa%3Fkeywords%3DHand%2Bcream%26qid%3D1680709243%26sr%3D8-24-spons%26sp_csd%3Dd2lkZ2V0TmFtZT1zcF9tdGY%26psc%3D1,,
        hand cream super cute pack of 3 (30g*3)       ,Hand cream,Generic,All,https://www.amazon.in/hand-cream-super-cute-pack/dp/B0BWTPGCR8/ref=sr_1_25?keywords=Hand+cream&qid=1680709243&sr=8-25,,
"        The Body Shop Shea Hand Cream, 100ml       ",Hand cream,The Body Shop,Dry,https://www.amazon.in/Body-Shop-Shea-Cream-100ml/dp/B0713W89P6/ref=sr_1_26?keywords=Hand+cream&qid=1680709243&sr=8-26,,
"        Oriflame Milk And Honey Gold Nourishing Hand And Body Cream, 250g       ",Hand cream,Oriflame,All,https://www.amazon.in/Oriflame-Milk-Honey-Nourishing-Cream/dp/B00EOSQ8XC/ref=sr_1_27?keywords=Hand+cream&qid=1680709243&sr=8-27,,
"        Dot & Key Hand Cream : Sanitizer + moisturizer, with Mandarin & Lemon, alcohol free sanitizer plus hand cream for women and men - Paraben Free       ",Hand cream,DOT & KEY,Combination,https://www.amazon.in/Dot-Key-Hand-Cream-moisturizer/dp/B07CZJTWXN/ref=sr_1_28?keywords=Hand+cream&qid=1680709243&sr=8-28,,
"        Vaseline Intensive Care Hand Cream for Healthy and Stronger Nails, 75ml       ",Hand cream,Vaseline,"All, Sensitive, Dry",https://www.amazon.in/Vaseline-Intensive-Cream-Healthy-Stronger/dp/B013NCJQPG/ref=sr_1_29?keywords=Hand+cream&qid=1680709243&sr=8-29,,
"        Kimirica How Holiday Smells Tucuma Butter Hand Cream, 100% Vegan & Paraben Free, Non Greasy Hand Moisturizer, For Men & Women(30ml)       ",Hand cream,Kimirica,Combination,https://www.amazon.in/Kimirica-Holiday-Smells-Tucuma-Paraben/dp/B08KHJ8W2N/ref=sr_1_30?keywords=Hand+cream&qid=1680709243&sr=8-30,,
"        St.Botanica Vitamin C Brightening Hand and Nail Cream, 50g with Vitamin C to Moisturise, Brighten Skin & Infuse Shine to Nails | No Parabens & Sulphates | Vegan       ",Hand cream,St.Botanica,Normal,https://www.amazon.in/StBotanica-Vitamin-Brightening-Hand-Cream/dp/B07WFPK9FW/ref=sr_1_31?keywords=Hand+cream&qid=1680709243&sr=8-31,,
        Khadi Organique Milk and Saffron Hand Cream for Dry and Rough Hands - 50GM       ,Hand cream,KHADI ORGANIQUE,Normal,https://www.amazon.in/Khadi-Organique-Milk-Saffron-Cream/dp/B07PHWS4GG/ref=sr_1_32?keywords=Hand+cream&qid=1680709243&sr=8-32,,
"        Coco Soul Hand Cream with Coconut & Ayurveda | Silicones, Mineral Oil, Paraben & Sulphate Free | 75ml       ",Hand cream,Coco Soul,Combination,https://www.amazon.in/Coco-Soul-Coconut-Sulphate-Paraben/dp/B07VH1PPV3/ref=sr_1_34?keywords=Hand+cream&qid=1680709243&sr=8-34,,
"        Charmis Hand Cream 150g, Pack of 3 with Vitamin C and Hyaluronic Acid for Protection from 99.9% Bacteria and Hydrated Hands, Non Sticky and Quick Absorbing       ",Hand cream,Charmis,All,https://www.amazon.in/Charmis-Hyaluronic-Protection-Bacteria-Absorbing/dp/B08XXK1DG8/ref=sr_1_35?keywords=Hand+cream&qid=1680709243&sr=8-35,,
        Dove Nourishing Secrets Invigorating Ritual Hand Cream 75ml       ,Hand cream,Dove,Dry,https://www.amazon.in/Dove-Nourishing-Secrets-Invigorating-Ritual/dp/B07G83R5WM/ref=sr_1_36?keywords=Hand+cream&qid=1680709243&sr=8-36,,
"        Himalaya Hand Cream - Age Defying, 100ml Bottle       ",Hand cream,Himalaya,Dry,https://www.amazon.in/Himalaya-Hand-Cream-Defying-Bottle/dp/B01G1TIC44/ref=sr_1_37?keywords=Hand+cream&qid=1680709243&sr=8-37,,
        Oriflame Milk & Honey Gold Moisturising Hand Cream (75 g)       ,Hand cream,Oriflame,Dry,https://www.amazon.in/Oriflame-Milk-Honey-Moisturising-Cream/dp/B00QFEGBNU/ref=sr_1_39?keywords=Hand+cream&qid=1680709243&sr=8-39,,
"        Nivea Soft Light Moisturizer For Face, Hand & Body, Instant Hydration, Non-Greasy Cream With Vitamin E & Jojoba Oil, 200 Ml       ",Hand cream,Nivea,All,https://www.amazon.in/Nivea-Soft-Light-Moisturiser-200ml/dp/B00FRDAAUA/ref=sr_1_40?keywords=Hand+cream&qid=1680709243&sr=8-40,,
"        Kimirica Madagascar Vanilla Hand Cream infused with Tucuma and Shea Butter, 100% Vegan and Paraben Free Non Greasy Hand Moisturizer, (30ml)       ",Hand cream,Kimirica,All,https://www.amazon.in/Kimirica-Madagascar-Vanilla-infused-Moisturizer/dp/B09LLVJ61H/ref=sr_1_41?keywords=Hand+cream&qid=1680709243&sr=8-41,,
"        Yahvi Hand & Nail Cream British Rose | For Revitalized Hands, Strong Nails & Smooth Cuticles | For All Skin Types | Paraben-Free & Cruelty-Free | 30 Ml       ",Hand cream,Yahvi,"All, Oily, Combination, Sensitive, Dry",https://www.amazon.in/British-Revitalized-Cuticles-Paraben-Free-Cruelty-Free/dp/B0BW5XSZ5K/ref=sr_1_42?keywords=Hand+cream&qid=1680709243&sr=8-42,,
        SAMAYA Lily & Shea Butter Long Lasting Deep Moisturizing Hand Cream for Smooth Soft Hands Skin | Ideal for both Men and Women - 100 ml       ,Hand cream,Samaya,"All, Oily, Sensitive, Dry, Normal",https://www.amazon.in/SAMAYA-Butter-Lasting-Moisturizing-Smooth/dp/B097C3JHCN/ref=sr_1_43?keywords=Hand+cream&qid=1680709243&sr=8-43,,
"        Lakme Sun Expert SPF 50 PA+++ Ultra Matte Lotion Sunscreen, Lightweight, Non Sticky, Non Greasy, Blocks Upto 97% Harmful Sunrays, 50 ml       ",Hand cream,LAKMÉ,Normal,https://www.amazon.in/LAKM%C3%89-Cream-Pomelo-Pentavitin-Almond/dp/B09J8WVNCZ/ref=sr_1_44?keywords=Hand+cream&qid=1680709243&sr=8-44,,
"        St. Ives Revitalizing ACAI, Blueberry & Chia Seed Oil Hand Cream, Made With 100% Natural Moisturizers, Travel Size, Paraben Free, Dermatologist Tested, Imported, 30 ml       ",Hand cream,St. Ives,All,https://www.amazon.in/St-Ives-Revitalizing-Moisturizers-Dermatologist/dp/B098H6543K/ref=sr_1_46?keywords=Hand+cream&qid=1680709243&sr=8-46,,
        Treaclemoon The Raspberry Kiss Hand Cream for dry and cracked hands with Dragon Fruit and Almond Oil Extract – Ultra Moisturizing Skin Cream - Vegan Friendly - 75ml       ,Hand cream,Treaclemoon,All,https://www.amazon.in/TreacleMoon-Raspberry-Kiss-Hand-Cream/dp/B08P2MN4X4/ref=sr_1_48?keywords=Hand+cream&qid=1680709243&sr=8-48,,
"        Treaclemoon Marshmallow Hearts Hand Cream with Apricot Oil, Shea Butter and Vitamin E – Ultra Moisturizing for dry and cracked skin - Vegan Friendly, Travel Sized - 75ml       ",Hand cream,Treaclemoon,All,https://www.amazon.in/TreacleMoon-Marshmallow-Hearts-Hand-Cream/dp/B07S35GXYT/ref=sr_1_49?keywords=Hand+cream&qid=1680709243&sr=8-49,,
"        O'Keeffe's Working Hands Hand Cream, 3 ounce Tube, (Pack of 2)       ",Hand cream,O'Keeffe's,Dry,https://www.amazon.in/OKeeffes-Working-Hands-Cream-Ounce/dp/B0148PKYXU/ref=sr_1_50?keywords=Hand+cream&qid=1680709243&sr=8-50,,
"        Nat Habit Pumpkin Walnut Fresh Whipped Hand Malai/Cream for Aging & Wrinkle Control, 100% Natural - 25ml       ",Hand cream,Nat Habit - Back To Natural Secrets Everyday,All,https://www.amazon.in/Nat-Habit-Pumpkin-Whipped-Natural/dp/B0BG7LK84S/ref=sr_1_51?keywords=Hand+cream&qid=1680709243&sr=8-51,,
        Oriflame HAND CARE Softening Hand Cream with Peach Extract 75g       ,Hand cream,Oriflame,Dry,https://www.amazon.in/Oriflame-Softening-Cream-Peach-Extract/dp/B0B6W4MJ6N/ref=sr_1_52?keywords=Hand+cream&qid=1680709243&sr=8-52,,
"        Kimirica Rosefield Tucuma Butter Summer Hand Cream, 100% Vegan & Paraben Free Non Greasy Hand Moisturizer For Men & Women (30ml)       ",Hand cream,Kimirica,Combination,https://www.amazon.in/Kimirica-Rosefield-Tucuma-Butter-Paraben/dp/B08KH6HRDF/ref=sr_1_53?keywords=Hand+cream&qid=1680709243&sr=8-53,,
        Neutrogena Norwegian Hand Cream 50ml       ,Hand cream,Neutrogena,Sensitive,https://www.amazon.in/Neutrogena-Norwegian-Hand-Cream-50ml/dp/B0BG8TSBRH/ref=sr_1_54?keywords=Hand+cream&qid=1680709243&sr=8-54,,
        L'Occitane Cherry Blossom Hand Cream       ,Hand cream,L'Occitane,All,https://www.amazon.in/LOccitane-Cherry-Blossom-Hand-Cream/dp/B0B8SNDHNQ/ref=sr_1_56?keywords=Hand+cream&qid=1680709243&sr=8-56,,
        Kimirica Love Story Gardenia & Night Blooming Jasmine Hand cream | Moisturizing Nourishing Hand Cream for Men and Women | Gift Pack Hand Cream | 30ml       ,Hand cream,Kimirica,All,https://www.amazon.in/sspa/click?ie=UTF8&spc=MTo1ODYzMzg2NjEzNjUzMzE1OjE2ODA3MDkyNDM6c3BfYnRmOjIwMTA4MjE4Nzg0Mzk4OjowOjo&url=%2FKimirica-Gardenia-Blooming-Moisturizing-Nourishing%2Fdp%2FB09S6N1VYB%2Fref%3Dsr_1_57_sspa%3Fkeywords%3DHand%2Bcream%26qid%3D1680709243%26sr%3D8-57-spons%26sp_csd%3Dd2lkZ2V0TmFtZT1zcF9idGY%26psc%3D1,,
"        Charmis Deep Radiance Hand Cream 150g with Vitamin C and Hyaluronic Acid for Protection from 99.9% Bacteria and Hydrated Hands, Non Sticky and Quick Absorbing       ",Hand cream,Charmis,All,https://www.amazon.in/sspa/click?ie=UTF8&spc=MTo1ODYzMzg2NjEzNjUzMzE1OjE2ODA3MDkyNDM6c3BfYnRmOjIwMDUzMzk4NjQ2MjA3OjowOjo&url=%2FCharmis-Radiance-Hyaluronic-Protection-Absorbing%2Fdp%2FB08PVDWT4Q%2Fref%3Dsr_1_58_sspa%3Fkeywords%3DHand%2Bcream%26qid%3D1680709243%26sr%3D8-58-spons%26sp_csd%3Dd2lkZ2V0TmFtZT1zcF9idGY%26psc%3D1,,
"        Kimirica Madagascar Vanilla Hand Cream infused with Tucuma and Shea Butter, 100% Vegan and Paraben Free Non Greasy Hand Moisturizer, (30ml)       ",Hand cream,Kimirica,All,https://www.amazon.in/sspa/click?ie=UTF8&spc=MTo1ODYzMzg2NjEzNjUzMzE1OjE2ODA3MDkyNDM6c3BfYnRmOjIwMTA4NDA1MDczMzk4OjowOjo&url=%2FKimirica-Madagascar-Vanilla-infused-Moisturizer%2Fdp%2FB09LLVJ61H%2Fref%3Dsr_1_59_sspa%3Fkeywords%3DHand%2Bcream%26qid%3D1680709243%26sr%3D8-59-spons%26sp_csd%3Dd2lkZ2V0TmFtZT1zcF9idGY%26psc%3D1,,
"        Yahvi Hand & Nail Cream British Rose | For Revitalized Hands, Strong Nails & Smooth Cuticles | For All Skin Types | Paraben-Free & Cruelty-Free | 30 Ml       ",Hand cream,Yahvi,"All, Oily, Combination, Sensitive, Dry",https://www.amazon.in/sspa/click?ie=UTF8&spc=MTo1ODYzMzg2NjEzNjUzMzE1OjE2ODA3MDkyNDM6c3BfYnRmOjIwMTMzOTE1MzMwNzk4OjowOjo&url=%2FBritish-Revitalized-Cuticles-Paraben-Free-Cruelty-Free%2Fdp%2FB0BW5XSZ5K%2Fref%3Dsr_1_60_sspa%3Fkeywords%3DHand%2Bcream%26qid%3D1680709243%26sr%3D8-60-spons%26sp_csd%3Dd2lkZ2V0TmFtZT1zcF9idGY%26psc%3D1,,
        Himalaya Herbals Age Defying Hand Cream 100ml       ,Hand cream,Himalaya,Dry,https://www.amazon.in/sspa/click?ie=UTF8&spc=MTozNjc0MTM5MDY5MjkxMDU0OjE2ODA3MDk1MTg6c3BfYXRmX25leHQ6MjAxMDkxODA1MzExOTg6OjA6Og&url=%2FHimalaya-Herbals-Defying-Cream-100ml%2Fdp%2FB00BL78WJC%2Fref%3Dsr_1_50_sspa%3Fkeywords%3DHand%2Bcream%26qid%3D1680709518%26sr%3D8-50-spons%26sp_csd%3Dd2lkZ2V0TmFtZT1zcF9hdGZfbmV4dA%26psc%3D1,,
"        Neolayr Hand Moisturising Cream - Deep hydration formula for dry & rough hands - With Aloe Vera & Vitamin E - Softening & Rejuvinating - Non sticky & light weight - All Skin Type - Men & Women ,50 gm       ",Hand cream,NEOLAYR,All,https://www.amazon.in/sspa/click?ie=UTF8&spc=MTozNjc0MTM5MDY5MjkxMDU0OjE2ODA3MDk1MTg6c3BfYXRmX25leHQ6MjAwMzAxMDk2NTA3OTg6OjA6Og&url=%2FNEOLAYR-Hand-Moisturising-Cream-50%2Fdp%2FB08KGSFL5K%2Fref%3Dsr_1_51_sspa%3Fkeywords%3DHand%2Bcream%26qid%3D1680709518%26sr%3D8-51-spons%26sp_csd%3Dd2lkZ2V0TmFtZT1zcF9hdGZfbmV4dA%26psc%3D1,,
"        Kimirica Miami Nights Hand Cream infused with Tucuma and Shea Butter, 100% Vegan and Paraben Free Non Greasy Hand Moisturizer, (30ml)       ",Hand cream,Kimirica,All,https://www.amazon.in/sspa/click?ie=UTF8&spc=MTozNjc0MTM5MDY5MjkxMDU0OjE2ODA3MDk1MTg6c3BfYXRmX25leHQ6MjAxMDg0MDUwNzMxOTg6OjA6Og&url=%2FKimirica-Nights-infused-Paraben-Moisturizer%2Fdp%2FB09LM3SGKD%2Fref%3Dsr_1_52_sspa%3Fkeywords%3DHand%2Bcream%26qid%3D1680709518%26sr%3D8-52-spons%26sp_csd%3Dd2lkZ2V0TmFtZT1zcF9hdGZfbmV4dA%26psc%3D1,,
        Vaseline Dry Hands Rescue 2in1 Hand Cream 75ml       ,Hand cream,Vaseline,Dry,https://www.amazon.in/Vaseline-Hands-Rescue-2in1-Cream/dp/B08R211H24/ref=sr_1_53?keywords=Hand+cream&qid=1680709518&sr=8-53,,
"        WOW Skin Science Green Tea Hand & Nail Cream - Soothing & Restoring - Lightweight & Non-Greasy - Quick Absorb - for All Skin Types - No Parabens, Silicones, Mineral Oil & Color - 50mL       ",Hand cream,WOW Skin Science,All,https://www.amazon.in/WOW-Skin-Science-Green-Cream/dp/B08W9LHBFG/ref=sr_1_54?keywords=Hand+cream&qid=1680709518&sr=8-54,,
"        L'Occitane Dry Skin Shea Butter Hand Cream, 150ml       ",Hand cream,L'Occitane,All,https://www.amazon.in/LOccitane-Shea-Butter-Cream-150ml/dp/B006UEOQ5K/ref=sr_1_55?keywords=Hand+cream&qid=1680709518&sr=8-55,,
        Pre de Provence Private Collection Hand Cream - Eucalyptus and Mint       ,Hand cream,Pre de Provence,Dry,https://www.amazon.in/Pre-Provence-Private-Collection-Cream/dp/B01N6S4UBH/ref=sr_1_56?keywords=Hand+cream&qid=1680709518&sr=8-56,,
        Kimirica Love Story Gardenia & Night Blooming Jasmine Hand cream | Moisturizing Nourishing Hand Cream for Men and Women | Gift Pack Hand Cream | 30ml       ,Hand cream,Kimirica,All,https://www.amazon.in/Kimirica-Gardenia-Blooming-Moisturizing-Nourishing/dp/B09S6N1VYB/ref=sr_1_57?keywords=Hand+cream&qid=1680709518&sr=8-57,,
"        AVON Naturals Lavender & Chamomile Hand Cream, 50 g       ",Hand cream,AVON,Dry,https://www.amazon.in/Avon-Naturals-Lavender-Chamomile-Cream/dp/B077NKQ9YP/ref=sr_1_58?keywords=Hand+cream&qid=1680709518&sr=8-58,,
"        Kimirica Pink Caribbean Hand Cream infused with Tucuma and Shea Butter, 100% Vegan and Paraben Free Non Greasy Hand Moisturizer, (30ml)       ",Hand cream,Kimirica,All,https://www.amazon.in/Kimirica-Caribbean-infused-Paraben-Moisturizer/dp/B09LLPFPZZ/ref=sr_1_59?keywords=Hand+cream&qid=1680709518&sr=8-59,,
"        Glamveda Hand & Foot Ayurvedic Crack Cream 100 GM For Dry, Rough & Crack Heels & Elbow, Paraben Free| Alomond Oil, Aloevera & Mango Butter| Deeply Moisturizes & Repairs|       ",Hand cream,GLAMVEDA,All,https://www.amazon.in/Glamveda-Hand-Crack-Cream-Paraben/dp/B08SVVBC8Z/ref=sr_1_60?keywords=Hand+cream&qid=1680709518&sr=8-60,,
        Vaseline Intensive Care Mature Skin Rejuvenation Hand Cream 75ml       ,Hand cream,Vaseline,Dry,https://www.amazon.in/Vaseline-Intensive-Mature-Rejuvenation-Cream/dp/B07D75NZ55/ref=sr_1_61?keywords=Hand+cream&qid=1680709518&sr=8-61,,
"        Nivea Soft Light Moisturizer For Face, Hand & Body, Instant Hydration, Non-Greasy Cream With Vitamin E & Jojoba Oil, 50ml       ",Hand cream,Nivea,Dry,https://www.amazon.in/Nivea-Soft-Cr%C3%A8me-50ml/dp/B00KIP2FZA/ref=sr_1_62?keywords=Hand+cream&qid=1680709518&sr=8-62,,
"        Nat Habit - Back To Natural Secrets Everyday Lemon Moringa Fresh Whipped Hand Malai/Cream For Tan & Pigmentation Control, 100% Natural, 25ml       ",Hand cream,Nat Habit - Back To Natural Secrets Everyday,All,https://www.amazon.in/Nat-Habit-Moringa-Pigmentation-Natural/dp/B0BG7M5X9V/ref=sr_1_63?keywords=Hand+cream&qid=1680709518&sr=8-63,,
        Dot and Key Hand and Foot Dream Cream duo       ,Hand cream,DOT & KEY,All,https://www.amazon.in/Dot-Hand-Foot-Dream-Cream/dp/B0BNNBHNK6/ref=sr_1_64?keywords=Hand+cream&qid=1680709518&sr=8-64,,
        Palmer's Raw Shea Nourish Hand Cream 96g       ,Hand cream,Palmer's,All,https://www.amazon.in/Palmers-Shea-Nourish-Hand-Cream/dp/B09C6NLYXJ/ref=sr_1_65?keywords=Hand+cream&qid=1680709518&sr=8-65,,
"        O'Keeffe's Working Hands Hand Cream, 3.4 Ounce Jar, (Pack of 2)       ",Hand cream,O%27Keefes Company,Dry,https://www.amazon.in/OKeeffes-Working-Hands-Cream-Ounce/dp/B00N3W70JQ/ref=sr_1_66?keywords=Hand+cream&qid=1680709518&sr=8-66,,
        Neutrogena Concentrated Non Scented Hands Cream 50ml       ,Hand cream,Neutrogena,Dry,https://www.amazon.in/Neutrogena-Concentrated-Scented-Hands-Cream/dp/B0006SQ9CE/ref=sr_1_67?keywords=Hand+cream&qid=1680709518&sr=8-67,,
        Kimirica Hand Creams Combo gifting | Moisturizing Nourishing Hand Cream for Men and Women | Gift set | Pack of 3 | 30ml each       ,Hand cream,Kimirica,All,https://www.amazon.in/sspa/click?ie=UTF8&spc=MTozNjc0MTM5MDY5MjkxMDU0OjE2ODA3MDk1MTg6c3BfbXRmOjIwMTA4MjM4NjAyMDk4OjowOjo&url=%2FKimirica-Holiday-Smells-Creams-Tucuma%2Fdp%2FB08JQ76H1C%2Fref%3Dsr_1_69_sspa%3Fkeywords%3DHand%2Bcream%26qid%3D1680709518%26sr%3D8-69-spons%26sp_csd%3Dd2lkZ2V0TmFtZT1zcF9tdGY%26psc%3D1,,
"        Yahvi Hand & Nail Cream Aloe Vera & Cucumber With Shea Butter & Kokum Butter | Even-Toned Hands, Healthy Nails & Hydrated Cuticles | For All Skin Types | Paraben-Free | Cruelty-Free | 30 Ml       ",Hand cream,Yahvi,"All, Oily, Combination, Sensitive, Dry",https://www.amazon.in/sspa/click?ie=UTF8&spc=MTozNjc0MTM5MDY5MjkxMDU0OjE2ODA3MDk1MTg6c3BfbXRmOjIwMTMzOTE1MzMwNjk4OjowOjo&url=%2FCucumber-Even-Toned-Hydrated-Paraben-Free-Cruelty-Free%2Fdp%2FB0BVQVSLG2%2Fref%3Dsr_1_70_sspa%3Fkeywords%3DHand%2Bcream%26qid%3D1680709518%26sr%3D8-70-spons%26sp_csd%3Dd2lkZ2V0TmFtZT1zcF9tdGY%26psc%3D1,,
"        moha: Nail Care Cream for Dryness (Dry Skin) 100 g | For Cuticle Care, Nail Growth & Strength With Goodness of Almond Oil & Flaxseed Oil | Soft, Smooth, & Strong Lustrous Nails | Men & Women       ",Hand cream,Charak,All,https://www.amazon.in/sspa/click?ie=UTF8&spc=MTozNjc0MTM5MDY5MjkxMDU0OjE2ODA3MDk1MTg6c3BfbXRmOjIwMDYyMDI3MjM2NDk4OjowOjo&url=%2FMoha-Nail-Care-Cream-Grams%2Fdp%2FB013E7S3H2%2Fref%3Dsr_1_71_sspa%3Fkeywords%3DHand%2Bcream%26qid%3D1680709518%26sr%3D8-71-spons%26sp_csd%3Dd2lkZ2V0TmFtZT1zcF9tdGY%26psc%3D1,,
"        Aaranyaa Hand & Cuticle Cream (50gm) With Marula Oil,Manuka Oil & Tea Tree Oil | Lightweight Non Sticky Moisturizer For Dry and Dull Skin       ",Hand cream,Aaranyaa,"All, Oily, Dry, Normal",https://www.amazon.in/sspa/click?ie=UTF8&spc=MTozNjc0MTM5MDY5MjkxMDU0OjE2ODA3MDk1MTg6c3BfbXRmOjIwMTExNTY1NjA5Mzk4OjowOjo&url=%2FAaranyaa-Hand-Cuticle-Cream-50gm%2Fdp%2FB08PZ5ZH21%2Fref%3Dsr_1_72_sspa%3Fkeywords%3DHand%2Bcream%26qid%3D1680709518%26sr%3D8-72-spons%26sp_csd%3Dd2lkZ2V0TmFtZT1zcF9tdGY%26psc%3D1,,
"        Oriflame Silk Beauty White Glow Hand Cream, 75ml       ",Hand cream,Oriflame,Combination,https://www.amazon.in/Oriflame-Silk-Beauty-White-Cream/dp/B00KI2HZ0S/ref=sr_1_73?keywords=Hand+cream&qid=1680709518&sr=8-73,,
        TATSA Moisturising Hand Cream with Sanitiser | A Cocoa Butter & Shea Butter Product       ,Hand cream,Tatsa,All,https://www.amazon.in/TATSA-Moisturising-Hand-Cream-Sanitiser/dp/B08LNWVX2D/ref=sr_1_74?keywords=Hand+cream&qid=1680709518&sr=8-74,,
"        Nat Habit - Back To Natural Secrets Everyday 4 Butter Mush Fresh Whipped Hand Malai/Cream For Intense Dry Repair, 100% Natural, 25ml       ",Hand cream,Nat Habit - Back To Natural Secrets Everyday,All,https://www.amazon.in/Nat-Habit-Natural-Secrets-Everyday/dp/B0BR141R59/ref=sr_1_75?keywords=Hand+cream&qid=1680709518&sr=8-75,,
"        TES Beauty Hands On Hand Cream 100ml | Hyaluronic Acid, Shea Butter, Lavender Oil | Softens & Moisturises Dry Rough Hands | Non-Greasy, Lightweight, Anti-wrinkle | Men & Women       ",Hand cream,The Eco Story,All,https://www.amazon.in/Beauty-moisturised-smooth-Hyaluronic-extract/dp/B0B3HZHXPQ/ref=sr_1_76?keywords=Hand+cream&qid=1680709518&sr=8-76,,
"        Nat Habit - Back To Natural Secrets Everyday Berry Vanilla Elastin Fresh Whipped Hand Malai/Cream For Soft, Supple & Baby Touch, 100% Natural, 25ml       ",Hand cream,Nat Habit - Back To Natural Secrets Everyday,All,https://www.amazon.in/Nat-Habit-Natural-Secrets-Everyday/dp/B0BR154Q3N/ref=sr_1_77?keywords=Hand+cream&qid=1680709518&sr=8-77,,
        Kimirica Hand Creams Combo gifting | Moisturizing Nourishing Hand Cream for Men and Women | Gift set | Pack of 3 | 30ml each       ,Hand cream,Kimirica,All,https://www.amazon.in/Kimirica-Sunshine-Creams-Tucuma-Butter/dp/B08JQ4838C/ref=sr_1_78?keywords=Hand+cream&qid=1680709518&sr=8-78,,
"        Cetaphil PRO Dryness Control Day Protect Hand Cream, 50ml       ",Hand cream,Cetaphil,Dry,https://www.amazon.in/Cetaphil-Dryness-Control-Protect-Cream/dp/B0B73MH1RJ/ref=sr_1_79?keywords=Hand+cream&qid=1680709518&sr=8-79,,
        Treaclemoon Brazilian Love OH SO Smooth Hand Cream 75 ml       ,Hand cream,Treaclemoon,All,https://www.amazon.in/Treaclemoon-Brazilian-Love-Smooth-Cream/dp/B0BFRHVHG4/ref=sr_1_80?keywords=Hand+cream&qid=1680709518&sr=8-80,,
"        Nivea Soft Light Moisturizer For Face, Hand & Body, Instant Hydration, Non-Greasy Cream With Vitamin E & Jojoba Oil, 300 Ml       ",Hand cream,Nivea,All,https://www.amazon.in/Nivea-Light-Moisturising-Cream-300ml/dp/B00E96N6O8/ref=sr_1_81?keywords=Hand+cream&qid=1680709518&sr=8-81,,
        KHADI RISHIKESH Ayurvedic Hand Cream For Dry & Rough Hands-Repair Damaged Skin- Cream For Hydrating Dry & Dull Skin-Daily हैंड क्रीम - -50GM       ,Hand cream,KHADI RISHIKESH,All,https://www.amazon.in/KHADI-RISHIKESH-Ayurvedic-Moisturizer-50GMWITH/dp/B0B9GMWC2Y/ref=sr_1_82?keywords=Hand+cream&qid=1680709518&sr=8-82,,
        Neutrogena Hand Cream 56 g       ,Hand cream,Neutrogena,Combination,https://www.amazon.in/Neutrogena-Norwegian-Formula-Hand-Cream/dp/B006LXEAJC/ref=sr_1_83?keywords=Hand+cream&qid=1680709518&sr=8-83,,
        St.Botanica Argan Oil Hand And Nail Cream 50g With Moroccan Argan Oil to Nourish & Deeply Moisturise Dry Hands & Nails | No Parabens & Sulphates | Vegan & Cruelty Free       ,Hand cream,St.Botanica,Normal,https://www.amazon.in/StBotanica-Moroccan-Argan-Hand-Cream/dp/B07WDJ61T4/ref=sr_1_84?keywords=Hand+cream&qid=1680709518&sr=8-84,,
"        WOW Skin Science Coconut Hand & Nail Cream - Moisturizing & Replenishing - Lightweight & Non-Greasy - Quick Absorb - for All Skin Types - No Parabens, Silicones, Mineral Oil & Color - 50mL       ",Hand cream,WOW Skin Science,All,https://www.amazon.in/WOW-Skin-Science-Coconut-Cream/dp/B08W9NZW4C/ref=sr_1_85?keywords=Hand+cream&qid=1680709518&sr=8-85,,
        The Body Shop Avocado Hand Balm 30ml       ,Hand cream,The Body Shop,Dry,https://www.amazon.in/Body-Shop-Avocado-Hand-Balm/dp/B09GW5X51Y/ref=sr_1_86?keywords=Hand+cream&qid=1680709518&sr=8-86,,
"        BoroPlus Antiseptic Cream Provides 24hrs Moisturisation Ayurvedic Cream for all Aeasons Hand Cream, Body Cream & Face Cream, Moisturises Dry Skin with Goodness of Neem, Tulsi and Aloe Vera, 120ml       ",Hand cream,BOROPLUS,Combination,https://www.amazon.in/Boro-Plus-Boroplus-Antiseptic-Cream/dp/B07F7DHFS7/ref=sr_1_87?keywords=Hand+cream&qid=1680709518&sr=8-87,,
"        Good Vibes Shea Butter Moisturizing Hand Cream, 50 g Deep Moisturization Skin Softening Lightweight Non Greasy Quick Absorbing Formula For All Skin Types, No Parabens & Sulphates       ",Hand cream,Good Vibes,"All, Oily, Combination, Dry, Normal",https://www.amazon.in/Good-Vibes-Moisturizing-Moisturization-Lightweight/dp/B09CW1JN81/ref=sr_1_88?keywords=Hand+cream&qid=1680709518&sr=8-88,,
        AVON Naturals Red Rose and Peach Hand Cream (50gm)       ,Hand cream,AVON,Dry,https://www.amazon.in/Avon-Naturals-Rose-Peach-Cream/dp/B077NL2QHB/ref=sr_1_89?keywords=Hand+cream&qid=1680709518&sr=8-89,,
        Find Your Happy Place - Sunkissed Ocean Waves Scented Hand Cream Sea Salt & Water Blossom | Non Greasy I Shea Butter & Vitamin E I For Women 30g       ,Hand cream,Find Your Happy Place,All,https://www.amazon.in/Find-Your-Happy-Place-Sunkissed/dp/B0BS117XW1/ref=sr_1_90?keywords=Hand+cream&qid=1680709518&sr=8-90,,
"        Sunscreen & Hand Cream with SPF 50+ from Soulflower | Dry & Rough Hands, Skin Moisturization, Sun Protection| Men & Women | Aloe Vera, Shea Butter |50g       ",Hand cream,Soulflower,"All, Oily, Combination, Sensitive, Normal",https://www.amazon.in/Soulflower-Moisturization-Paraben-Free-Non-Comedogenic-Moisturizer/dp/B09VLBWY56/ref=sr_1_91?keywords=Hand+cream&qid=1680709518&sr=8-91,,
"        Nivea Men Creme, Non Greasy Moisturizer, Cream For Face, Body & Hands, 75 ml       ",Hand cream,Nivea,All,https://www.amazon.in/Nivea-Men-Moisturiser-Cream-75ml/dp/B01HD5S28Q/ref=sr_1_92?keywords=Hand+cream&qid=1680709518&sr=8-92,,
"        Dermafique Oleo Restore Hand Serum for all skin types, 10x Vitamin E infused cream, Non-sticky Hydration, prevents collagen breakdown, for soft nourished skin, dermatologist tested (50g)       ",Hand cream,Dermafique,"All, Oily",https://www.amazon.in/Dermafique-Oleo-Restore-Serum-White/dp/B07DDNQNP3/ref=sr_1_93?keywords=Hand+cream&qid=1680709518&sr=8-93,,
        Glamveda Intense Hydration French Lavender Hand Cream (40gm)       ,Hand cream,GLAMVEDA,All,https://www.amazon.in/Glamveda-Intense-Hydration-French-Lavender/dp/B08WK5GT7N/ref=sr_1_95?keywords=Hand+cream&qid=1680709518&sr=8-95,,
        Kimirica Hand Creams Combo gifting | Moisturizing Nourishing Hand Cream for Men and Women | Gift set | Pack of 3 | 30ml each       ,Hand cream,Kimirica,All,https://www.amazon.in/Kimirica-Holiday-Smells-Creams-Tucuma/dp/B08JQ76H1C/ref=sr_1_96?keywords=Hand+cream&qid=1680709518&sr=8-96,,
"        Lakme Sun Expert SPF 50 PA+++ Ultra Matte Lotion Sunscreen, Lightweight, Non Sticky, Non Greasy, Blocks Upto 97% Harmful Sunrays, 50 ml       ",Hand cream,LAKMÉ,Normal,https://www.amazon.in/LAKM%C3%89-Cream-Mulberry-Pentavitin-Almond/dp/B09J8WML5F/ref=sr_1_97?keywords=Hand+cream&qid=1680709518&sr=8-97,,
        Find Your Happy Place - Wrapped In Your Arms Scented Hand Cream Blush Rose & Raspberry | Non Greasy I Shea Butter & Vitamin E I For Women 30g       ,Hand cream,Find Your Happy,All,https://www.amazon.in/Find-Your-Happy-Place-Raspberry/dp/B0BRZZWB6Y/ref=sr_1_98?keywords=Hand+cream&qid=1680709518&sr=8-98,,
"        Nat Habit - Back To Natural Secrets Everyday Tucuma Rose Fresh Whipped Hand Malai/Cream For Skin Clarity & Brightening, 100% Natural, 25ml       ",Hand cream,Nat Habit - Back To Natural Secrets Everyday,All,https://www.amazon.in/Nat-Habit-Natural-Everyday-Brightening/dp/B0BR13Q6CF/ref=sr_1_99?keywords=Hand+cream&qid=1680709518&sr=8-99,,
        Khadi Herbal Natural Milk & Saffron Hand Cream With Sheabutter 50 Gm (Set Of 2)       ,Hand cream,Khadi Natural,Dry,https://www.amazon.in/Khadi-Natural-Herbal-Saffron-sheabutter/dp/B07M9QW3Y8/ref=sr_1_100?keywords=Hand+cream&qid=1680709518&sr=8-100,,
"        Globus Naturals Nourishing Hand & Foot Cream, Enriched with Rose & Anantmool, For Nourished, Moisturizated Hands & Feet, Suitable for All Skin Types 100 gms, Pack Of 1       ",Hand cream,Globus Naturals,All,https://www.amazon.in/Globus-Naturals-Nourishing-Anantmool-Moisturizated/dp/B0BKFPPRT6/ref=sr_1_101?keywords=Hand+cream&qid=1680709518&sr=8-101,,
        KHADI RISHIKESH Herbal Natual Hand Cream - 50g Pack       ,Hand cream,KHADI RISHIKESH,All,https://www.amazon.in/KHADI-RISHIKESH-Herbal-Natual-Cream/dp/B01NACLQEX/ref=sr_1_102?keywords=Hand+cream&qid=1680709518&sr=8-102,,
"        Teenilicious Hand Cream for Women | Winter Cream for Dry and Rough Hand | Avocado Oil & Vanilla | Vegan | Free from Alcohol, Silicones, Paraben & Sulphates | Skin Moisturizing Cream | All Skins Type - 60gm       ",Hand cream,Teenilicious,All,https://www.amazon.in/Teenilicious-Avocado-Silicones-Sulphates-Moisturizing/dp/B0BGC56Y5S/ref=sr_1_103?keywords=Hand+cream&qid=1680709518&sr=8-103,,
"        Kimirica Miami Nights Hand Cream infused with Tucuma and Shea Butter, 100% Vegan and Paraben Free Non Greasy Hand Moisturizer, (30ml)       ",Hand cream,Kimirica,All,https://www.amazon.in/Kimirica-Nights-infused-Paraben-Moisturizer/dp/B09LM3SGKD/ref=sr_1_104?keywords=Hand+cream&qid=1680709518&sr=8-104,,
"        WOW Skin Science Coconut Hand & Nail Cream - Moisturizing & Replenishing - Lightweight & Non-Greasy - Quick Absorb - for All Skin Types - No Parabens, Silicones, Mineral Oil & Color - 50mL       ",Hand cream,WOW Skin Science,All,https://www.amazon.in/sspa/click?ie=UTF8&spc=MTozNjc0MTM5MDY5MjkxMDU0OjE2ODA3MDk1MTg6c3BfYnRmOjIwMTM0NzI2Mjg5Njk4OjowOjo&url=%2FWOW-Skin-Science-Coconut-Cream%2Fdp%2FB08W9NZW4C%2Fref%3Dsr_1_105_sspa%3Fkeywords%3DHand%2Bcream%26qid%3D1680709518%26sr%3D8-105-spons%26sp_csd%3Dd2lkZ2V0TmFtZT1zcF9idGY%26psc%3D1,,
"        WOW Skin Science Green Tea Hand & Nail Cream - Soothing & Restoring - Lightweight & Non-Greasy - Quick Absorb - for All Skin Types - No Parabens, Silicones, Mineral Oil & Color - 50mL       ",Hand cream,WOW Skin Science,All,https://www.amazon.in/sspa/click?ie=UTF8&spc=MTozNjc0MTM5MDY5MjkxMDU0OjE2ODA3MDk1MTg6c3BfYnRmOjIwMTM0NzAxNzg5Njk4OjowOjo&url=%2FWOW-Skin-Science-Green-Cream%2Fdp%2FB08W9LHBFG%2Fref%3Dsr_1_106_sspa%3Fkeywords%3DHand%2Bcream%26qid%3D1680709518%26sr%3D8-106-spons%26sp_csd%3Dd2lkZ2V0TmFtZT1zcF9idGY%26psc%3D1,,
"        Treaclemoon Marshmallow Hearts Hand Cream with Apricot Oil, Shea Butter and Vitamin E – Ultra Moisturizing for dry and cracked skin - Vegan Friendly, Travel Sized - 75ml       ",Hand cream,Treaclemoon,All,https://www.amazon.in/sspa/click?ie=UTF8&spc=MTozNjc0MTM5MDY5MjkxMDU0OjE2ODA3MDk1MTg6c3BfYnRmOjIwMDgyOTk0OTkzNzk4OjowOjo&url=%2FTreacleMoon-Marshmallow-Hearts-Hand-Cream%2Fdp%2FB07S35GXYT%2Fref%3Dsr_1_108_sspa%3Fkeywords%3DHand%2Bcream%26qid%3D1680709518%26sr%3D8-108-spons%26sp_csd%3Dd2lkZ2V0TmFtZT1zcF9idGY%26psc%3D1%26smid%3DA1U7DOZ06541E1,,
        L'Occitane Rose Hand Cream 30ml       ,Hand cream,L'Occitane,Sensitive,https://www.amazon.in/sspa/click?ie=UTF8&spc=MToxMzI2MzAwNDc1NDIxMzY5OjE2ODA3MDk3NTc6c3BfYXRmX25leHQ6MjAwOTMxNjI5Mzk3MDY6OjA6Og&url=%2FLOccitane-Rose-Hand-Cream-30ml%2Fdp%2FB07JBY9NCS%2Fref%3Dsr_1_97_sspa%3Fkeywords%3DHand%2Bcream%26qid%3D1680709757%26sr%3D8-97-spons%26sp_csd%3Dd2lkZ2V0TmFtZT1zcF9hdGZfbmV4dA%26psc%3D1,,
        Khadi Organique Milk and Saffron Hand Cream for Dry and Rough Hands - 50GM       ,Hand cream,KHADI ORGANIQUE,Normal,https://www.amazon.in/sspa/click?ie=UTF8&spc=MToxMzI2MzAwNDc1NDIxMzY5OjE2ODA3MDk3NTc6c3BfYXRmX25leHQ6MjAwNzQ5NTM4MzYyMDc6OjA6Og&url=%2FKhadi-Organique-Milk-Saffron-Cream%2Fdp%2FB07PHWS4GG%2Fref%3Dsr_1_98_sspa%3Fkeywords%3DHand%2Bcream%26qid%3D1680709757%26sr%3D8-98-spons%26sp_csd%3Dd2lkZ2V0TmFtZT1zcF9hdGZfbmV4dA%26psc%3D1,,
"        L'Occitane Lavender Hand Cream, 75ml       ",Hand cream,L'Occitane,All,https://www.amazon.in/sspa/click?ie=UTF8&spc=MToxMzI2MzAwNDc1NDIxMzY5OjE2ODA3MDk3NTc6c3BfYXRmX25leHQ6MjAwMjcxMjAwMDIyOTg6OjA6Og&url=%2FLOccitane-Lavender-Hand-Cream-75ml%2Fdp%2FB0031Y7PO6%2Fref%3Dsr_1_99_sspa%3Fkeywords%3DHand%2Bcream%26qid%3D1680709757%26sr%3D8-99-spons%26sp_csd%3Dd2lkZ2V0TmFtZT1zcF9hdGZfbmV4dA%26psc%3D1,,
        TATSA Moisturising Hand Cream with Sanitiser | A Cocoa Butter & Shea Butter Product       ,Hand cream,Tatsa,All,https://www.amazon.in/sspa/click?ie=UTF8&spc=MToxMzI2MzAwNDc1NDIxMzY5OjE2ODA3MDk3NTc6c3BfYXRmX25leHQ6MjAwNDcxMTc4NzYyMDE6OjA6Og&url=%2FTATSA-Moisturising-Hand-Cream-Sanitiser%2Fdp%2FB08LNWVX2D%2Fref%3Dsr_1_100_sspa%3Fkeywords%3DHand%2Bcream%26qid%3D1680709757%26sr%3D8-100-spons%26sp_csd%3Dd2lkZ2V0TmFtZT1zcF9hdGZfbmV4dA%26psc%3D1,,
"        L'Occitane Shea Butter Hand Cream, 30ml       ",Hand cream,L'Occitane,Oily,https://www.amazon.in/LOccitane-Shea-Butter-Hand-Cream/dp/B002U0KUTE/ref=sr_1_101?keywords=Hand+cream&qid=1680709757&sr=8-101,,
"        moha: Nail Care Cream for Dryness (Dry Skin) 100 g | For Cuticle Care, Nail Growth & Strength With Goodness of Almond Oil & Flaxseed Oil | Soft, Smooth, & Strong Lustrous Nails | Men & Women       ",Hand cream,Charak,All,https://www.amazon.in/Moha-Nail-Care-Cream-Grams/dp/B013E7S3H2/ref=sr_1_102?keywords=Hand+cream&qid=1680709757&sr=8-102,,
"        URA Daily Care Hand Cream With 7 Berries Extract | Soothing Aroma & Long Lasting Hydration | Moisturises, Soothes & Nourishes Skin | Lightweight & Absorbs Easily | Made with Natural Bioactives | For All Skin Types (30g)       ",Hand cream,URA,All,https://www.amazon.in/URA-Hydration-Moisturises-Lightweight-Bioactives/dp/B09HGXXTCN/ref=sr_1_103?keywords=Hand+cream&qid=1680709757&sr=8-103,,
"        Kimirica Winter Amber Tucuma Butter Winter Hand Cream, 100% Vegan & Paraben Free, Non Greasy Hand Moisturizer, For Men & Women (30ml)       ",Hand cream,Kimirica,Combination,https://www.amazon.in/Kimirica-Winter-Tucuma-Butter-Paraben/dp/B08KHHM9PW/ref=sr_1_104?keywords=Hand+cream&qid=1680709757&sr=8-104,,
"        CeraVe Therapeutic Hand Cream, 3 Ounce       ",Hand cream,CeraVe,Dry,https://www.amazon.in/CeraVe-Therapeutic-Hyaluronic-Protection-Restoration/dp/B00BN2UF54/ref=sr_1_105?keywords=Hand+cream&qid=1680709757&sr=8-105,,
        Atrimed Plant Science Hand Cream | For Dry & Dehydrated Hands | For Soft & Healthy Hands       ,Hand cream,ATRIMED,Sensitive,https://www.amazon.in/Atrimed-Plant-Science-Dehydrated-Healthy/dp/B09LYCPQK7/ref=sr_1_106?keywords=Hand+cream&qid=1680709757&sr=8-106,,
        GRIPTEC Anti Slip Hand Cream DERMATOLOGICALLY TESTED Medium       ,Hand cream,GRIPTEC,All,https://www.amazon.in/GRIPTEC-Anti-Cream-DERMATOLOGICALLY-TESTED/dp/B08ZSRZ1HQ/ref=sr_1_107?keywords=Hand+cream&qid=1680709757&sr=8-107,,
        Colorbar Co-Earth Ubtan Hand Cream - 50 g       ,Hand cream,Colorbar,All,https://www.amazon.in/Colorbar-Co-Earth-Ubtan-Hand-Cream/dp/B0BGHY11ZV/ref=sr_1_109?keywords=Hand+cream&qid=1680709757&sr=8-109,,
"        Good Vibes Damask Rose Hydrating Hand Cream, 50 g Deep Moisturization Skin Softening Lightweight Non Greasy Quick Absorbing Formula For All Skin Types, No Parabens & Sulphates       ",Hand cream,Good Vibes,"All, Oily, Combination, Dry, Normal",https://www.amazon.in/Good-Vibes-Hydrating-Moisturization-Lightweight/dp/B09CWBMXVX/ref=sr_1_110?keywords=Hand+cream&qid=1680709757&sr=8-110,,
        SSONNA IIMPERIAL Softening Hand Cream with Peach Extracts (75 g)       ,Hand cream,Generic,All,https://www.amazon.in/SSONNA-IIMPERIAL-Softening-Cream-Extracts/dp/B0BKSR1HVX/ref=sr_1_111?keywords=Hand+cream&qid=1680709757&sr=8-111,,
"        Kimirica Gulistan Hand Cream Non-greasy & Quick-Absorbing Hand cream Enriched with Tucuma Butter & Shea Butter 100% Vegan, Paraben & Silicone Free (Rose Absolute) (30ML)       ",Hand cream,Kimirica,All,https://www.amazon.in/Kimirica-Gulistan-Non-greasy-Quick-Absorbing-Enriched/dp/B09T2W9PJN/ref=sr_1_112?keywords=Hand+cream&qid=1680709757&sr=8-112,,
        Find Your Happy Place - Under The Starlit Sky Scented Hand Cream Chamomile & Rosemary | Non Greasy I Shea Butter & Vitamin E I For Women 30g       ,Hand cream,Find Your Happy Place,All,https://www.amazon.in/Find-Your-Happy-Place-Chamomile/dp/B0BRZXW214/ref=sr_1_113?keywords=Hand+cream&qid=1680709757&sr=8-113,,
        Oriflame HAND CARE Softening Hand Cream with Peach Extract       ,Hand cream,Oriflame,All,https://www.amazon.in/Oriflame-Softening-Cream-Peach-Extract/dp/B0B6RMZYSV/ref=sr_1_114?keywords=Hand+cream&qid=1680709757&sr=8-114,,
"        Treacle Moon My Coconut Island Hand Cream with Macadamia Oil and Cherry extract - Ultra Moisturizing for dry and cracked hands - Travel Sized, Vegan Friendly -75ml       ",Hand cream,Treaclemoon,All,https://www.amazon.in/Treacle-Moon-Coconut-Island-Cream/dp/B08NSQN1GW/ref=sr_1_115?keywords=Hand+cream&qid=1680709757&sr=8-115,,
"        Aaranyaa Hand & Cuticle Cream (50gm) With Marula Oil,Manuka Oil & Tea Tree Oil | Lightweight Non Sticky Moisturizer For Dry and Dull Skin       ",Hand cream,Aaranyaa,"All, Oily, Dry, Normal",https://www.amazon.in/Aaranyaa-Hand-Cuticle-Cream-50gm/dp/B08PZ5ZH21/ref=sr_1_116?keywords=Hand+cream&qid=1680709757&sr=8-116,,
"        L'Occitane Dry Skin Shea Butter Hand Cream, 150ml       ",Hand cream,L'Occitane,All,https://www.amazon.in/sspa/click?ie=UTF8&spc=MToxMzI2MzAwNDc1NDIxMzY5OjE2ODA3MDk3NTc6c3BfbXRmOjIwMDg3MTYyNTU2NDA2OjowOjo&url=%2FLOccitane-Shea-Butter-Cream-150ml%2Fdp%2FB006UEOQ5K%2Fref%3Dsr_1_117_sspa%3Fkeywords%3DHand%2Bcream%26qid%3D1680709757%26sr%3D8-117-spons%26sp_csd%3Dd2lkZ2V0TmFtZT1zcF9tdGY%26psc%3D1,,
        Organic Temptation Shea Butter Hand Cream | 100% Vegan & Paraben Free | Non Greasy Hand & Body Moisturizer | All Skin Types - 50 GM (Rose)       ,Hand cream,Organic Temptation,All,https://www.amazon.in/sspa/click?ie=UTF8&spc=MToxMzI2MzAwNDc1NDIxMzY5OjE2ODA3MDk3NTc6c3BfbXRmOjIwMTMyNjg5NjAwMjk4OjowOjo&url=%2FOrganic-Temptation-Butter-Paraben-Moisturizer%2Fdp%2FB0BXHC94LT%2Fref%3Dsr_1_118_sspa%3Fkeywords%3DHand%2Bcream%26qid%3D1680709757%26sr%3D8-118-spons%26sp_csd%3Dd2lkZ2V0TmFtZT1zcF9tdGY%26psc%3D1,,
        Treaclemoon The Raspberry Kiss Hand Cream for dry and cracked hands with Dragon Fruit and Almond Oil Extract – Ultra Moisturizing Skin Cream - Vegan Friendly - 75ml       ,Hand cream,Treaclemoon,All,https://www.amazon.in/sspa/click?ie=UTF8&spc=MToxMzI2MzAwNDc1NDIxMzY5OjE2ODA3MDk3NTc6c3BfbXRmOjIwMDgyOTk0OTkzMjk4OjowOjo&url=%2FTreacleMoon-Raspberry-Kiss-Hand-Cream%2Fdp%2FB08P2MN4X4%2Fref%3Dsr_1_119_sspa%3Fkeywords%3DHand%2Bcream%26qid%3D1680709757%26sr%3D8-119-spons%26sp_csd%3Dd2lkZ2V0TmFtZT1zcF9tdGY%26psc%3D1%26smid%3DA1U7DOZ06541E1,,
        OMERSHEEN Hand cream/Shea butter special hand cream       ,Hand cream,OMERSHEEN,All,https://www.amazon.in/sspa/click?ie=UTF8&spc=MToxMzI2MzAwNDc1NDIxMzY5OjE2ODA3MDk3NTc6c3BfbXRmOjIwMTMzMjczNDk4MDk4OjowOjo&url=%2FOMERSHEEN-Hand-cream-butter-special%2Fdp%2FB09X6Y34C7%2Fref%3Dsr_1_120_sspa%3Fkeywords%3DHand%2Bcream%26qid%3D1680709757%26sr%3D8-120-spons%26sp_csd%3Dd2lkZ2V0TmFtZT1zcF9tdGY%26psc%3D1,,
        BSD Organics BeautY Natural Hand Creams with Pure Beeswax & Lotus - 50 Gram       ,Hand cream,BSD Organics,Normal,https://www.amazon.in/BSD-Organics-BeautY-Natural-Beeswax/dp/B07SFLS41M/ref=sr_1_121?keywords=Hand+cream&qid=1680709757&sr=8-121,,
"        L'Occitane Lavender Hand Cream, 30ml       ",Hand cream,L'Occitane,Dry,https://www.amazon.in/LOccitane-Lavender-Hand-Cream-30ml/dp/B005I4WAB0/ref=sr_1_122?keywords=Hand+cream&qid=1680709757&sr=8-122,,
        OMERSHEEN Hand cream/Shea butter special hand cream       ,Hand cream,OMERSHEEN,All,https://www.amazon.in/OMERSHEEN-Hand-cream-butter-special/dp/B09X6Y34C7/ref=sr_1_123?keywords=Hand+cream&qid=1680709757&sr=8-123,,
"        SFC Difeel Hand Cream, Rosewater, 1.4 Ounce       ",Hand cream,Difeel,Dry,https://www.amazon.in/SFC-Difeel-Cream-Rosewater-Ounce/dp/B01DCHQMOK/ref=sr_1_124?keywords=Hand+cream&qid=1680709757&sr=8-124,,
"        Anatomicals Nourishing Rose Hand Cream for Dry & Rough Hands for Men & Women | Lightweight, Non-greasy & Hydrating Hand Lotion for Intense Moisturisation | Paraben Free | 300 ml       ",Hand cream,Anatomicals,All,https://www.amazon.in/ANATOMICALS-Moisturising-Hydrating-Paraben-Unisex/dp/B08YKH1VF6/ref=sr_1_125?keywords=Hand+cream&qid=1680709757&sr=8-125,,
        Find Your Happy Place - After The Rain Moisturising Scented Hand Cream Jasmine & Cedarwood | Non Greasy I Shea Butter & Vitamin E I For Women 30g       ,Hand cream,Find Your Happy Place,All,https://www.amazon.in/Find-Your-Happy-Place-Moisturising/dp/B0BRZZHR2Y/ref=sr_1_126?keywords=Hand+cream&qid=1680709757&sr=8-126,,
"        L'Occitane Cherry Blossom Hand Cream, 75ml       ",Hand cream,L'Occitane,Dry,https://www.amazon.in/LOccitane-Cherry-Blossom-Hand-Cream/dp/B00I4ZYWRU/ref=sr_1_127?keywords=Hand+cream&qid=1680709757&sr=8-127,,
"        O'Keeffe's K0290004-10 Working Hands Hand Cream Tube (10 Pack), 3 oz       ",Hand cream,OKEEFFES HAND CREME,Dry,https://www.amazon.in/OKeeffes-K0290004-Working-Cream-1-Pack/dp/B011KMZ2WW/ref=sr_1_128?keywords=Hand+cream&qid=1680709757&sr=8-128,,
"        Aveeno Active Naturals Skin Relief Hand Cream, 3.5 Ounce       ",Hand cream,Aveeno,Dry,https://www.amazon.in/Aveeno-Active-Naturals-Relief-Cream/dp/B00008J2XQ/ref=sr_1_129?keywords=Hand+cream&qid=1680709757&sr=8-129,,
        Aroma Magic Hand & Foot Cream Combo       ,Hand cream,Aroma Magic,Dry,https://www.amazon.in/Aroma-Magic-Hand-Cream-Combo/dp/B078431XSK/ref=sr_1_130?keywords=Hand+cream&qid=1680709757&sr=8-130,,
"        VOLAMENA WITH DEVICE Hand & Foot Repair Cream With Shea Butter, Urea Peptides, Vit E & Eucalyptus Oil 100 ml 3.4 fl oz       ",Hand cream,VOLAMENA WITH DEVICE,Dry,https://www.amazon.in/VOLAMENA-DEVICE-Peptides-Vitamin-Eucalyptus/dp/B07P84TBCL/ref=sr_1_131?keywords=Hand+cream&qid=1680709757&sr=8-131,,
        Good Vibes Revitalizing Hand Cream - Olive (50 g)       ,Hand cream,Good Vibes,"All, Oily, Combination, Dry, Normal",https://www.amazon.in/Good-Vibes-Revitalizing-Hand-Cream/dp/B08GYHNL6M/ref=sr_1_132?keywords=Hand+cream&qid=1680709757&sr=8-132,,
"        Glysomed Hand Cream, 5 fl oz       ",Hand cream,Glysomed,All,https://www.amazon.in/Glysomed-Hand-Cream-150/dp/B001KYVU8Q/ref=sr_1_133?keywords=Hand+cream&qid=1680709757&sr=8-133,,
"        Lip Balm and Hand Cream Set | Juicy Grape Hand Cream and Lip Balm Set for Deep Hydration and Nourishment - Natural and Non-Greasy Formula for Soft, Smooth Skin and Lips (Grape)       ",Hand cream,KA CAYLA,All,https://www.amazon.in/Cream-Juicy-Grape-Hydration-Nourishment/dp/B0C1FB9TRR/ref=sr_1_134?keywords=Hand+cream&qid=1680709757&sr=8-134,,
"        Dove Moisturising Liquid Hand Wash 900 ml Refill, Gentle Cleanser for Soft Hands, Liquid Hand Soap Suitable for Sensitive Skin Super Saver Offer Pack       ",Hand cream,Dove,All,https://www.amazon.in/Dove-Nourishing-Liquid-Hand-Wash/dp/B08KV5MZ56/ref=sr_1_135?keywords=Hand+cream&qid=1680709757&sr=8-135,,
"        L'Occitane Pivoine Flora Hand Cream, 75ml       ",Hand cream,L'Occitane,All,https://www.amazon.in/LOccitane-Pivoine-Flora-Hand-Cream/dp/B013TWZKRI/ref=sr_1_136?keywords=Hand+cream&qid=1680709757&sr=8-136,,
"        Quench Botanics Mon Cherry Nourishing Hand Cream | Made In Korea, Non-Steaky, Nourishing, Suitable for dry skin I With Shea Butter, Cherry Blossom, Pear and Vitamin A,30ml       ",Hand cream,QUENCH BOTANICS,All,https://www.amazon.in/Botanics-Nourishing-Non-Steaky-Suitable-Blossom/dp/B09W8L5KFB/ref=sr_1_137?keywords=Hand+cream&qid=1680709757&sr=8-137,,
"        Pre de Provence Riche Collection Hand Cream, Starflower, 1 Fluid Ounce       ",Hand cream,Pre de Provence,Dry,https://www.amazon.in/Pre-Provence-Riche-Collection-Starflower/dp/B01N354FP6/ref=sr_1_138?keywords=Hand+cream&qid=1680709757&sr=8-138,,
"        Nat Habit - Back To Natural Secrets Everyday Chia Banana Fresh Whipped Hand Malai/Cream For Anti-Brittle Nails, 100% Natural, 25ml       ",Hand cream,Nat Habit - Back To Natural Secrets Everyday,All,https://www.amazon.in/Nat-Habit-Natural-Everyday-Anti-Brittle/dp/B0BR14DPLZ/ref=sr_1_139?keywords=Hand+cream&qid=1680709757&sr=8-139,,
"        Nat Habit - Back To Natural Secrets Everyday Mango Cinnamon Fresh Whipped Hand Malai/Cream For Anti-Aging Spots & Wrinkles, 100% Natural, 25ml       ",Hand cream,Nat Habit - Back To Natural Secrets Everyday,All,https://www.amazon.in/Nat-Habit-Everyday-Cinnamon-Anti-Aging/dp/B0BR15S9XW/ref=sr_1_140?keywords=Hand+cream&qid=1680709757&sr=8-140,,
        Kimirica Bouquet Nourishing Hand Lotion 500 ml | Soft and Smooth Hands with Lightweight Moisturization | Frangipani and Rose Bouquet Hand Lotion | Non-Sticky Lotion for Hydrating Dry and Dull Skin       ,Hand cream,Kimirica,All,https://www.amazon.in/Kimirica-Bouquet-Goodness-Frangipani-Paraben/dp/B0899Z13P3/ref=sr_1_141?keywords=Hand+cream&qid=1680709757&sr=8-141,,
"        VINZBERRY Hand & Nail Cream With Olive For Rough Hands, Dry Skin, Brittle Nails, Men And Women, Girl | Feel Nourished, Softer And Younger- (50G Pack of 1)       ",Hand cream,VINZBERRY,All,https://www.amazon.in/VINZBERRY-Brittle-Nourished-Softer-Younger/dp/B09RMSR2L7/ref=sr_1_142?keywords=Hand+cream&qid=1680709757&sr=8-142,,
"        Softsens Moisturizing Body Sorbet Luxurious Body Moisturizer & Hand Cream Silky Soft & Smooth Skin, 100 Gm       ",Hand cream,Softsens,All,https://www.amazon.in/Softsens-Moisturizing-Body-Sorbet-Moisturizer/dp/B08DG4NRXS/ref=sr_1_143?keywords=Hand+cream&qid=1680709757&sr=8-143,,
        Glysomed Hand Cream Combo 3 Pack (2 X Large Tube 8.5 Fl Oz + 1 X Purse Size 1.7 Fl Oz)       ,Hand cream,Glysomed,All,https://www.amazon.in/Glysomed-Cream-Combo-Large-Purse/dp/B00FXIEU96/ref=sr_1_145?keywords=Hand+cream&qid=1680709757&sr=8-145,,
        Nivea Anti-Age Q10 Plus Hand Cream 100ml by Nivea       ,Hand cream,Nivea,Dry,https://www.amazon.in/Nivea-Anti-Age-Plus-Cream-100ml/dp/B000SQIGPM/ref=sr_1_146?keywords=Hand+cream&qid=1680709757&sr=8-146,,
        Fabessentials Coffee Lavender Hand Cream - SPF 15 | with the Goodness of Shea Butter | Protects from Premature Ageing Affects Caused by Sun Exposure 50 gm       ,Hand cream,Fabessentials,All,https://www.amazon.in/Fabessentials-Coffee-Lavender-Hand-Cream/dp/B0BT7ST542/ref=sr_1_147?keywords=Hand+cream&qid=1680709757&sr=8-147,,
        Moroccanoil Hand Cream Fleur D'oranger       ,Hand cream,Moroccanoil,All,https://www.amazon.in/Moroccanoil-Hand-Cream-Fleur-dOranger/dp/B00945ZKDE/ref=sr_1_148?keywords=Hand+cream&qid=1680709757&sr=8-148,,
        Amway - Persona 2 in 1 Hand cream - sanitizer and Moisturizer [3 tubes] and colourful band - combo       ,Hand cream,Amway,All,https://www.amazon.in/Amway-sanitizer-Moisturizer-ASSORTED-KAROBAAR/dp/B09T3NYRQ8/ref=sr_1_150?keywords=Hand+cream&qid=1680709757&sr=8-150,,
        Weleda Almond Hand Cream (50ml)       ,Hand cream,Weleda,All,https://www.amazon.in/Weleda-Almond-Hand-Cream-50ml/dp/B00XVX9PRW/ref=sr_1_151?keywords=Hand+cream&qid=1680709757&sr=8-151,,
"        Chilife Saffron Infused Hand & Foot Cream for Deep Nourishment I Shea Butter & Saffron Oil I I No Paraben, No SLS I I 50 gms. I       ",Hand cream,Chilife,"All, Oily, Combination, Sensitive, Dry",https://www.amazon.in/sspa/click?ie=UTF8&spc=MToxMzI2MzAwNDc1NDIxMzY5OjE2ODA3MDk3NTc6c3BfYnRmOjIwMTM1NDkzMzE0NDk4OjowOjo&url=%2FChilife-Saffron-Infused-Nourishment-Paraben%2Fdp%2FB0BZCKTTJD%2Fref%3Dsr_1_153_sspa%3Fkeywords%3DHand%2Bcream%26qid%3D1680709757%26sr%3D8-153-spons%26sp_csd%3Dd2lkZ2V0TmFtZT1zcF9idGY%26psc%3D1,,
        Find Your Happy Place - Wrapped In Your Arms Scented Hand Cream Blush Rose & Raspberry | Non Greasy I Shea Butter & Vitamin E I For Women 30g       ,Hand cream,Find Your Happy,All,https://www.amazon.in/sspa/click?ie=UTF8&spc=MToxMzI2MzAwNDc1NDIxMzY5OjE2ODA3MDk3NTc6c3BfYnRmOjIwMTQxMTYzMDcxMDk4OjowOjo&url=%2FFind-Your-Happy-Place-Raspberry%2Fdp%2FB0BRZZWB6Y%2Fref%3Dsr_1_154_sspa%3Fkeywords%3DHand%2Bcream%26qid%3D1680709757%26sr%3D8-154-spons%26sp_csd%3Dd2lkZ2V0TmFtZT1zcF9idGY%26psc%3D1,,
        Find Your Happy Place - After The Rain Moisturising Scented Hand Cream Jasmine & Cedarwood | Non Greasy I Shea Butter & Vitamin E I For Women 30g       ,Hand cream,Find Your Happy Place,All,https://www.amazon.in/sspa/click?ie=UTF8&spc=MToxMzI2MzAwNDc1NDIxMzY5OjE2ODA3MDk3NTc6c3BfYnRmOjIwMTQxMTYzMDcxMjk4OjowOjo&url=%2FFind-Your-Happy-Place-Moisturising%2Fdp%2FB0BRZZHR2Y%2Fref%3Dsr_1_155_sspa%3Fkeywords%3DHand%2Bcream%26qid%3D1680709757%26sr%3D8-155-spons%26sp_csd%3Dd2lkZ2V0TmFtZT1zcF9idGY%26psc%3D1,,
        Enliven Hand Gel Cucumber and Garden 500ml       ,Hand cream,Enliven,All,https://www.amazon.in/sspa/click?ie=UTF8&spc=MToxMzI2MzAwNDc1NDIxMzY5OjE2ODA3MDk3NTc6c3BfYnRmOjIwMDMzNTg2NzYzODA4OjowOjo&url=%2FEnliven-Hand-Cucumber-Garden-500ml%2Fdp%2FB00KILH8J2%2Fref%3Dsr_1_156_sspa%3Fkeywords%3DHand%2Bcream%26qid%3D1680709757%26sr%3D8-156-spons%26sp_csd%3Dd2lkZ2V0TmFtZT1zcF9idGY%26psc%3D1,,
"        L'Occitane Pivoine Flora Hand Cream, 75ml       ",Hand cream,L'Occitane,All,https://www.amazon.in/sspa/click?ie=UTF8&spc=MToyMTExMjY4NzgyNjA1MzgwOjE2ODA3MTAwMDk6c3BfYXRmX25leHQ6MjAwMjcxMjAwMDIzOTg6OjA6Og&url=%2FLOccitane-Pivoine-Flora-Hand-Cream%2Fdp%2FB013TWZKRI%2Fref%3Dsr_1_145_sspa%3Fkeywords%3DHand%2Bcream%26qid%3D1680710009%26sr%3D8-145-spons%26sp_csd%3Dd2lkZ2V0TmFtZT1zcF9hdGZfbmV4dA%26psc%3D1,,
        Find Your Happy Place - Sunkissed Ocean Waves Scented Hand Cream Sea Salt & Water Blossom | Non Greasy I Shea Butter & Vitamin E I For Women 30g       ,Hand cream,Find Your Happy Place,All,https://www.amazon.in/sspa/click?ie=UTF8&spc=MToyMTExMjY4NzgyNjA1MzgwOjE2ODA3MTAwMDk6c3BfYXRmX25leHQ6MjAxNDExNjMwNzA5OTg6OjA6Og&url=%2FFind-Your-Happy-Place-Sunkissed%2Fdp%2FB0BS117XW1%2Fref%3Dsr_1_146_sspa%3Fkeywords%3DHand%2Bcream%26qid%3D1680710009%26sr%3D8-146-spons%26sp_csd%3Dd2lkZ2V0TmFtZT1zcF9hdGZfbmV4dA%26psc%3D1,,
        Find Your Happy Place - Under The Starlit Sky Scented Hand Cream Chamomile & Rosemary | Non Greasy I Shea Butter & Vitamin E I For Women 30g       ,Hand cream,Find Your Happy Place,All,https://www.amazon.in/sspa/click?ie=UTF8&spc=MToyMTExMjY4NzgyNjA1MzgwOjE2ODA3MTAwMDk6c3BfYXRmX25leHQ6MjAxNDExNjMwNzExOTg6OjA6Og&url=%2FFind-Your-Happy-Place-Chamomile%2Fdp%2FB0BRZXW214%2Fref%3Dsr_1_147_sspa%3Fkeywords%3DHand%2Bcream%26qid%3D1680710009%26sr%3D8-147-spons%26sp_csd%3Dd2lkZ2V0TmFtZT1zcF9hdGZfbmV4dA%26psc%3D1,,
"        NORISK Hand & Nail Cream for Women & Men (100g), For dry, rough & wrinkled hands | Hand Softening & Whitening formulation | Enriched with Shea & Kokum Butter, Aloe Vera, Tulsi, Neem, Tea Tree Oil       ",Hand cream,NORISK,All,https://www.amazon.in/sspa/click?ie=UTF8&spc=MToyMTExMjY4NzgyNjA1MzgwOjE2ODA3MTAwMDk6c3BfYXRmX25leHQ6MjAxMTI4Mjg3MTk2OTg6OjA6Og&url=%2Fno-risk-Protective-Antiaging-Hydrates-regenerates%2Fdp%2FB08RJ63XY3%2Fref%3Dsr_1_148_sspa%3Fkeywords%3DHand%2Bcream%26qid%3D1680710009%26sr%3D8-148-spons%26sp_csd%3Dd2lkZ2V0TmFtZT1zcF9hdGZfbmV4dA%26psc%3D1,,
        Oriflame Silk Beauty White Glow Hand Cream Combo       ,Hand cream,Oriflame,All,https://www.amazon.in/Oriflame-Beauty-White-Cream-Combo/dp/B0BC23BFH1/ref=sr_1_149?keywords=Hand+cream&qid=1680710009&sr=8-149,,
        Moroccanoil Hand Cream Fleur de Rose       ,Hand cream,Moroccanoil,Dry,https://www.amazon.in/Moroccanoil-Hand-Cream-Fleur-Rose/dp/B011SY6ETW/ref=sr_1_150?keywords=Hand+cream&qid=1680710009&sr=8-150,,
"        LAKMÉ Hand & Nail Cream with Matcha, Pentavitin and Almond Oil 30g, White       ",Hand cream,LAKMÉ,Normal,https://www.amazon.in/LAKM%C3%89-Cream-Matcha-Pentavitin-Almond/dp/B09J8WQ8FG/ref=sr_1_151_mod_primary_new?keywords=Hand+cream&qid=1680710009&sbo=RZvfv%2F%2FHxDF%2BO5021pAnSA%3D%3D&sr=8-151,,
        Neev Herbal Handmade Soaps Musky Mahua Hand Cream (15 g)       ,Hand cream,Neev Herbal Handmade Soaps,Dry,https://www.amazon.in/Neev-Musky-Mahua-Hand-Cream/dp/B07H5DC2PN/ref=sr_1_152?keywords=Hand+cream&qid=1680710009&sr=8-152,,
        Good Vibes Hydrating Hand Cream - Cherry Blossom (50 g) - (Pack of 2)       ,Hand cream,Good Vibes,"All, Oily, Combination, Dry, Normal",https://www.amazon.in/Good-Vibes-Hydrating-Hand-Cream/dp/B08H18GRYY/ref=sr_1_153?keywords=Hand+cream&qid=1680710009&sr=8-153,,
        Fabessentials Avacado Lychee Hand Cream | with the Goodness of Vitamin E | Deep Moisturising Hand & Nail Care | Moisturises & makes Hands Soft & Supple - 50 gm       ,Hand cream,Fabessentials,All,https://www.amazon.in/Fabessentials-Avacado-Goodness-Moisturising-Moisturises/dp/B0BT7V3V61/ref=sr_1_154?keywords=Hand+cream&qid=1680710009&sr=8-154,,
        Revitalising Hand Cream With Aloe Vera Juice 75ml (Set Of 2) + Hairpin Free       ,Hand cream,Generic,All,https://www.amazon.in/Revitalising-Hand-Cream-Juice-Hairpin/dp/B08KJN4CQ1/ref=sr_1_156?keywords=Hand+cream&qid=1680710009&sr=8-156,,
"        Lakme Sun Expert SPF 50 PA+++ Ultra Matte Lotion Sunscreen, Lightweight, Non Sticky, Non Greasy, Blocks Upto 97% Harmful Sunrays, 50 ml       ",Hand cream,LAKMÉ,Normal,https://www.amazon.in/LAKM%C3%89-Cream-Avocado-Pentavitin-Almond/dp/B09J8VGT8H/ref=sr_1_157?keywords=Hand+cream&qid=1680710009&sr=8-157,,
        Hand & Body Cream Milk and Honey Extract 75g (by Ori Flame)       ,Hand cream,Oriflame,All,https://www.amazon.in/Hand-Cream-Honey-Extract-Flame/dp/B0BQF25RXJ/ref=sr_1_158?keywords=Hand+cream&qid=1680710009&sr=8-158,,
        Lanolips Lano Rose Hand Cream Intense       ,Hand cream,Lanolips,All,https://www.amazon.in/Lano-Rose-Hand-Cream-Intense/dp/B01HQFJCWS/ref=sr_1_159?keywords=Hand+cream&qid=1680710009&sr=8-159,,
"        L'Occitane Lavender Hand Cream, 75ml       ",Hand cream,L'Occitane,All,https://www.amazon.in/LOccitane-Lavender-Hand-Cream-75ml/dp/B0031Y7PO6/ref=sr_1_160?keywords=Hand+cream&qid=1680710009&sr=8-160,,
"        Nyassa Arabian Oudh Hand Cream 145ml enriched with the goodness of Shea Butter, Birch tree extract, Olive Oil, sesame oil Effective for dry hands. For both Men and Women. No parabens. Cruelty free       ",Hand cream,Nyassa,Dry,https://www.amazon.in/Nyassa-Arabian-Oudh-Hand-Cream/dp/B00JVMWTEI/ref=sr_1_161?keywords=Hand+cream&qid=1680710009&sr=8-161,,
        BSD Organics BeautY Natural Hand Creams with Pure Beeswax & Lotus - 200 Gram       ,Hand cream,BSD Organics,Normal,https://www.amazon.in/BSD-Organics-BeautY-Natural-Beeswax/dp/B07SMGFLYV/ref=sr_1_162?keywords=Hand+cream&qid=1680710009&sr=8-162,,
"        Naturacy De-tan Cream for Face, Neck & Hands Tan Removal & Skin Brightening (100 g)       ",Hand cream,Naturacy,All,https://www.amazon.in/Naturacy-Massage-Cream-Removal-Brightening/dp/B09RSNFJJF/ref=sr_1_163?keywords=Hand+cream&qid=1680710009&sr=8-163,,
"        Aveeno Skin Relief Lotion For Sensitive Skin, White, 71 ml       ",Hand cream,Aveeno,Dry,https://www.amazon.in/Aveeno-Relief-Lotion-Sensitive-White/dp/B08HWDK4KH/ref=sr_1_164?keywords=Hand+cream&qid=1680710009&sr=8-164,,
        Wuba Nature's Secret Hand and Body Cream with Moringa Oil and Hyaluronic Acid for Deep Nourishment l 100 gm       ,Hand cream,Wuba Nature's Secret,All,https://www.amazon.in/sspa/click?ie=UTF8&spc=MToyMTExMjY4NzgyNjA1MzgwOjE2ODA3MTAwMDk6c3BfbXRmOjIwMTI5NTk0Nzk0NDk4OjowOjo&url=%2FWuba-Natures-Secret-Moringa-Miracle%2Fdp%2FB097TLBD8P%2Fref%3Dsr_1_165_sspa%3Fkeywords%3DHand%2Bcream%26qid%3D1680710009%26sr%3D8-165-spons%26sp_csd%3Dd2lkZ2V0TmFtZT1zcF9tdGY%26psc%3D1,,
"        Vedicline Cuticle & Nail Cream, Reduces Nail Damage & Peeling Skin with Tea Tree Leaf Oil for Healthy Growing Nails,100ml       ",Hand cream,VEDICLINE,All,https://www.amazon.in/sspa/click?ie=UTF8&spc=MToyMTExMjY4NzgyNjA1MzgwOjE2ODA3MTAwMDk6c3BfbXRmOjIwMDc4NTc3NTcwNzk4OjowOjo&url=%2FVedic-Cuticle-Cream-Natural-Extracts%2Fdp%2FB00APUINL8%2Fref%3Dsr_1_166_sspa%3Fkeywords%3DHand%2Bcream%26qid%3D1680710009%26sr%3D8-166-spons%26sp_csd%3Dd2lkZ2V0TmFtZT1zcF9tdGY%26psc%3D1,,
        Oriflame Sweden milk and honey gold moisturising hand cream - pack of 2 - Business Buzz       ,Hand cream,Oriflame,All,https://www.amazon.in/sspa/click?ie=UTF8&spc=MToyMTExMjY4NzgyNjA1MzgwOjE2ODA3MTAwMDk6c3BfbXRmOjIwMDc5MjE3NzE1MTk4OjowOjo&url=%2FOriflame-Sweden-moisturising-hand-cream%2Fdp%2FB0BFXMKPN3%2Fref%3Dsr_1_167_sspa%3Fkeywords%3DHand%2Bcream%26qid%3D1680710009%26sr%3D8-167-spons%26sp_csd%3Dd2lkZ2V0TmFtZT1zcF9tdGY%26psc%3D1,,
        Oriflame Sweden softening hand cream with peach extract - 75 ml and STYLISH HAIR/HEAD band [ASSORTED] - COMBO       ,Hand cream,Oriflame,All,https://www.amazon.in/sspa/click?ie=UTF8&spc=MToyMTExMjY4NzgyNjA1MzgwOjE2ODA3MTAwMDk6c3BfbXRmOjIwMDc5NjkwMDIwNjAxOjowOjo&url=%2FOriflame-Sweden-softening-extract-KAROBAAR%2Fdp%2FB099WVGY5L%2Fref%3Dsr_1_168_sspa%3Fkeywords%3DHand%2Bcream%26qid%3D1680710009%26sr%3D8-168-spons%26sp_csd%3Dd2lkZ2V0TmFtZT1zcF9tdGY%26psc%3D1,,
"        Nivea Soft Berry Blossom, Light Moisturizer For Face, Hand & Body, Instant Hydration Non-Greasy Cream With Vitamin E & Jojoba Oil, 100ml       ",Hand cream,Nivea,Normal,https://www.amazon.in/NIVEA-Moisturizer-Blossom-Vitamin-Jojoba/dp/B07PHTMMVP/ref=sr_1_169?keywords=Hand+cream&qid=1680710009&sr=8-169,,
        INTIMATE FAIRNESS CREAM/WHITENING CREAM FOR HANDS       ,Hand cream,MACARIA,Acne,https://www.amazon.in/intimate-fairness-cream-whitening-hands/dp/B0894XGG1Y/ref=sr_1_170?keywords=Hand+cream&qid=1680710009&sr=8-170,,
        Eucerin Intensive Repair Extra-Enriched Hand Creme       ,Hand cream,Eucerin,Dry,https://www.amazon.in/Eucerin-Intensive-Repair-Extra-Enriched-Creme/dp/B001699TI8/ref=sr_1_171?keywords=Hand+cream&qid=1680710009&sr=8-171,,
        Silk Berry Argan Moisturizer | Hand & Body Lotion | Hand cream for women | Hand cream for dry & rough hands| Best moisturizer       ,Hand cream,Silkberry,Normal,https://www.amazon.in/Berry-Argan-Moisturizer-Lotion-moisturizer/dp/B09VPFT3Q8/ref=sr_1_172?keywords=Hand+cream&qid=1680710009&sr=8-172,,
        A La Maison Hand Cream 1.7 Fl Oz (Fresh Sea Salt)       ,Hand cream,A LA MAISON,All,https://www.amazon.in/Maison-Cream-Fresh-Fluid-Ounce/dp/B01HUZX2UW/ref=sr_1_173?keywords=Hand+cream&qid=1680710009&sr=8-173,,
        Oriflame Milk And Honey Gold Nourishing Hand And Body Cream (250g)       ,Hand cream,Generic,Combination,https://www.amazon.in/Oriflame-Milk-Honey-Nourishing-Cream/dp/B0B393HVQL/ref=sr_1_175?keywords=Hand+cream&qid=1680710009&sr=8-175,,
"        Dove Coconut Hand Cream, 50 g       ",Hand cream,Dove,Normal,https://www.amazon.in/Dove-Coconut-Hand-Cream-50/dp/B07XCVB5SG/ref=sr_1_177?keywords=Hand+cream&qid=1680710009&sr=8-177,,
"        Crème 21 All Day Moisturizer Cream-Dry Skin, Goodness of 5 moisturizers, Vit E & B5 Enriched, For hands, face & body, Women & Men, 250 ml       ",Hand cream,Creme 21,Normal,https://www.amazon.in/Creme-21-Moisturizer-Enriched-Vitamin/dp/B07P82T61N/ref=sr_1_178?keywords=Hand+cream&qid=1680710009&sr=8-178,,
        Vaseline Healthy Hand and Stronger Nails Hand Cream 200 ml       ,Hand cream,Vaseline,Normal,https://www.amazon.in/Vaseline-Healthy-Stronger-Nails-Cream/dp/B0018KJ1YW/ref=sr_1_179?keywords=Hand+cream&qid=1680710009&sr=8-179,,
        BSD Organics BeautY Natural Hand Creams with Pure Beeswax - 10 Gram       ,Hand cream,BSD Organics,Normal,https://www.amazon.in/BSD-Organics-BeautY-Natural-Beeswax/dp/B07SH5B128/ref=sr_1_180?keywords=Hand+cream&qid=1680710009&sr=8-180,,
        Softening Hand Cream with Peach Extracts - 75g       ,Hand cream,Oriflame,All,https://www.amazon.in/Softening-Hand-Cream-Peach-Extracts/dp/B09RDXSFBF/ref=sr_1_181?keywords=Hand+cream&qid=1680710009&sr=8-181,,
        herbal hand cream       ,Hand cream,Khadi India,All,https://www.amazon.in/Khadi-India-U-05-herbal-cream/dp/B08SCJQ3FM/ref=sr_1_182?keywords=Hand+cream&qid=1680710009&sr=8-182,,
        Wild Stone CODE Hydrating Hand Cream For Men |Soft and Smooth Moisturization| | Hand Moisturizer For Dry Skin| Nourishing & Repairing Non Sticky Cream| With Hydra Lock Technology 40 gm       ,Hand cream,Wild Stone CODE,All,https://www.amazon.in/Wild-Stone-CODE-Moisturization-Moisturizer/dp/B0BCFNRM3F/ref=sr_1_183?keywords=Hand+cream&qid=1680710009&sr=8-183,,
"        L'Occitane Nourishing Almond Delicious Hands Cream, 30ml       ",Hand cream,L'Occitane,Dry,https://www.amazon.in/LOccitane-Almond-Delicious-Hands-Cream/dp/B00BSEWFBE/ref=sr_1_184?keywords=Hand+cream&qid=1680710009&sr=8-184,,
"        O'Keeffe's Working Hands Hand Cream Value Size, 6.8 ounce Jar       ",Hand cream,O%27Keeffe%27s,Dry,https://www.amazon.in/OKeeffes-K0680001-Working-Hands-Cream/dp/B00NON258U/ref=sr_1_185?keywords=Hand+cream&qid=1680710009&sr=8-185,,
"        BoroPlus Soft Antiseptic Cream | Light & Non-sticky | Provides 24 hour moisturisation|Ayurvedic Cream for all seasons |Hand Cream, Body Cream & Face Cream | Vitamin E - 100 ml       ",Hand cream,BOROPLUS,All,https://www.amazon.in/BoroPlus-Antiseptic-Non-sticky-moisturisation-Ayurvedic/dp/B0B983XZTT/ref=sr_1_186?keywords=Hand+cream&qid=1680710009&sr=8-186,,
"        Jurlique Hand Cream Essentials, 1.4 Fl Oz       ",Hand cream,Jurlique,Dry,https://www.amazon.in/Jurlique-Hand-Cream-Trio-pcs/dp/B072BWX9TP/ref=sr_1_187?keywords=Hand+cream&qid=1680710009&sr=8-187,,
        Oriflame Sweden softening hand cream with peach extract - 75 ml and STYLISH HAIR/HEAD band [ASSORTED] - COMBO       ,Hand cream,Oriflame,All,https://www.amazon.in/Oriflame-Sweden-softening-extract-KAROBAAR/dp/B099WVGY5L/ref=sr_1_188?keywords=Hand+cream&qid=1680710009&sr=8-188,,
"        SOS Organics Apricot Hand Cream Enriched With Lavender Essential Oil, 50 gram       ",Hand cream,SOS ORGANICS SHARING ORGANIC STANDARDS,All,https://www.amazon.in/Sos-Organics-Enriched-Lavender-Essential/dp/B00H0ES4N4/ref=sr_1_189?keywords=Hand+cream&qid=1680710009&sr=8-189,,
"        Quench Botanics Bravocado Nourishing Hand Cream | Made In Korea, hands Moisturized I Suitable for dry skin I Lemon, Avocado, Rice, 30ml       ",Hand cream,QUENCH BOTANICS,All,https://www.amazon.in/Botanics-Bravocado-Nourishing-Moisturized-Suitable/dp/B09W9J8QQZ/ref=sr_1_190?keywords=Hand+cream&qid=1680710009&sr=8-190,,
        Softening Hand Cream with Peach Extract       ,Hand cream,Generic,All,https://www.amazon.in/Softening-Hand-Cream-Peach-Extract/dp/B09M6RVT45/ref=sr_1_191?keywords=Hand+cream&qid=1680710009&sr=8-191,,
        Khadi Pure Herbs Milk & Saffron Hand Cream - 50g       ,Hand cream,Khadi Pure Herbs,All,https://www.amazon.in/Khadi-Pure-Herbs-Saffron-Cream/dp/B085VY8JDP/ref=sr_1_192?keywords=Hand+cream&qid=1680710009&sr=8-192,,
"        Khadi Pure Anti Wrinkle & Milk Saffron Herbal Hand Cream, 50 g (Pack of 2)       ",Hand cream,Khadi Pure,Normal,https://www.amazon.in/Khadi-Pure-Wrinkle-Saffron-Herbal/dp/B087CKVHDV/ref=sr_1_193?keywords=Hand+cream&qid=1680710009&sr=8-193,,
"        Yardley English Lavender Hand & Body Lotion for Women, 350ml + 50ml (400ml)       ",Hand cream,Yardley,Normal,https://www.amazon.in/Yardley-London-English-Lavender-Lotion/dp/B01N6Z669J/ref=sr_1_194?keywords=Hand+cream&qid=1680710009&sr=8-194,,
"        Conscious Chemist Lightweight Moisturizer for Hand, Foot & Body | Instant Hydration, Non-Greasy Cream with Ceramides, Hyaluronic Acid & Colloidal Oatmeal | For Men & Women | Fragrance Free, Cruelty Free |150g       ",Hand cream,Conscious Chemist,"All, Combination, Sensitive, Dry, Normal",https://www.amazon.in/Conscious-Chemist-Lightweight-Moisturizer-Non-Greasy/dp/B0BLZLWCJ5/ref=sr_1_195?keywords=Hand+cream&qid=1680710009&sr=8-195,,
"        Neutrogena Hydro Boost Hand Gel Cream Refreshes & Hydrates For Soft, Smooth Hands 75ml       ",Hand cream,Neutrogena,All,https://www.amazon.in/Neutrogena-Hydro-Refreshes-Hydrates-Smooth/dp/B0BGBX72LQ/ref=sr_1_196_mod_primary_new?keywords=Hand+cream&qid=1680710009&sbo=RZvfv%2F%2FHxDF%2BO5021pAnSA%3D%3D&sr=8-196,,
"        NORISK Hand & Nail Cream for Women & Men (100g), For dry, rough & wrinkled hands | Hand Softening & Whitening formulation | Enriched with Shea & Kokum Butter, Aloe Vera, Tulsi, Neem, Tea Tree Oil       ",Hand cream,NORISK,All,https://www.amazon.in/no-risk-Protective-Antiaging-Hydrates-regenerates/dp/B08RJ63XY3/ref=sr_1_197?keywords=Hand+cream&qid=1680710009&sr=8-197,,
        Organic Temptation Shea Butter Hand Cream | 100% Vegan & Paraben Free | Non Greasy Hand & Body Moisturizer | All Skin Types - 50 GM (Lavender)       ,Hand cream,Organic Temptation,All,https://www.amazon.in/Organic-Temptation-Butter-Paraben-Moisturizer/dp/B0BXH9M5Z3/ref=sr_1_198?keywords=Hand+cream&qid=1680710009&sr=8-198,,
        Beekman 1802 - Hand Cream - Honey & Orange Blossom - Moisturizing & Hydrating Goat Milk Hand Lotion for Dry & Sensitive Skin - Daily Hydration - Goat Milk Hand Care - 3.4 oz       ,Hand cream,Beekman 1802,Dry,https://www.amazon.in/Beekman-Honey-Orange-Blossom-Cream/dp/B01N1KFGLG/ref=sr_1_200?keywords=Hand+cream&qid=1680710009&sr=8-200,,
        Softening Hand Cream with Peach Extract       ,Hand cream,Generic,All,https://www.amazon.in/sspa/click?ie=UTF8&spc=MToyMTExMjY4NzgyNjA1MzgwOjE2ODA3MTAwMDk6c3BfYnRmOjIwMTIwMzM2ODgyNzk4OjowOjo&url=%2FSoftening-Hand-Cream-Peach-Extract%2Fdp%2FB09M6RVT45%2Fref%3Dsr_1_201_sspa%3Fkeywords%3DHand%2Bcream%26qid%3D1680710009%26sr%3D8-201-spons%26sp_csd%3Dd2lkZ2V0TmFtZT1zcF9idGY%26psc%3D1,,
        Ice Pops Cooling Foot Cream Green Apple & Mint 75 and Moisturising Hand Cream 75g (by Ori Flame)       ,Hand cream,Oriflame,All,https://www.amazon.in/sspa/click?ie=UTF8&spc=MToyMTExMjY4NzgyNjA1MzgwOjE2ODA3MTAwMDk6c3BfYnRmOjIwMTQwMjYzNjgyMzk4OjowOjo&url=%2FCooling-Cream-Green-Apple-Moisturising%2Fdp%2FB0BCFZXMH2%2Fref%3Dsr_1_202_sspa%3Fkeywords%3DHand%2Bcream%26qid%3D1680710009%26sr%3D8-202-spons%26sp_csd%3Dd2lkZ2V0TmFtZT1zcF9idGY%26psc%3D1,,
        Oriflame Sweden softening hand cream with peach extract 75 x 2 grams - pack of 2 - Business Buzz       ,Hand cream,Oriflame,All,https://www.amazon.in/sspa/click?ie=UTF8&spc=MToyMTExMjY4NzgyNjA1MzgwOjE2ODA3MTAwMDk6c3BfYnRmOjIwMDc5MTU2MDIxODk4OjowOjo&url=%2FOriflame-Sweden-softening-cream-extract%2Fdp%2FB0BFXB6WNM%2Fref%3Dsr_1_203_sspa%3Fkeywords%3DHand%2Bcream%26qid%3D1680710009%26sr%3D8-203-spons%26sp_csd%3Dd2lkZ2V0TmFtZT1zcF9idGY%26psc%3D1,,
        KHADI RISHIKESH Ayurvedic Hand Cream For Dry & Rough Hands-Repair Damaged Skin- Cream For Hydrating Dry & Dull Skin-Daily हैंड क्रीम - -50GM       ,Hand cream,KHADI RISHIKESH,All,https://www.amazon.in/sspa/click?ie=UTF8&spc=MToyMTExMjY4NzgyNjA1MzgwOjE2ODA3MTAwMDk6c3BfYnRmOjIwMTM0MzY5MjE4Njk4OjowOjo&url=%2FKHADI-RISHIKESH-Ayurvedic-Moisturizer-50GMWITH%2Fdp%2FB0B9GMWC2Y%2Fref%3Dsr_1_204_sspa%3Fkeywords%3DHand%2Bcream%26qid%3D1680710009%26sr%3D8-204-spons%26sp_csd%3Dd2lkZ2V0TmFtZT1zcF9idGY%26psc%3D1,,
        Oriflame milk and honey gold moisturising hand cream - pack of 2 - Business Buzz       ,Hand cream,Oriflame,All,https://www.amazon.in/sspa/click?ie=UTF8&spc=MTo4NTY5Njc0MDMxMzE0NDIxOjE2ODA3MTAyODU6c3BfYXRmX25leHQ6MjAwNzg5NzYyMjQ2OTg6OjA6Og&url=%2FOriflame-honey-moisturising-hand-cream%2Fdp%2FB0BFGRQ4KP%2Fref%3Dsr_1_193_sspa%3Fkeywords%3DHand%2Bcream%26qid%3D1680710285%26sr%3D8-193-spons%26sp_csd%3Dd2lkZ2V0TmFtZT1zcF9hdGZfbmV4dA%26psc%3D1,,
        Moroccanoil Hand Cream Fleur de Rose       ,Hand cream,Moroccanoil,Dry,https://www.amazon.in/sspa/click?ie=UTF8&spc=MTo4NTY5Njc0MDMxMzE0NDIxOjE2ODA3MTAyODU6c3BfYXRmX25leHQ6MjAwMTk4MjQxMTE5MDc6OjA6Og&url=%2FMoroccanoil-Hand-Cream-Fleur-Rose%2Fdp%2FB011SY6ETW%2Fref%3Dsr_1_194_sspa%3Fkeywords%3DHand%2Bcream%26qid%3D1680710285%26sr%3D8-194-spons%26sp_csd%3Dd2lkZ2V0TmFtZT1zcF9hdGZfbmV4dA%26psc%3D1,,
        Moroccanoil Hand Cream Fleur D'oranger       ,Hand cream,Moroccanoil,All,https://www.amazon.in/sspa/click?ie=UTF8&spc=MTo4NTY5Njc0MDMxMzE0NDIxOjE2ODA3MTAyODU6c3BfYXRmX25leHQ6MjAwMTk4MjQxMTE4MDc6OjA6Og&url=%2FMoroccanoil-Hand-Cream-Fleur-dOranger%2Fdp%2FB00945ZKDE%2Fref%3Dsr_1_195_sspa%3Fkeywords%3DHand%2Bcream%26qid%3D1680710285%26sr%3D8-195-spons%26sp_csd%3Dd2lkZ2V0TmFtZT1zcF9hdGZfbmV4dA%26psc%3D1,,
        Forest Essentials Advanced Sanjeevani Beauty Elixir (Anti-Aging Day Cream)       ,Hand cream,Forest Essentials,Normal to Dry,https://www.amazon.in/sspa/click?ie=UTF8&spc=MTo4NTY5Njc0MDMxMzE0NDIxOjE2ODA3MTAyODU6c3BfYXRmX25leHQ6MjAxMzU4NTI4Nzk3OTg6OjA6Og&url=%2FForest-Essentials-Sanjeevani-Beauty-Elixir%2Fdp%2FB00V4JN2L0%2Fref%3Dsr_1_196_sspa%3Fkeywords%3DHand%2Bcream%26qid%3D1680710285%26sr%3D8-196-spons%26sp_csd%3Dd2lkZ2V0TmFtZT1zcF9hdGZfbmV4dA%26psc%3D1,,
        Beekman 1802 - Hand Cream - Honey & Orange Blossom - Moisturizing & Hydrating Goat Milk Hand Lotion for Dry & Sensitive Skin - Daily Hydration - Goat Milk Hand Care - 3.4 oz       ,Hand cream,Beekman 1802,Dry,https://www.amazon.in/Beekman-Honey-Orange-Blossom-Cream/dp/B01N1KFGLG/ref=sr_1_197?keywords=Hand+cream&qid=1680710285&sr=8-197,,
        herbal lemon hand & foot cream       ,Hand cream,Khadi India,All,https://www.amazon.in/herbal-lemon-hand-foot-cream/dp/B092VSY5V2/ref=sr_1_198?keywords=Hand+cream&qid=1680710285&sr=8-198,,
        Nivea Aloe Body Cream Refreshing Moisturiser (50ml)       ,Hand cream,Nivea,Sensitive,https://www.amazon.in/Nivea-Aloe-Cream-Refreshing-Moisturiser/dp/B07BT88MLF/ref=sr_1_199?keywords=Hand+cream&qid=1680710285&sr=8-199,,
        Palmers Coconut Oil Hand Cream       ,Hand cream,Palmer's,All,https://www.amazon.in/Palmers-Coconut-Oil-Hand-Cream/dp/B06XYNZKN2/ref=sr_1_200?keywords=Hand+cream&qid=1680710285&sr=8-200,,
        Quinta Essentia Organic Padmavati Hand & Foot Cream for Rough Hands & Cracked Feet | 100% Natural | For Men and Women       ,Hand cream,QUINTA ESSENTIA ORGANIC,"Dull, Dehydrated, Cracked, Dry, Rough",https://www.amazon.in/Essentia-Organic-Padmavati-Dehydrated-Cracked/dp/B0933DLH8X/ref=sr_1_201?keywords=Hand+cream&qid=1680710285&sr=8-201,,
        CANAAN Minerals & Herbs Natural Delicate Nourishing Hand Cream 125Ml       ,Hand cream,CANAAN Minerals & Herbs,Sensitive,https://www.amazon.in/CANAAN-Minerals-Herbs-Delicate-Nourishing/dp/B00313STWE/ref=sr_1_202?keywords=Hand+cream&qid=1680710285&sr=8-202,,
"        COAL Clean Beauty Elbow & Hand Brightening Gel Cream | Mulberry Extract, Aloe Vera Extract, Cocoa Butter, Shea Butter & Vitamin E | Exfoliates & Nourishes Skin | Men & Women | All Skin Types       ",Hand cream,COAL CLEAN BEAUTY,All,https://www.amazon.in/Brightening-Intense-Removal-Natural-Suitable/dp/B09KTSS1T6/ref=sr_1_203_mod_primary_new?keywords=Hand+cream&qid=1680710285&sbo=RZvfv%2F%2FHxDF%2BO5021pAnSA%3D%3D&sr=8-203,,
        Gold Bond Ultimate Intensive Healing Hand Cream 3 oz (Pack of 2)       ,Hand cream,Gold Bond,All,https://www.amazon.in/Gold-Bond-Ultimate-Intensive-Healing/dp/B00AJ90GZG/ref=sr_1_204?keywords=Hand+cream&qid=1680710285&sr=8-204,,
        BSD Organics BeautY Natural Hand Creams with Pure Beeswax & Honey - 25 Gram       ,Hand cream,BSD Organics,Normal,https://www.amazon.in/BSD-Organics-BeautY-Natural-Beeswax/dp/B07SL8ZFXD/ref=sr_1_205_mod_primary_new?keywords=Hand+cream&qid=1680710285&sbo=RZvfv%2F%2FHxDF%2BO5021pAnSA%3D%3D&sr=8-205,,
"        O'Keeffe's Working Hands Hand Cream, For Extremely Dry, Cracked Hands, 6.8 oz Jar (Value Size, Pack of 12)       ",Hand cream,O'Keeffe's,Dry,https://www.amazon.in/OKeeffes-K0680001-12-Working-Hands-Cream/dp/B01M3VNN45/ref=sr_1_206?keywords=Hand+cream&qid=1680710285&sr=8-206,,
"        Callesta Soft Soft Hands - Orange Hand and Foot Cream and Cream/Foot Cream with Vitamin E,Shea Butter for Nourished Hands & Feet | Non-Sticky and Quick Absorbing Cream Paraben & Silicone Free Cream for Excellent Moisturization 50ml       ",Hand cream,Callesta,All,https://www.amazon.in/Callesta-Soft-Hands-Orange-Cream/dp/B08V5JKQ3R/ref=sr_1_207?keywords=Hand+cream&qid=1680710285&sr=8-207,,
"        Hydra By Ambika Men's Natural & Organic Hand And Foot Cream, with Shea Butter & Aloe Vera 100ml       ",Hand cream,Hydra By Ambika,All,https://www.amazon.in/Hydra-Ambika-Natural-Organic-Butter/dp/B09L7VR972/ref=sr_1_208?keywords=Hand+cream&qid=1680710285&sr=8-208,,
"        Herbacin Hand Cream, Wild Rose 2.5oz by Herbacin       ",Hand cream,Herbacin,Sensitive,https://www.amazon.in/Herbacin-Hand-Cream-Wild-2-5oz/dp/B004HFEOD8/ref=sr_1_209?keywords=Hand+cream&qid=1680710285&sr=8-209,,
        L'Occitane Rose Hand Cream 30ml       ,Hand cream,L'Occitane,Sensitive,https://www.amazon.in/LOccitane-Rose-Hand-Cream-30ml/dp/B07JBY9NCS/ref=sr_1_210?keywords=Hand+cream&qid=1680710285&sr=8-210,,
        Glamveda Aloe Vera Light Moisturizing Hand Cream (40gm)       ,Hand cream,GLAMVEDA,All,https://www.amazon.in/Glamveda-Aloe-Light-Moisturizing-Cream/dp/B08WK7YBM9/ref=sr_1_211?keywords=Hand+cream&qid=1680710285&sr=8-211,,
"        L'Occitane Dry Skin Shea Rose Heart Hand Cream, 30ml       ",Hand cream,L'Occitane,Dry,https://www.amazon.in/LOccitane-Shea-Rose-Heart-Cream/dp/B00HRAXX7I/ref=sr_1_212?keywords=Hand+cream&qid=1680710285&sr=8-212,,
        Amway - Persona 2 in 1 Hand cream - sanitizer and Moisturizer [3 tubes] and stylish hair/head band ASSORTED] - COMBO       ,Hand cream,Amway,All,https://www.amazon.in/sspa/click?ie=UTF8&spc=MTo4NTY5Njc0MDMxMzE0NDIxOjE2ODA3MTAyODU6c3BfbXRmOjIwMTM1NzU1MTQ3Mzk4OjowOjo&url=%2FAmway-sanitizer-Moisturizer-ASSORTED-KAROBAAR%2Fdp%2FB09T3N2XGN%2Fref%3Dsr_1_213_sspa%3Fkeywords%3DHand%2Bcream%26qid%3D1680710285%26sr%3D8-213-spons%26sp_csd%3Dd2lkZ2V0TmFtZT1zcF9tdGY%26psc%3D1%26smid%3DAEVCK6907QACK,,
        Eminence Organics Hand Cream Vanilla Mint 2 Ounce       ,Hand cream,Eminence Organic Skin Care,Dry,https://www.amazon.in/Eminence-Organics-Cream-Vanilla-Ounce/dp/B0037ZCASA/ref=sr_1_216?keywords=Hand+cream&qid=1680710285&sr=8-216,,
        BSD Organics BeautY Natural Hand Creams with Pure Beeswax & Honey - 300 Gram       ,Hand cream,BSD Organics,Normal,https://www.amazon.in/BSD-Organics-BeautY-Natural-Beeswax/dp/B07SMFLLTW/ref=sr_1_217?keywords=Hand+cream&qid=1680710285&sr=8-217,,
"        3W Clinic Hand Cream, Snail, 3.38 Ounce       ",Hand cream,3W Clinic,All,https://www.amazon.in/3W-Clinic-Cream-Snail-Ounce/dp/B00AGSLYCO/ref=sr_1_218?keywords=Hand+cream&qid=1680710285&sr=8-218,,
        Deep Steep Hand Cream- Lavender Chamomile 2 Ounces       ,Hand cream,Deep Steep,Dry,https://www.amazon.in/Deep-Steep-Cream-Lavender-Chamomile/dp/B007ZK86AY/ref=sr_1_219?keywords=Hand+cream&qid=1680710285&sr=8-219,,
        3W Clinic Hand Cream - Collagen 100ml/3.38oz       ,Hand cream,3W Clinic,Dry,https://www.amazon.in/3W-Clinic-Hand-Cream-Collagen/dp/B00AGSJMR8/ref=sr_1_220?keywords=Hand+cream&qid=1680710285&sr=8-220,,
"        Floris London Rosa Centifolia Hand Treatment Cream, 2.5 Fluid Ounce       ",Hand cream,Floris,Dry,https://www.amazon.in/Floris-London-Centifolia-Treatment-Cream/dp/B008282WGW/ref=sr_1_223?keywords=Hand+cream&qid=1680710285&sr=8-223,,
"        Urban Hydration Lemon Hand Cream, 4 OZ       ",Hand cream,Urban+Hydration,All,https://www.amazon.in/Urban-Hydration-Lemon-Hand-Cream/dp/B00F0T28QU/ref=sr_1_224?keywords=Hand+cream&qid=1680710285&sr=8-224,,
        3W Clinic Hand Cream - Acacia 100ml/3.38oz       ,Hand cream,3W Clinic,All,https://www.amazon.in/3W-Clinic-Hand-Cream-Acacia/dp/B00MG7AS0W/ref=sr_1_226?keywords=Hand+cream&qid=1680710285&sr=8-226,,
"        Dalan d' Olive Hand & Body Cream, White, 75 ml       ",Hand cream,Dalan,"Dry, Normal",https://www.amazon.in/Dalan-dOlive-Moisturizing-Cream-fl-oz/dp/B004KUWVNK/ref=sr_1_228?keywords=Hand+cream&qid=1680710285&sr=8-228,,
"        Nivea Body Lotion For Extremely Dry Skin, Oil In Lotion Ultra Rich, With Natural Almond Oil & Vitamin E, 48H Moisture Care, 200ml       ",Hand cream,Nivea,Dry,https://www.amazon.in/Nivea-Extremely-Natural-Vitamin-Moisture/dp/B09CPW97DH/ref=sr_1_229?keywords=Hand+cream&qid=1680710285&sr=8-229,,
"        Atrix Hand Cream with Camomile, 150ml       ",Hand cream,Atrix,Sensitive,https://www.amazon.in/Atrix-Hand-Cream-Camomile-150ml/dp/B000TFGUEQ/ref=sr_1_230?keywords=Hand+cream&qid=1680710285&sr=8-230,,
        Glysomed Hand Cream Trio Pack (3 x Glysomed Hand Cream Mini Travel Size Tube 50mL / 1.7 fl oz)       ,Hand cream,Glysomed,Dry,https://www.amazon.in/Glysomed-Hand-Cream-Trio-1-7fl/dp/B00EIJLGRA/ref=sr_1_231?keywords=Hand+cream&qid=1680710285&sr=8-231,,
        Milk & Honey Gold Nourishing Hand & Body Cream Organically Sourced Extract       ,Hand cream,Generic,All,https://www.amazon.in/Honey-Nourishing-Organically-Sourced-Extract/dp/B0BJQL5JGW/ref=sr_1_232?keywords=Hand+cream&qid=1680710285&sr=8-232,,
        Softening Hand Cream with Peach Extract and Advanced Cracked Heel Repair & Smooth Foot Cream (by Ori Flame)       ,Hand cream,Oriflame,All,https://www.amazon.in/Softening-Extract-Advanced-Cracked-Repair/dp/B0BCGGH4H5/ref=sr_1_233?keywords=Hand+cream&qid=1680710285&sr=8-233,,
"        Alteya Organic Moisture Dew Hand Cream 30ml - NaTrue Certified Organic hand skin treatment cream with rose water and jasmine extract, moisturising and softening       ",Hand cream,Alteya Organic,All,https://www.amazon.in/Alteya-Organic-Moisture-Hand-Cream/dp/B078BY8LB9/ref=sr_1_235?keywords=Hand+cream&qid=1680710285&sr=8-235,,
        Barr Co Fir & Grapefruit Hand and Body Cream       ,Hand cream,Barr Co,Combination,https://www.amazon.in/Grapefruit-Tube-Shea-Butter-Cream/dp/B06WWKLBST/ref=sr_1_236?keywords=Hand+cream&qid=1680710285&sr=8-236,,
"        O'Keeffe's K0290004-6 Working Hands Hand Cream Tube (6 Pack), 3 oz       ",Hand cream,O'Keeffe's,Dry,https://www.amazon.in/OKeeffes-Working-Hands-Cream-Ounce/dp/B01M4OVXPQ/ref=sr_1_237?keywords=Hand+cream&qid=1680710285&sr=8-237,,
"        Hanyul Nature In Life Hand Cream, Jacho       ",Hand cream,Hanyul,Sensitive,https://www.amazon.in/Hanyul-Nature-Life-Cream-Jacho/dp/B07D1Z7FCK/ref=sr_1_238?keywords=Hand+cream&qid=1680710285&sr=8-238,,
        White Glow Silk Beauty Hand Cream with silk protein 75ml       ,Hand cream,Generic,All,https://www.amazon.in/White-Glow-Beauty-Cream-protein/dp/B0BX8QLDX9/ref=sr_1_239?keywords=Hand+cream&qid=1680710285&sr=8-239,,
"        Nubian Heritage Hand Cream Lavender and Wildflower, 118ml       ",Hand cream,NUBIAN,Sensitive,https://www.amazon.in/Nubian-Heritage-Cream-Lavender-Wildflower/dp/B001ES6Y0C/ref=sr_1_240?keywords=Hand+cream&qid=1680710285&sr=8-240,,
        BySak Rise And Shine Hand Cream for Men & Women | For Dry Skin | Non-Sticky Hand Cream | Non-Greasy | Cruelty-Free | 30gm       ,Hand cream,Bysak,Combination,https://www.amazon.in/BySak-Rise-Shine-Hand-Cream/dp/B09LF5SY2R/ref=sr_1_241?keywords=Hand+cream&qid=1680710285&sr=8-241,,
        BSD Organics BeautY Natural Hand Creams with Pure Beeswax & Honey - 400 Gram       ,Hand cream,BSD Organics,Dry,https://www.amazon.in/BSD-Organics-BeautY-Natural-Beeswax/dp/B07SK67QK8/ref=sr_1_242_mod_primary_new?keywords=Hand+cream&qid=1680710285&sbo=RZvfv%2F%2FHxDF%2BO5021pAnSA%3D%3D&sr=8-242,,
"        Hand And Foot Cream, Foot Cream For Cracked Heels, Foot Crack Cream For Women & Men, Foot Crack Remover Cream, Hand And Foot Cream For Dry & Rough Hands 50 gm       ",Hand cream,INTIMIFY,All,https://www.amazon.in/Cream-Cracked-Heels-Crack-Remover/dp/B0BSBZ5VMC/ref=sr_1_243?keywords=Hand+cream&qid=1680710285&sr=8-243,,
"        NEW - Intense Relief Hand Cream, 3.5-oz. Tube - 110108200       ",Hand cream,Aveeno,Dry,https://www.amazon.in/NEW-Intense-Relief-3-5-oz-110108200/dp/B004STYI2A/ref=sr_1_244?keywords=Hand+cream&qid=1680710285&sr=8-244,,
        elizabethW Vetiver Hand Cream 3.3 ounces by elizabeth W       ,Hand cream,Elizabeth W,All,https://www.amazon.in/elizabethW-Vetiver-Cream-ounces-elizabeth/dp/B00XQ0RHH0/ref=sr_1_245?keywords=Hand+cream&qid=1680710285&sr=8-245,,
        BSD Organics BeautY Natural Hand Creams with Pure Beeswax & Orange - 10 Gram       ,Hand cream,BSD Organics,Normal,https://www.amazon.in/BSD-Organics-BeautY-Natural-Beeswax/dp/B07SH3JRNL/ref=sr_1_246_mod_primary_new?keywords=Hand+cream&qid=1680710285&sbo=RZvfv%2F%2FHxDF%2BO5021pAnSA%3D%3D&sr=8-246,,
"        MyGlamm POPxo Makeup Collection, Chillin' Mini Nail Kit, Paraben Free, Long Lasting Formula, 5 in 1 Combo       ",Nail paint,MyGlamm,All,https://www.amazon.in/sspa/click?ie=UTF8&spc=MTo4NTg3MDIxODQxMTE1MTg1OjE2ODA3MTA0Nzg6c3BfYXRmOjIwMDczMzY1NzYyODA4OjowOjo&url=%2FMyGlamm-Collection-Chillin-Paraben-Lasting%2Fdp%2FB09G74FX6C%2Fref%3Dsr_1_1_sspa%3Fkeywords%3DNail%2Bpaint%26qid%3D1680710478%26sr%3D8-1-spons%26sp_csd%3Dd2lkZ2V0TmFtZT1zcF9hdGY%26psc%3D1,,
"        FACESCANADA Splash Nail Enamel - Purple Rain 19 Quick Drying, Glossy Finish, Long Lasting, No Chip Formula, High Shine Nail Polish For Women, Smooth Application, No Harmful Chemicals, 8ml       ",Nail paint,FACESCANADA,All,https://www.amazon.in/sspa/click?ie=UTF8&spc=MTo4NTg3MDIxODQxMTE1MTg1OjE2ODA3MTA0Nzg6c3BfYXRmOjIwMDkxOTQ5NzI3NTk4OjowOjo&url=%2FFaces-Canada-Splash-Enamel-Purple%2Fdp%2FB087CJ2JZ9%2Fref%3Dsr_1_2_sspa%3Fkeywords%3DNail%2Bpaint%26qid%3D1680710478%26sr%3D8-2-spons%26sp_csd%3Dd2lkZ2V0TmFtZT1zcF9hdGY%26psc%3D1,,
        Facescanada Ultime Pro Splash Nail Enamel I Quick-Drying I Longlasting I Chip-Defiant I Smooth Application I Glossy Finish I Linty 45 5Ml       ,Nail paint,FACESCANADA,All,https://www.amazon.in/sspa/click?ie=UTF8&spc=MTo4NTg3MDIxODQxMTE1MTg1OjE2ODA3MTA0Nzg6c3BfYXRmOjIwMDkxOTU1MzA4Njk4OjowOjo&url=%2FFACESCANADA-Quick-drying-Longlasting-Chip-defiant-application%2Fdp%2FB0B68VQNNM%2Fref%3Dsr_1_3_sspa%3Fkeywords%3DNail%2Bpaint%26qid%3D1680710478%26sr%3D8-3-spons%26sp_csd%3Dd2lkZ2V0TmFtZT1zcF9hdGY%26psc%3D1,,
"        SUGAR POP Nail Lacquer - 15 Bold Please (Deep Red) – 10 ml - Dries in 45 seconds - Quick-drying, Chip-resistant, Long-lasting. Glossy high shine Nail Enamel / Polish for women.       ",Nail paint,SUGAR POP,All,https://www.amazon.in/sspa/click?ie=UTF8&spc=MTo4NTg3MDIxODQxMTE1MTg1OjE2ODA3MTA0Nzg6c3BfYXRmOjIwMTIwMDE3OTE2ODk4OjowOjo&url=%2FSUGAR-POP-Nail-Lacquer-Chip-resistant%2Fdp%2FB09X12JF46%2Fref%3Dsr_1_4_sspa%3Fkeywords%3DNail%2Bpaint%26qid%3D1680710478%26sr%3D8-4-spons%26sp_csd%3Dd2lkZ2V0TmFtZT1zcF9hdGY%26psc%3D1,,
        FACESCANADA Floral Dream 56 Quick Drying Glossy Finish Long Lasting No Chip Formula High Shine Nail Polish For Women Smooth Application No Harmful Chemicals 8 Ml       ,Nail paint,FACESCANADA,All,https://www.amazon.in/Faces-Splash-Enamel-Floral-Dream/dp/B0853LTFMF/ref=sr_1_5_mod_primary_new?keywords=Nail+paint&qid=1680710478&sbo=RZvfv%2F%2FHxDF%2BO5021pAnSA%3D%3D&sr=8-5,,
"        MyGlamm POPxo Makeup Collection, Chillin' Mini Nail Kit, Paraben Free, Long Lasting Formula, 5 in 1 Combo       ",Nail paint,MyGlamm,All,https://www.amazon.in/MyGlamm-Collection-Chillin-Paraben-Lasting/dp/B09G74FX6C/ref=sr_1_6?keywords=Nail+paint&qid=1680710478&sr=8-6,,
"        Elle18 Matte, Glossy Finish Nail Pops Color 161, 161, 5 Ml       ",Nail paint,Elle18,All,https://www.amazon.in/Elle18-Nail-Pops-Color-161/dp/B08N7WN57D/ref=sr_1_7?keywords=Nail+paint&qid=1680710478&sr=8-7,,
"        MyGlamm POPxo Makeup Collection, Chillin' Mini Nail Kit, Paraben Free, Long Lasting Formula, 5 in 1 Combo       ",Nail paint,MyGlamm,All,https://www.amazon.in/MyGlamm-Collection-Chillin-Paraben-Lasting/dp/B09G74FX6C/ref=sxin_15_slsr_d_i_insltrbeauty_fa_0_B09G74FX6C?content-id=amzn1.sym.3ad1fadf-95f9-4879-81ea-f4f7516bc5d9%3Aamzn1.sym.3ad1fadf-95f9-4879-81ea-f4f7516bc5d9&cv_ct_cx=Nail+paint&keywords=Nail+paint&pd_rd_i=B09G74FX6C&pd_rd_r=7995a888-6eaa-4bbf-8e04-3e32730d34ea&pd_rd_w=OHhuK&pd_rd_wg=sgIaj&pf_rd_p=3ad1fadf-95f9-4879-81ea-f4f7516bc5d9&pf_rd_r=G6CJ0DW06SPGHJB41ARE&qid=1680710478&sbo=RZvfv%2F%2FHxDF%2BO5021pAnSA%3D%3D&sr=1-1-1b0fae43-f803-4e71-a963-6cf5620b9fb9,,
"        Lakmé Color Crush Nail Art, G12, 6ml       ",Nail paint,LAKMÉ,All,https://www.amazon.in/Lakme-Color-Crush-Nailart-G12/dp/B07H645P1P/ref=sxin_15_slsr_d_i_insltrbeauty_fa_1_B07H645P1P?content-id=amzn1.sym.3ad1fadf-95f9-4879-81ea-f4f7516bc5d9%3Aamzn1.sym.3ad1fadf-95f9-4879-81ea-f4f7516bc5d9&cv_ct_cx=Nail+paint&keywords=Nail+paint&pd_rd_i=B07H645P1P&pd_rd_r=7995a888-6eaa-4bbf-8e04-3e32730d34ea&pd_rd_w=OHhuK&pd_rd_wg=sgIaj&pf_rd_p=3ad1fadf-95f9-4879-81ea-f4f7516bc5d9&pf_rd_r=G6CJ0DW06SPGHJB41ARE&qid=1680710478&sbo=RZvfv%2F%2FHxDF%2BO5021pAnSA%3D%3D&sr=1-2-1b0fae43-f803-4e71-a963-6cf5620b9fb9,,
        DeBelle Gel Nail Polish Majestique Mauve (Mauve Nail Paint)|Non UV - Gel Finish |Chip Resistant | Seaweed Enriched Formula| Long Lasting|Cruelty and Toxic Free| 8ml       ,Nail paint,DeBelle,All,https://www.amazon.in/DeBelle-Nail-Lacquer-Majestique-Mauve/dp/B01JZHVY7G/ref=sxin_15_slsr_d_i_insltrbeauty_fa_2_B01JZHVY7G?content-id=amzn1.sym.3ad1fadf-95f9-4879-81ea-f4f7516bc5d9%3Aamzn1.sym.3ad1fadf-95f9-4879-81ea-f4f7516bc5d9&cv_ct_cx=Nail+paint&keywords=Nail+paint&pd_rd_i=B01JZHVY7G&pd_rd_r=7995a888-6eaa-4bbf-8e04-3e32730d34ea&pd_rd_w=OHhuK&pd_rd_wg=sgIaj&pf_rd_p=3ad1fadf-95f9-4879-81ea-f4f7516bc5d9&pf_rd_r=G6CJ0DW06SPGHJB41ARE&qid=1680710478&sbo=RZvfv%2F%2FHxDF%2BO5021pAnSA%3D%3D&sr=1-3-1b0fae43-f803-4e71-a963-6cf5620b9fb9,,
"        MINISO Long-Lasting Nail Polish, Quick Dry French Formula Nail Paint, Metallic Finish, 8ml - 39 Metal Pink       ",Nail paint,MINISO,All,https://www.amazon.in/MINISO-Long-Lasting-Polish-French-Formula/dp/B0B8Z81YYX/ref=sxin_15_slsr_d_i_insltrbeauty_fa_3_B0B8Z81YYX?content-id=amzn1.sym.3ad1fadf-95f9-4879-81ea-f4f7516bc5d9%3Aamzn1.sym.3ad1fadf-95f9-4879-81ea-f4f7516bc5d9&cv_ct_cx=Nail+paint&keywords=Nail+paint&pd_rd_i=B0B8Z81YYX&pd_rd_r=7995a888-6eaa-4bbf-8e04-3e32730d34ea&pd_rd_w=OHhuK&pd_rd_wg=sgIaj&pf_rd_p=3ad1fadf-95f9-4879-81ea-f4f7516bc5d9&pf_rd_r=G6CJ0DW06SPGHJB41ARE&qid=1680710478&sbo=RZvfv%2F%2FHxDF%2BO5021pAnSA%3D%3D&sr=1-4-1b0fae43-f803-4e71-a963-6cf5620b9fb9,,
"        BAD COMPANY No Toxin Nail Lacquer, Long Lasting, Chip Resistant, Vegan, Quick Dry & Cruelty-Free Glossy Finish Nail Paint Enamel (Nude Brown - 96) 10ml       ",Nail paint,BAD COMPANY,All,https://www.amazon.in/BAD-COMPANY-Lacquer-Polish-Nature/dp/B08MVNK61C/ref=sxin_15_slsr_d_i_insltrbeauty_fa_4_B08MVNK61C?content-id=amzn1.sym.3ad1fadf-95f9-4879-81ea-f4f7516bc5d9%3Aamzn1.sym.3ad1fadf-95f9-4879-81ea-f4f7516bc5d9&cv_ct_cx=Nail+paint&keywords=Nail+paint&pd_rd_i=B08MVNK61C&pd_rd_r=7995a888-6eaa-4bbf-8e04-3e32730d34ea&pd_rd_w=OHhuK&pd_rd_wg=sgIaj&pf_rd_p=3ad1fadf-95f9-4879-81ea-f4f7516bc5d9&pf_rd_r=G6CJ0DW06SPGHJB41ARE&qid=1680710478&sbo=RZvfv%2F%2FHxDF%2BO5021pAnSA%3D%3D&sr=1-5-1b0fae43-f803-4e71-a963-6cf5620b9fb9,,
"        DeBelle Gel Brown Nail Polish-Metallic Rose Gold(Roseate Gold), 8 ml - Enriched with natural Seaweed Extract, cruelty Free, Toxic Free       ",Nail paint,DeBelle,All,https://www.amazon.in/DeBelle-Gel-Brown-Nail-Polish-Metallic-Rose-Roseate/dp/B098JR91J5/ref=sxin_15_slsr_d_i_insltrbeauty_fa_5_B098JR91J5?content-id=amzn1.sym.3ad1fadf-95f9-4879-81ea-f4f7516bc5d9%3Aamzn1.sym.3ad1fadf-95f9-4879-81ea-f4f7516bc5d9&cv_ct_cx=Nail+paint&keywords=Nail+paint&pd_rd_i=B098JR91J5&pd_rd_r=7995a888-6eaa-4bbf-8e04-3e32730d34ea&pd_rd_w=OHhuK&pd_rd_wg=sgIaj&pf_rd_p=3ad1fadf-95f9-4879-81ea-f4f7516bc5d9&pf_rd_r=G6CJ0DW06SPGHJB41ARE&qid=1680710478&sbo=RZvfv%2F%2FHxDF%2BO5021pAnSA%3D%3D&sr=1-6-1b0fae43-f803-4e71-a963-6cf5620b9fb9,,
        DeBelle Gel Nail Polish Velvette Truffle (Sapphire Blue Nail Paint)|Non UV - Gel Finish |Chip Resistant | Seaweed Enriched Formula| Long Lasting|Cruelty and Toxic Free| 8ml       ,Nail paint,DeBelle,All,https://www.amazon.in/DeBelle-Nail-Lacquer-Velvette-Truffle/dp/B09B58X7VM/ref=sxin_15_slsr_d_i_insltrbeauty_fa_6_B09B58X7VM?content-id=amzn1.sym.3ad1fadf-95f9-4879-81ea-f4f7516bc5d9%3Aamzn1.sym.3ad1fadf-95f9-4879-81ea-f4f7516bc5d9&cv_ct_cx=Nail+paint&keywords=Nail+paint&pd_rd_i=B09B58X7VM&pd_rd_r=7995a888-6eaa-4bbf-8e04-3e32730d34ea&pd_rd_w=OHhuK&pd_rd_wg=sgIaj&pf_rd_p=3ad1fadf-95f9-4879-81ea-f4f7516bc5d9&pf_rd_r=G6CJ0DW06SPGHJB41ARE&qid=1680710478&sbo=RZvfv%2F%2FHxDF%2BO5021pAnSA%3D%3D&sr=1-7-1b0fae43-f803-4e71-a963-6cf5620b9fb9,,
        DeBelle Gel Nail Polish Canopus (Beige Gold with Black Glitter Nail Paint)|Non UV - Gel Finish |Chip Resistant | Seaweed Enriched Formula| Long Lasting|Cruelty and Toxic Free| 8ml       ,Nail paint,DeBelle,All,https://www.amazon.in/DeBelle-Polish-Canopus-Beige-Glitter/dp/B08X17DMFM/ref=sxin_15_slsr_d_i_insltrbeauty_fa_7_B08X17DMFM?content-id=amzn1.sym.3ad1fadf-95f9-4879-81ea-f4f7516bc5d9%3Aamzn1.sym.3ad1fadf-95f9-4879-81ea-f4f7516bc5d9&cv_ct_cx=Nail+paint&keywords=Nail+paint&pd_rd_i=B08X17DMFM&pd_rd_r=7995a888-6eaa-4bbf-8e04-3e32730d34ea&pd_rd_w=OHhuK&pd_rd_wg=sgIaj&pf_rd_p=3ad1fadf-95f9-4879-81ea-f4f7516bc5d9&pf_rd_r=G6CJ0DW06SPGHJB41ARE&qid=1680710478&sbo=RZvfv%2F%2FHxDF%2BO5021pAnSA%3D%3D&sr=1-8-1b0fae43-f803-4e71-a963-6cf5620b9fb9,,
"        Lakmé 9 to 5 Primer + Gloss Nail Colour, Magenta Mix, 6 ml       ",Nail paint,LAKMÉ,All,https://www.amazon.in/Lakme-Primer-Gloss-Colour-Magenta/dp/B07QJQ55GQ/ref=sr_1_8?keywords=Nail+paint&qid=1680710478&sr=8-8,,
"        SERY Color Flirt Nail Paint, Color Shifting Polish, Chip-Resistant, 6 days long lasting, Enriched with Avocado oil and Vitamin E, Carnival, 10ML       ",Nail paint,SERY,All,https://www.amazon.in/SERY-Shifting-Chip-Resistant-Enriched-Carnival/dp/B0B366T9H1/ref=sr_1_9?keywords=Nail+paint&qid=1680710478&sr=8-9,,
"        RENEE Gloss Touch Set of 4 Nail Enamels, Highly Pigmented With Gel Effect | Smooth Application, Long-stay, Glossy Finish, Non-staining & Chip Resistant Nail Polish 5ml Each, N02 Everyday Nudes       ",Nail paint,RENEE,All,https://www.amazon.in/RENEE-Pigmented-Application-Non-staining-N02/dp/B0BCD3578K/ref=sr_1_10?keywords=Nail+paint&qid=1680710478&sr=8-10,,
        Verymiss Premium Matte Finish Nail Polish | Smooth Application | Quick Drying | Ultra Long Lasting | Vegan | Paraben Free | Harmful Toxic Free | 6 Ml | 254 Cloudy Gray       ,Nail paint,VERYMISS,All,https://www.amazon.in/Verymiss-Premium-Matte-Nail-Polish/dp/B07KCBYTF2/ref=sr_1_11?keywords=Nail+paint&qid=1680710478&sr=8-11,,
"        MI FASHION Soft Smooth Unique Matte Finish Nail Polish Combo Sets of 4 Unique Colors - Magenta Red, Bordeaux, Deep Coffee, Rose Taupe 9.9ml each       ",Nail paint,MI FASHION,All,https://www.amazon.in/MI-Fashion-Smooth-Unique-Polish/dp/B09D9WSD34/ref=sr_1_12?keywords=Nail+paint&qid=1680710478&sr=8-12,,
        MyGlamm LIT Nail Enamel-Seal The Deal (Clear)-7ml | Nail Polish | Nail Paint | Long Lasting Nail Polish | Chip Resistant | Glossy Finish       ,Nail paint,MyGlamm,All,https://www.amazon.in/MyGlamm-Lit-Seal-Deal-Clear/dp/B07SVP2YWZ/ref=sr_1_13?keywords=Nail+paint&qid=1680710478&sr=8-13,,
"        ILLUMOR Nail Polish Matte, Quick Dry, No Toxin & Vegan Nail Paint,(Gilded Rose), 10 ml       ",Nail paint,ILLUMOR,All,https://www.amazon.in/ILLUMOR-Crushed-Diamond-Polish-Gilded/dp/B08XQVG77W/ref=sr_1_14?keywords=Nail+paint&qid=1680710478&sr=8-14,,
"        JUICE One Coat Nail Polish Combo No.27 Nude Collection, High Gloss, Chip Resistant, Quick Dry, Gel Effect, Shades : Sun Kissed / Dusty Coral / Camel GLOSS, 11ml each       ",Nail paint,JUICE,All,https://www.amazon.in/Juice-Polish-Kissed-Dusty-COMBO_27/dp/B07TY2KZKY/ref=sr_1_15?keywords=Nail+paint&qid=1680710478&sr=8-15,,
        MyGlamm LIT Nail Enamel-Say No More (Red)-7ml | Nail Polish | Nail Paint | Long Lasting Nail Polish | Chip Resistant | Glossy Finish       ,Nail paint,MyGlamm,All,https://www.amazon.in/MyGlamm-Lit-Say-No-More-Red/dp/B07SWT447K/ref=sr_1_16?keywords=Nail+paint&qid=1680710478&sr=8-16,,
"        Miniso Long-Lasting Nail Polish,Quick Dry French Formula Nail Paint, Matte Finish,8Ml,23 Matte Grey       ",Nail paint,MINISO,All,https://www.amazon.in/MINISO-Long-Lasting-Polish-French-Formula/dp/B0B8ZHXPWR/ref=sr_1_17?keywords=Nail+paint&qid=1680710478&sr=8-17,,
"        DeBelle Gel Nail Polish Natalie Rhapsody (Dark Taupe Nail Paint), 6ml | Non UV - Gel Finish | Seaweed Enriched Formula | Long Lasting Nail Paint | Cruelty & Toxic Free |       ",Nail paint,DeBelle,All,https://www.amazon.in/DeBelle-Polish-Natalie-Rhapsody-Taupe/dp/B0BD7F4JJQ/ref=sr_1_18?keywords=Nail+paint&qid=1680710478&sr=8-18,,
"        SUGAR POP Nail Lacquer - 04 Hello Yellow (Bright Yellow) – 10 ml - Dries in 45 seconds - Quick-drying, Chip-resistant, Long-lasting. Glossy high shine Nail Enamel / Polish for women.       ",Nail paint,SUGAR POP,All,https://www.amazon.in/SUGAR-POP-Nail-Lacquer-Chip-resistant/dp/B09WZXSDMR/ref=sr_1_19?keywords=Nail+paint&qid=1680710478&sr=8-19,,
"        Lakmé Absolute Gel Stylist Nail Color, Scarlet Red, 12 ml       ",Nail paint,LAKMÉ,All,https://www.amazon.in/Lakme-Absolute-Stylist-Color-Scarlet/dp/B00G96JQ9A/ref=sr_1_20?keywords=Nail+paint&qid=1680710478&sr=8-20,,
"        SUGAR POP Nail Lacquer - 10 Call Me Hot (Fuschia Pink) – 10 ml - Dries in 45 seconds - Quick-drying, Chip-resistant, Long-lasting. Glossy high shine Nail Enamel / Polish for women.       ",Nail paint,SUGAR POP,All,https://www.amazon.in/sspa/click?ie=UTF8&spc=MTo4NTg3MDIxODQxMTE1MTg1OjE2ODA3MTA0Nzg6c3BfbXRmOjIwMTIwMDE3OTE2Mzk4OjowOjo&url=%2FSUGAR-POP-Nail-Lacquer-Chip-resistant%2Fdp%2FB09WZY9DCV%2Fref%3Dsr_1_21_sspa%3Fkeywords%3DNail%2Bpaint%26qid%3D1680710478%26sr%3D8-21-spons%26sp_csd%3Dd2lkZ2V0TmFtZT1zcF9tdGY%26psc%3D1,,
"        JUICE #SHINE Royal Nudes | High Gloss, Chip Resistant, Gel Effect, Upto 80% more pigmented for Intense colour | Nail Polish Combo 3 in 1 | Long Lasting Nail Paint       ",Nail paint,JUICE,All,https://www.amazon.in/sspa/click?ie=UTF8&spc=MTo4NTg3MDIxODQxMTE1MTg1OjE2ODA3MTA0Nzg6c3BfbXRmOjIwMTI4MDAzOTM0Nzk4OjowOjo&url=%2FJUICE-Resistant-pigmented-Intense-Lasting%2Fdp%2FB0BLS8K5Q1%2Fref%3Dsr_1_22_sspa%3Fkeywords%3DNail%2Bpaint%26qid%3D1680710478%26sr%3D8-22-spons%26sp_csd%3Dd2lkZ2V0TmFtZT1zcF9tdGY%26psc%3D1,,
"        SUGAR POP Nail Lacquer - 08 Silk Stockings (Cool-toned Nude) – 10 ml - Dries in 45 seconds - Quick-drying, Chip-resistant, Long-lasting. Glossy high shine Nail Enamel / Polish for women.       ",Nail paint,SUGAR POP,All,https://www.amazon.in/sspa/click?ie=UTF8&spc=MTo4NTg3MDIxODQxMTE1MTg1OjE2ODA3MTA0Nzg6c3BfbXRmOjIwMTIwMDE3OTE2MTk4OjowOjo&url=%2FSUGAR-POP-Nail-Lacquer-Chip-resistant%2Fdp%2FB09WZXQQZW%2Fref%3Dsr_1_23_sspa%3Fkeywords%3DNail%2Bpaint%26qid%3D1680710478%26sr%3D8-23-spons%26sp_csd%3Dd2lkZ2V0TmFtZT1zcF9tdGY%26psc%3D1,,
"        SUGAR POP Nail Lacquer - 09 Lilac Rush (Lilac) – 10 ml - Dries in 45 seconds - Quick-drying, Chip-resistant, Long-lasting. Glossy high shine Nail Enamel / Polish for women.       ",Nail paint,SUGAR POP,All,https://www.amazon.in/sspa/click?ie=UTF8&spc=MTo4NTg3MDIxODQxMTE1MTg1OjE2ODA3MTA0Nzg6c3BfbXRmOjIwMTIwMDE3OTE2Mjk4OjowOjo&url=%2FSUGAR-POP-Nail-Lacquer-Chip-resistant%2Fdp%2FB09WZX8PX5%2Fref%3Dsr_1_24_sspa%3Fkeywords%3DNail%2Bpaint%26qid%3D1680710478%26sr%3D8-24-spons%26sp_csd%3Dd2lkZ2V0TmFtZT1zcF9tdGY%26psc%3D1,,
        Just Herbs Nail Polish 21 Chemical Free Formula Quick Dry Long Lasting Nail Paints (Beetroot Bloom)       ,Nail paint,Just Herbs,All,https://www.amazon.in/Just-Herbs-Chemical-Formula-Beetroot/dp/B0BPPDMYD4/ref=sr_1_25?keywords=Nail+paint&qid=1680710478&sr=8-25,,
"        Lakmé Color Crush Nail Art, G12, 6ml       ",Nail paint,LAKMÉ,All,https://www.amazon.in/Lakme-Color-Crush-Nailart-G12/dp/B07H645P1P/ref=sr_1_26?keywords=Nail+paint&qid=1680710478&sr=8-26,,
"        Swiss Beauty Slay Nail Color | Quick Drying | Non Chip Formula | Glossy Finish Nail Paint | Shade- Top Coat, 13Ml       ",Nail paint,SWISS BEAUTY,All,https://www.amazon.in/Beauty-Drying-Formula-Glossy-Finish/dp/B0BQ7BN2VY/ref=sr_1_27?keywords=Nail+paint&qid=1680710478&sr=8-27,,
        Facescanada Ultime Pro Splash Nail Enamel I Quick-Drying I Longlasting I Chip-Defiant I Smooth Application I Glossy Finish I Linty 45 5Ml       ,Nail paint,FACESCANADA,All,https://www.amazon.in/FACESCANADA-Quick-drying-Longlasting-Chip-defiant-application/dp/B0B68VQNNM/ref=sr_1_28?keywords=Nail+paint&qid=1680710478&sr=8-28,,
        MyGlamm 2IN1 Nail Paint-Poolside Soiree-2X5ml       ,Nail paint,MyGlamm,All,https://www.amazon.in/MyGlamm-2IN1-Nail-Paint-Poolside-Soiree-2X5ml/dp/B09CVBVY85/ref=sr_1_29?keywords=Nail+paint&qid=1680710478&sr=8-29,,
"        SERY Colorflirt Nail Paint | Glossy, Quick Dry, High Coverage, Chip Resistant, Long Lasting | Nail Polish for Women |White Beauty - 10 ML       ",Nail paint,SERY,All,https://www.amazon.in/SERY-Colorflirt-Paint-beauty-millilitre/dp/B08W59SHNN/ref=sr_1_30?keywords=Nail+paint&qid=1680710478&sr=8-30,,
"        Revlon Nail Enamel, Glossy Finish, Peacock Blue, 8Ml       ",Nail paint,REVLON,All,https://www.amazon.in/Revlon-Nail-Enamel-Peacock-Blue/dp/B00DGQXFXE/ref=sr_1_31?keywords=Nail+paint&qid=1680710478&sr=8-31,,
        MyGlamm 2IN1 Nail Paint-Wine Tasting -2X5ml       ,Nail paint,MyGlamm,All,https://www.amazon.in/MyGlamm-2IN1-Paint-Wine-Tasting-2X5ml/dp/B09CVCHS7Q/ref=sr_1_32?keywords=Nail+paint&qid=1680710478&sr=8-32,,
"        Swiss Beauty Color SPLASH Nail Polish, Shade- 03, 11ml       ",Nail paint,SWISS BEAUTY,All,https://www.amazon.in/Swiss-Beauty-SPLASH-Polish-Shade/dp/B09SWPLCCX/ref=sr_1_33?keywords=Nail+paint&qid=1680710478&sr=8-33,,
        Plum Color Affair Nail Polish | 7-Free Formula | High Shine & Plump Finish | 100% Vegan & Cruelty Free Nailpaint | Lilac Dawn - 132 | 11 ml       ,Nail paint,Plum,All,https://www.amazon.in/Plum-Affair-Polish-Formula-Cruelty/dp/B098TM2N1F/ref=sr_1_34?keywords=Nail+paint&qid=1680710478&sr=8-34,,
"        Juice One Coat Nail Paint, Glossy Finish, Combo Teal Blue - C02, Blooming Pink - C05, Blush Silver - C12, Misty Green -C13 Long Lasting 11Ml Each Pack Of 4       ",Nail paint,JUICE,All,https://www.amazon.in/JUICE-COAT-NAIL-PAINT-COMBO/dp/B09JKF6TN5/ref=sr_1_35?keywords=Nail+paint&qid=1680710478&sr=8-35,,
"        Revlon Nail Enamel, Matte Finish, Matt Top Coat, 8Ml       ",Nail paint,REVLON,All,https://www.amazon.in/Revlon-Nail-Enamel-Matt-Coat/dp/B00YSBUNHW/ref=sr_1_36_mod_primary_new?keywords=Nail+paint&qid=1680710478&sbo=RZvfv%2F%2FHxDF%2BO5021pAnSA%3D%3D&sr=8-36,,
"        VERGE Colour Show Long Wear Nail Polish (Paraben Free & Non Toxic) (Pack Of 12 Combo) Chip Resistant & Quick Dry (Modern Color Range Combo) Autumn Twelve Cs12_54, Glossy Finish, 72ml       ",Nail paint,VERGE,All,https://www.amazon.in/VERGE-COLOUR-PARABEN-RESISTANT-CS12_54/dp/B0BDVJN6BP/ref=sr_1_37?keywords=Nail+paint&qid=1680710478&sr=8-37,,
        DeBelle Gel Nail Polish Elite Tiffany(Rose Gold Flaky Glitter Top Coat Nail Paint)| Non UV - Gel Finish |Chip Resistant | Seaweed Enriched Formula| Long Lasting|Cruelty and Toxic Free| 6ml       ,Nail paint,DeBelle,All,https://www.amazon.in/DeBelle-Lacquer-Elite-Tiffany-Glitter/dp/B0B2X2G97K/ref=sr_1_38?keywords=Nail+paint&qid=1680710478&sr=8-38,,
"        Lakmé True Wear Nail Color, Reds and Maroons 401, 9 ml       ",Nail paint,LAKMÉ,All,https://www.amazon.in/Lakme-True-Wear-Color-Maroons/dp/B006LXBPYU/ref=sr_1_39?keywords=Nail+paint&qid=1680710478&sr=8-39,,
"        Blue Heaven Bling Nail Paint, Amber Glow - 10, 8gm       ",Nail paint,Blue Heaven,All,https://www.amazon.in/Blue-Heaven-Bling-Paint-Amber/dp/B0BLW6291X/ref=sr_1_40?keywords=Nail+paint&qid=1680710478&sr=8-40,,
"        Faces Nail Enamel, Poppy Red 11, 9ml       ",Nail paint,Faces,All,https://www.amazon.in/Faces-Nail-Enamel-Poppy-Red/dp/B0079YZOGK/ref=sr_1_41?keywords=Nail+paint&qid=1680710478&sr=8-41,,
"        Swiss Beauty Stunning Nail Polish - (Ruter, 10ml)       ",Nail paint,SWISS BEAUTY,All,https://www.amazon.in/Swiss-Beauty-Stunning-Nail-Polish/dp/B09WNKJKTL/ref=sr_1_42?keywords=Nail+paint&qid=1680710478&sr=8-42,,
"        SERY Color Flirt Nail Paint Matte, Chip-Resistant, 6 days long lasting, Enriched with Avocado oil and Vitamin E , Rose Pink, 10ML       ",Nail paint,SERY,All,https://www.amazon.in/SERY-Chip-Resistant-lasting-Enriched-Avocado/dp/B09N3JN7KK/ref=sr_1_43?keywords=Nail+paint&qid=1680710478&sr=8-43,,
        Volo Gloss Shine Wine-Nail Polish Glitter High Shine Silver Nail Paint Set of 2 Pcs Long Stay on Nails 19.8 ml       ,Nail paint,VOLO,All,https://www.amazon.in/Gloss-Wine-Nail-Polish-Glitter-Silver/dp/B09XMWYCGL/ref=sr_1_44?keywords=Nail+paint&qid=1680710478&sr=8-44,,
"        Faces Splash Glossy Nail Enamel, Viola 41, 8 ml and Faces Splash Glossy Nail Enamel (Frozen 40, 8 Ml)       ",Nail paint,Faces,All,https://www.amazon.in/Faces-Splash-Glossy-Enamel-Frozen/dp/B09HZ67JN2/ref=sr_1_45?keywords=Nail+paint&qid=1680710478&sr=8-45,,
"        Revlon Nail Enamel, Matte Finish, Pure Pearl, 8Ml       ",Nail paint,REVLON,All,https://www.amazon.in/Revlon-Nail-Enamel-Pure-Pearl/dp/B00DGQWAZS/ref=sr_1_46?keywords=Nail+paint&qid=1680710478&sr=8-46,,
"        Makeup Mania Nail Polish Set of 12 Pcs, Nail Paint of 6ml each x 12 Pcs, MultiColor Combo Set No.92       ",Nail paint,Makeup Mania,All,https://www.amazon.in/Makeup-Mania-Polish-Silver-Golden/dp/B074DF989F/ref=sr_1_47?keywords=Nail+paint&qid=1680710478&sr=8-47,,
"        Swiss Beauty No-Chip Pop Up Nail Polish for Instant Luminous Finish, Quick-Drying, Long lasting Nail Polish, Shade - 39, 10ml       ",Nail paint,SWISS BEAUTY,All,https://www.amazon.in/Swiss-Beauty-Matte-Polish-Shade-39/dp/B0B4FW7QCC/ref=sr_1_48?keywords=Nail+paint&qid=1680710478&sr=8-48,,
"        DeBelle Gel Nail Polish Cocoa Harvest (Dark Brown Nail Paint), 8ml | Non UV - Gel Finish | Seaweed Enriched Formula | Long Lasting Nail Paint | Cruelty & Toxic Free |       ",Nail paint,DeBelle,All,https://www.amazon.in/DeBelle-Lacquer-Cocoa-Harvest-Brown/dp/B09MD5GXSR/ref=sr_1_49?keywords=Nail+paint&qid=1680710478&sr=8-49,,
"        Juice One Coat Nail Paint Combo Desire Pink, Shimmery Finish - D03, Diamond Mist Rose - D14, Diamond Garnet - D18, Good Gossip - D27 Long Lasting 11Ml Each Pack Of 4       ",Nail paint,JUICE,All,https://www.amazon.in/JUICE-COAT-PAINT-COMBO-DESIRE/dp/B09JZGMY1T/ref=sr_1_50?keywords=Nail+paint&qid=1680710478&sr=8-50,,
"        Revlon Nail Enamel Opaque Finish - Knock Out, 8ml       ",Nail paint,REVLON,All,https://www.amazon.in/Revlon-Nail-Enamel-Knock-Out/dp/B00DGQWQ5M/ref=sr_1_51?keywords=Nail+paint&qid=1680710478&sr=8-51,,
"        Noy Quick Dry Long Lasting Nail Paint Combo Offer Set Of 12 In Wholesale Rate 6 Ml Each, Glossy Finish (Violet, Brown, Nude, Light Grey, Pink, Dark Wine, Nude, Orange, Pink, Red, Carrot Pink, Maroon)       ",Nail paint,Noy,All,https://www.amazon.in/Quick-Stroke-Color-Paint-Combo/dp/B07QRV1D6F/ref=sr_1_52?keywords=Nail+paint&qid=1680710478&sr=8-52,,
"        Revlon Nail Enamel, Iced Mauve, Matte Finish, 8Ml       ",Nail paint,REVLON,All,https://www.amazon.in/Revlon-Nail-Enamel-Iced-Mauve/dp/B00DGQVI6U/ref=sr_1_53?keywords=Nail+paint&qid=1680710478&sr=8-53,,
"        Mi Fashion Soft Smooth Unique Matte Finish Nail Polish 4 Unique Colors - Dark Sienna, Black, Ash Grey, Aubergine 9.9Ml Each       ",Nail paint,MI FASHION,All,https://www.amazon.in/MI-Fashion-Smooth-Unique-Polish/dp/B09D9W6TPH/ref=sr_1_54?keywords=Nail+paint&qid=1680710478&sr=8-54,,
"        JUICE Quick-dry, 100% Veg & Cruelty Free Nail Paint I Long Lasting, Chip Resistant, Nail Polish for Women, High Gloss, F&D APPROVED COLORS&PIGMENTS, One Coat Nail Paint | Coral Pink - 105       ",Nail paint,JUICE,All,https://www.amazon.in/JUICE-Quick-dry-Resistant-Coral-Pink/dp/B0BPHYFTM9/ref=sr_1_55?keywords=Nail+paint&qid=1680710478&sr=8-55,,
"        INSIGHT 5 Toxic Free Long Lasting Pastel Color Nail Polish, DH-127=178       ",Nail paint,INSIGHT,All,https://www.amazon.in/Insight-Toxic-Lasting-Pastel-Polish/dp/B08WWGW8WP/ref=sr_1_56?keywords=Nail+paint&qid=1680710478&sr=8-56,,
"        JUICE #SHINE Neutrals | High Gloss, Chip Resistant, Gel Effect, Upto 80% more pigmented for Intense colour | Nail Polish Combo 5 in 1 | Nail Paint       ",Nail paint,JUICE,All,https://www.amazon.in/sspa/click?ie=UTF8&spc=MTo4NTg3MDIxODQxMTE1MTg1OjE2ODA3MTA0Nzg6c3BfYnRmOjIwMTI4MDAzOTMzNjk4OjowOjo&url=%2FJUICE-Neutrals-Resistant-pigmented-Intense%2Fdp%2FB0BLST6BJ4%2Fref%3Dsr_1_57_sspa%3Fkeywords%3DNail%2Bpaint%26qid%3D1680710478%26sr%3D8-57-spons%26sp_csd%3Dd2lkZ2V0TmFtZT1zcF9idGY%26psc%3D1,,
        LoveChild Masaba - The Classics! - 10 Chaand - Nail Enamel       ,Nail paint,Lovechild Masaba,All,https://www.amazon.in/sspa/click?ie=UTF8&spc=MTo4NTg3MDIxODQxMTE1MTg1OjE2ODA3MTA0Nzg6c3BfYnRmOjIwMTAwNTIyODEyMDk4OjowOjo&url=%2FLoveChild-Masaba-Classics-Chaand-Enamel%2Fdp%2FB0BFR9BV8Q%2Fref%3Dsr_1_58_sspa%3Fkeywords%3DNail%2Bpaint%26qid%3D1680710478%26sr%3D8-58-spons%26sp_csd%3Dd2lkZ2V0TmFtZT1zcF9idGY%26psc%3D1,,
"        SUGAR POP Nail Lacquer - 05 Salmon Wonder (Salmon Pink) – 10 ml - Dries in 45 seconds - Quick-drying, Chip-resistant, Long-lasting. Glossy high shine Nail Enamel / Polish for women.       ",Nail paint,SUGAR POP,All,https://www.amazon.in/sspa/click?ie=UTF8&spc=MTo4NTg3MDIxODQxMTE1MTg1OjE2ODA3MTA0Nzg6c3BfYnRmOjIwMTIwMDE3OTE1ODk4OjowOjo&url=%2FSUGAR-POP-Nail-Lacquer-Chip-resistant%2Fdp%2FB09WZX3TYZ%2Fref%3Dsr_1_59_sspa%3Fkeywords%3DNail%2Bpaint%26qid%3D1680710478%26sr%3D8-59-spons%26sp_csd%3Dd2lkZ2V0TmFtZT1zcF9idGY%26psc%3D1,,
        OPI Nail Polish Mini- Como se llama       ,Nail paint,O.P.I,All,https://www.amazon.in/sspa/click?ie=UTF8&spc=MTo4NTg3MDIxODQxMTE1MTg1OjE2ODA3MTA0Nzg6c3BfYnRmOjIwMTI3NTU0MDI3OTk4OjowOjo&url=%2FNail-Polish-Mini-Como-llama%2Fdp%2FB0B88S66GV%2Fref%3Dsr_1_60_sspa%3Fkeywords%3DNail%2Bpaint%26qid%3D1680710478%26sr%3D8-60-spons%26sp_csd%3Dd2lkZ2V0TmFtZT1zcF9idGY%26psc%3D1,,
"        MyGlamm Popxo Makeup Collection, Hustlin' Mini Nail Kit, Paraben Free, Long Lasting Formula, 5 in 1 Combo       ",Nail paint,MyGlamm,All,https://www.amazon.in/sspa/click?ie=UTF8&spc=MTo3ODM0Mzk0MjU2MjQzODcxOjE2ODA3MTA3NTk6c3BfYXRmX25leHQ6MjAwNzMzNjU3NjI5MDg6OjA6Og&url=%2FMyGlamm-Collection-Hustlin-Paraben-Lasting%2Fdp%2FB09G765N6Y%2Fref%3Dsr_1_49_sspa%3Fkeywords%3DNail%2Bpaint%26qid%3D1680710759%26sr%3D8-49-spons%26sp_csd%3Dd2lkZ2V0TmFtZT1zcF9hdGZfbmV4dA%26psc%3D1,,
        FACESCANADA Need Sunglasses 16 Quick Drying Glossy Finish Long Lasting No Chip Formula High Shine Nail Polish For Women Smooth Application No Harmful Chemicals 8 Ml       ,Nail paint,FACESCANADA,All,https://www.amazon.in/sspa/click?ie=UTF8&spc=MTo3ODM0Mzk0MjU2MjQzODcxOjE2ODA3MTA3NTk6c3BfYXRmX25leHQ6MjAwOTE5NDk3Mjc2OTg6OjA6Og&url=%2FFaces-Splash-Nail-Enamel-Sunglasses%2Fdp%2FB0853LG3NR%2Fref%3Dsr_1_50_sspa%3Fkeywords%3DNail%2Bpaint%26qid%3D1680710759%26sr%3D8-50-spons%26sp_csd%3Dd2lkZ2V0TmFtZT1zcF9hdGZfbmV4dA%26psc%3D1,,
        Facescanada Ultime Pro Splash Nail Enamel I Quick-Drying I Longlasting I Chip-Defiant I Smooth Application I Glossy Finish I Viola 41 5Ml       ,Nail paint,FACESCANADA,All,https://www.amazon.in/sspa/click?ie=UTF8&spc=MTo3ODM0Mzk0MjU2MjQzODcxOjE2ODA3MTA3NTk6c3BfYXRmX25leHQ6MjAwOTE5NTUzMDg5OTg6OjA6Og&url=%2FFACESCANADA-Quick-drying-Longlasting-Chip-defiant-application%2Fdp%2FB0B68T8RHN%2Fref%3Dsr_1_51_sspa%3Fkeywords%3DNail%2Bpaint%26qid%3D1680710759%26sr%3D8-51-spons%26sp_csd%3Dd2lkZ2V0TmFtZT1zcF9hdGZfbmV4dA%26psc%3D1,,
"        SUGAR POP Nail Lacquer - 01 Spring Bloom (Icy Pink) – 10 ml - Dries in 45 seconds - Quick-drying, Chip-resistant, Long-lasting. Glossy high shine Nail Enamel / Polish for women.       ",Nail paint,SUGAR POP,All,https://www.amazon.in/sspa/click?ie=UTF8&spc=MTo3ODM0Mzk0MjU2MjQzODcxOjE2ODA3MTA3NTk6c3BfYXRmX25leHQ6MjAxMjAwMTc5MTU0OTg6OjA6Og&url=%2FSUGAR-POP-Nail-Lacquer-Chip-resistant%2Fdp%2FB09WZYVP8G%2Fref%3Dsr_1_52_sspa%3Fkeywords%3DNail%2Bpaint%26qid%3D1680710759%26sr%3D8-52-spons%26sp_csd%3Dd2lkZ2V0TmFtZT1zcF9hdGZfbmV4dA%26psc%3D1,,
"        DeBelle Gel Nail Polish Magnetic Maya (Majenta Pink Nail Paint), 6ml | Non UV - Gel Finish | Seaweed Enriched Formula | Long Lasting Nail Paint | Cruelty & Toxic Free |       ",Nail paint,DeBelle,All,https://www.amazon.in/DeBelle-Polish-Magnetic-Majenta-Paint/dp/B0BD7H3DMN/ref=sr_1_53?keywords=Nail+paint&qid=1680710759&sr=8-53,,
"        SUGAR POP Nail Lacquer - 08 Silk Stockings (Cool-toned Nude) – 10 ml - Dries in 45 seconds - Quick-drying, Chip-resistant, Long-lasting. Glossy high shine Nail Enamel / Polish for women.       ",Nail paint,SUGAR POP,All,https://www.amazon.in/SUGAR-POP-Nail-Lacquer-Chip-resistant/dp/B09WZXQQZW/ref=sr_1_54?keywords=Nail+paint&qid=1680710759&sr=8-54,,
"        BAD COMPANY No Toxin Nail Lacquer, Long Lasting, Chip Resistant, Vegan, Quick Dry & Cruelty-Free Glossy Finish Nail Paint Enamel (Gorgeous Brown - 74) 10ml       ",Nail paint,BAD COMPANY,All,https://www.amazon.in/BAD-COMPANY-Toxin-Lacquer-Polish/dp/B08Q3C3CML/ref=sr_1_55?keywords=Nail+paint&qid=1680710759&sr=8-55,,
"        JUICE Quick-dry, 100% Veg & Cruelty Free Nail Paint I Long Lasting, Chip Resistant, Nail Polish for Women, Gel Finish, High Gloss, F&D APPROVED COLORS & PIGMENTS, Nail Kit, 3 in 1 Combo 12, Shimmer       ",Nail paint,JUICE,All,https://www.amazon.in/Juice-Nail-Polish-Berry-Shimmer/dp/B07TWY7NFP/ref=sr_1_56?keywords=Nail+paint&qid=1680710759&sr=8-56,,
"        JUICE Quick-dry, 100% Veg & Cruelty Free Nail Paint | Long Lasting, Chip Resistant, Nail Polish for Women, Gel Finish, High Gloss, F&D APPROVED COLORS & PIGMENTS, Nail Kit, 3 in 1 Combo 28, Shimmer       ",Nail paint,JUICE,All,https://www.amazon.in/Polish-Sparkling-Pearly-SHIMMER-COMBO_28/dp/B07TWYGSF1/ref=sr_1_57?keywords=Nail+paint&qid=1680710759&sr=8-57,,
"        Swiss Beauty SB-MS60 High Shine Glitter Nail Polish Shade 10 - High Coverage and Shine, Classy Look, Chip-Resistant Formula, Nail Paint       ",Nail paint,SWISS BEAUTY,All,https://www.amazon.in/Swiss-Beauty-SB-MS60-Glitter-Polish/dp/B085757CMW/ref=sr_1_58?keywords=Nail+paint&qid=1680710759&sr=8-58,,
"        JUICE Quick-dry, Long Lasting, Chip Resistant, Gel Finish, High Gloss, F&D APPROVED COLORS & PIGMENTS, 3 in 1 Nail Polish Combo_1       ",Nail paint,JUICE,All,https://www.amazon.in/Juice-Nail-Polish-Pack-Tickle/dp/B07TVQ4R1N/ref=sr_1_59?keywords=Nail+paint&qid=1680710759&sr=8-59,,
"        JUICE Quick-dry, Nail Paint, Long Lasting, Chip Resistant, High Gloss, F&D APPROVED COLORS&PIGMENTS, One Coat | Periwinkle Blue - 81       ",Nail paint,JUICE,All,https://www.amazon.in/JUICE-Quick-dry-Resistant-Periwinkle-Blue/dp/B0BPHGC7CR/ref=sr_1_60?keywords=Nail+paint&qid=1680710759&sr=8-60,,
"        DeBelle Gel Nail Polish Lacquer Glamorous Jessica (Light Mauve), 6ml | Non UV - Gel Finish | Seaweed Enriched Formula | Long Lasting Nail Paint | Cruelty & Toxic Free |       ",Nail paint,DeBelle,All,https://www.amazon.in/DeBelle-Lacquer-Glamorous-Jessica-Light/dp/B0B2WYK5XK/ref=sr_1_61?keywords=Nail+paint&qid=1680710759&sr=8-61,,
        Verymiss Premium Non Uv Gel Nail Polish | Smooth Application | Quick Drying | Ultra Long Lasting | Vegan | Paraben Free | Harmful Toxic Free | Glossy Finish | 6 Ml | 206 Pearl White       ,Nail paint,VERYMISS,All,https://www.amazon.in/Verymiss-Premium-Gel-Nail-Polish/dp/B07KK5CTWY/ref=sr_1_62?keywords=Nail+paint&qid=1680710759&sr=8-62,,
"        Miss Nails 15 Toxic Free Long Lasting Nail Paint Polish Collection (10 ml ) (White Ambition), 10 ml (Pack of 1) (Mirror Foil)       ",Nail paint,Miss Nails,All,https://www.amazon.in/Miss-Nails-Lasting-Collection-Ambition/dp/B09D9P2DSQ/ref=sr_1_63?keywords=Nail+paint&qid=1680710759&sr=8-63,,
"        SERY Color Flirt Nail Paint Glitter, High Glossy shine, Chip-Resistant, 6 days long lasting, Enriched with Avocado oil and Vitamin E, Gold Sheen, Gold Glitter, 10ML       ",Nail paint,SERY,All,https://www.amazon.in/SERY-Glitter-Chip-Resistant-lasting-Enriched/dp/B09N3J3D4Q/ref=sr_1_64?keywords=Nail+paint&qid=1680710759&sr=8-64,,
"        JUICE #SHINE Neutrals | High Gloss, Chip Resistant, Gel Effect, Upto 80% more pigmented for Intense colour | Nail Polish Combo 5 in 1 | Nail Paint       ",Nail paint,JUICE,All,https://www.amazon.in/JUICE-Neutrals-Resistant-pigmented-Intense/dp/B0BLST6BJ4/ref=sr_1_65?keywords=Nail+paint&qid=1680710759&sr=8-65,,
"        Revlon Colorstay Gel Envy Long Wear Nail Enamel, Pastel Pink Card Shark, 11.7ml       ",Nail paint,REVLON,All,https://www.amazon.in/Revlon-Colorstay-Enamel-Pastel-11-7ml/dp/B078FBX4BT/ref=sr_1_66?keywords=Nail+paint&qid=1680710759&sr=8-66,,
        DeBelle Gel Nail Polish Ophelia (Lavender with Holo Glitter Sugar Finish Nail Paint)|Non UV - Gel Finish |Chip Resistant | Seaweed Enriched Formula| Long Lasting|Cruelty and Toxic Free| 8ml       ,Nail paint,DeBelle,All,https://www.amazon.in/DeBelle-Nail-Polish-Ophelia-Lavender/dp/B08R8ZYHBW/ref=sr_1_67?keywords=Nail+paint&qid=1680710759&sr=8-67,,
"        JUICE Quick-dry, 100% Veg & Cruelty Free Nail Paint I Long Lasting, Chip Resistant, Nail Polish for Women, High Gloss, F&D APPROVED COLORS & PIGMENTS, One Coat Nail Paint (SHIRAZ BROWN - 69)       ",Nail paint,JUICE,All,https://www.amazon.in/JUICE-Quick-dry-Resistant-SHIRAZ-BROWN/dp/B0BMXJM35L/ref=sr_1_68?keywords=Nail+paint&qid=1680710759&sr=8-68,,
        SUGAR POP Nail Lacquers Glitter – 01 Rose Quartz (Pink Glitter) | Dries in 45 seconds |Chip-resistant | Glossy Finish | High Shine | Glitter Nail Polish for Women       ,Nail paint,SUGAR POP,All,https://www.amazon.in/sspa/click?ie=UTF8&spc=MTo3ODM0Mzk0MjU2MjQzODcxOjE2ODA3MTA3NTk6c3BfbXRmOjIwMTIyODYwMDczNjk4OjowOjo&url=%2FSUGAR-POP-Nail-Lacquers-Glitter%2Fdp%2FB0BVVX12TV%2Fref%3Dsr_1_69_sspa%3Fkeywords%3DNail%2Bpaint%26qid%3D1680710759%26sr%3D8-69-spons%26sp_csd%3Dd2lkZ2V0TmFtZT1zcF9tdGY%26psc%3D1,,
"        JUICE #SHINE The Basics | High Gloss, Chip Resistant, Gel Effect, Upto 80% more pigmented for Intense Colour | Nail Polish Combo 5 in 1       ",Nail paint,JUICE,All,https://www.amazon.in/sspa/click?ie=UTF8&spc=MTo3ODM0Mzk0MjU2MjQzODcxOjE2ODA3MTA3NTk6c3BfbXRmOjIwMTI4MDAzOTMzOTk4OjowOjo&url=%2FJUICE-Basics-Resistant-pigmented-Intense%2Fdp%2FB0BLSS2DGX%2Fref%3Dsr_1_70_sspa%3Fkeywords%3DNail%2Bpaint%26qid%3D1680710759%26sr%3D8-70-spons%26sp_csd%3Dd2lkZ2V0TmFtZT1zcF9tdGY%26psc%3D1,,
        LoveChild Masaba - The Classics! - 19 Phool - Nail Enamel       ,Nail paint,Lovechild Masaba,All,https://www.amazon.in/sspa/click?ie=UTF8&spc=MTo3ODM0Mzk0MjU2MjQzODcxOjE2ODA3MTA3NTk6c3BfbXRmOjIwMTAwNTIyODExODk4OjowOjo&url=%2FLoveChild-Masaba-Classics-Phool-Enamel%2Fdp%2FB0BFR89ZL3%2Fref%3Dsr_1_71_sspa%3Fkeywords%3DNail%2Bpaint%26qid%3D1680710759%26sr%3D8-71-spons%26sp_csd%3Dd2lkZ2V0TmFtZT1zcF9tdGY%26psc%3D1,,
        OPI Nail Polish Mini- Alpaca my bags       ,Nail paint,O.P.I,All,https://www.amazon.in/sspa/click?ie=UTF8&spc=MTo3ODM0Mzk0MjU2MjQzODcxOjE2ODA3MTA3NTk6c3BfbXRmOjIwMTI3NTU0MDI4MDk4OjowOjo&url=%2FNail-Polish-Mini-Alpaca-bags%2Fdp%2FB0B88PWGKF%2Fref%3Dsr_1_72_sspa%3Fkeywords%3DNail%2Bpaint%26qid%3D1680710759%26sr%3D8-72-spons%26sp_csd%3Dd2lkZ2V0TmFtZT1zcF9tdGY%26psc%3D1,,
"        JUICE Quick-dry, Long Lasting, Chip Resistant, Nail Polish for Women, Gel Finish, High Gloss, F&D APPROVED COLORS & PIGMENTS Nail Kit, 3 in 1 Combo 10       ",Nail paint,JUICE,All,https://www.amazon.in/Polish-Purple-Silverish-SHIMMER-COMBO_10/dp/B07TWSXMV1/ref=sr_1_73?keywords=Nail+paint&qid=1680710759&sr=8-73,,
"        Swiss Beauty Nail Paint, Shade-36, 10ml       ",Nail paint,SWISS BEAUTY,All,https://www.amazon.in/Swiss-Beauty-Nail-Paint-Shade-36/dp/B08FX6CVS6/ref=sr_1_75?keywords=Nail+paint&qid=1680710759&sr=8-75,,
"        Nail Polish Set for Women Glossy Finish Nail Paints Long Lasting Enamel Multi-Color Black, White, Transparent and Silver Glitter Paints for Daily Use Nail Art Latex-Free Quick Dry Formula (Set of 4)       ",Nail paint,Calitate24,All,https://www.amazon.in/Lasting-Multi-Color-Transparent-Glitter-Latex-Free/dp/B09SQ7YFZ4/ref=sr_1_76?keywords=Nail+paint&qid=1680710759&sr=8-76,,
        Eod 6Ml Each Glossy Finish Shine Long Lasting Nail Polish Paint Set Of 12 Bottles Tomato Red::Black::Extra Shine Top Coat::Baby Pink::Old Brick::Pink Peach::Nude::Dark Nude(Pack Of 12)       ,Nail paint,EOD,All,https://www.amazon.in/EOD-Glossy-Lasting-Polish-Bottles/dp/B08NXGWJQC/ref=sr_1_77?keywords=Nail+paint&qid=1680710759&sr=8-77,,
        DeBelle Gel Nail Polish Aqua Frenzy (Metallic Sky Blue Nail Paint)|Non UV - Gel Finish |Chip Resistant | Seaweed Enriched Formula| Long Lasting|Cruelty and Toxic Free| 8ml       ,Nail paint,DeBelle,All,https://www.amazon.in/DeBelle-Nail-Polish-Frenzy-Metallic/dp/B091YBPQ1Y/ref=sr_1_78?keywords=Nail+paint&qid=1680710759&sr=8-78,,
"        JUICE #SHINE | High Gloss, Chip Resistant, Gel Effect, Upto 80% more pigmented for Intense colour | Vegan & Cruelty Free | Nail Polish | Long Lasting Nail Paint (Shade - 31)       ",Nail paint,JUICE,All,https://www.amazon.in/JUICE-Resistant-pigmented-Intense-Cruelty/dp/B0BMG8J145/ref=sr_1_79?keywords=Nail+paint&qid=1680710759&sr=8-79,,
"        JUICE #SHINE Royal Nudes | High Gloss, Chip Resistant, Gel Effect, Upto 80% more pigmented for Intense colour | Nail Polish Combo 3 in 1 | Long Lasting Nail Paint       ",Nail paint,JUICE,All,https://www.amazon.in/JUICE-Resistant-pigmented-Intense-Lasting/dp/B0BLS8K5Q1/ref=sr_1_80?keywords=Nail+paint&qid=1680710759&sr=8-80,,
"        Princess By RENEE Bubbles Nail Paint for Pre-teens Girls, Water-based Crafted in Japan Alcohol-free, Soap-washable Gentle Formula For Young Girls, Cruelty-free & Vegan, Red Riddle 5ml       ",Nail paint,RENEE,All,https://www.amazon.in/RENEE-Bubbles-Nail-Alcohol-free-Soap-washable/dp/B0BCF3H8B2/ref=sr_1_81?keywords=Nail+paint&qid=1680710759&sr=8-81,,
"        Revlon Nail Enamel, Red Fiesta, 8ml       ",Nail paint,REVLON,All,https://www.amazon.in/Revlon-Nail-Enamel-Red-Fiesta/dp/B017HEXJKE/ref=sr_1_82_mod_primary_new?keywords=Nail+paint&qid=1680710759&sbo=RZvfv%2F%2FHxDF%2BO5021pAnSA%3D%3D&sr=8-82,,
"        Elle 18 Nail Pops Nail Colour - Shade 35, 5ml Bottle       ",Nail paint,Elle 18,All,https://www.amazon.in/Elle-18-Nail-Pops-Colour/dp/B07CMKJ18V/ref=sr_1_83?keywords=Nail+paint&qid=1680710759&sr=8-83,,
"        SUGAR POP Nail Lacquer - 10 Call Me Hot (Fuschia Pink) – 10 ml - Dries in 45 seconds - Quick-drying, Chip-resistant, Long-lasting. Glossy high shine Nail Enamel / Polish for women.       ",Nail paint,SUGAR POP,All,https://www.amazon.in/SUGAR-POP-Nail-Lacquer-Chip-resistant/dp/B09WZY9DCV/ref=sr_1_84?keywords=Nail+paint&qid=1680710759&sr=8-84,,
        DeBelle Gel Nail Polish Chrome Silver (Metallic Silver Nail Paint)|Non UV - Gel Finish |Chip Resistant | Seaweed Enriched Formula| Long Lasting|Cruelty and Toxic Free| 8ml       ,Nail paint,DeBelle,All,https://www.amazon.in/DeBelle-Metallic-Silver-Nail-Polish/dp/B07BWBNGG3/ref=sr_1_85?keywords=Nail+paint&qid=1680710759&sr=8-85,,
"        JUICE Quick-Dry Nail Paint, Long Lasting, Chip Resistant, Glossy Finish, High Gloss, F&D Approved Colors & Pigments, Nail Kit, 5 In 1 Combo 13, 33ml       ",Nail paint,JUICE,All,https://www.amazon.in/Juice-Nail-Polish-Beige-Blonde/dp/B07TVVMKPG/ref=sr_1_86?keywords=Nail+paint&qid=1680710759&sr=8-86,,
        FYORR Long Lasting And Pigmented Nail Polish Enamel Color (Golden Golden) (15ml)       ,Nail paint,FYORR,All,https://www.amazon.in/FYORR-Daimond-Golden-Lasting-Glitter/dp/B082NRF72K/ref=sr_1_87?keywords=Nail+paint&qid=1680710759&sr=8-87,,
"        Blue Heaven Bling Nail Paint, Pink Flash - 05, 8gm       ",Nail paint,Blue Heaven,All,https://www.amazon.in/Blue-Heaven-Bling-Paint-Flash/dp/B0BLW5NNJ6/ref=sr_1_88?keywords=Nail+paint&qid=1680710759&sr=8-88,,
        Bella Voste Gel Shine Nail Paints | Quick Drying Formula | Paraben Free & No Harmful Chemicals| Vegan | Lasting for 7 Days & more | High Shine Formula with Smooth & Easy Application (R05)       ,Nail paint,Bella Voste,All,https://www.amazon.in/Bella-Voste-Formula-Chemicals-Application/dp/B0BY4SD9JH/ref=sr_1_90?keywords=Nail+paint&qid=1680710759&sr=8-90,,
        LoveChild Masaba - The Classics! - 10 Chaand - Nail Enamel       ,Nail paint,Lovechild Masaba,All,https://www.amazon.in/LoveChild-Masaba-Classics-Chaand-Enamel/dp/B0BFR9BV8Q/ref=sr_1_91?keywords=Nail+paint&qid=1680710759&sr=8-91,,
"        FACES CANADA Ultime Pro Splash Luxe Nail Enamel - Heliotrope (L13), 12ml | Glossy Finish | Quick Drying | Long Lasting | High Shine | Chip Defiant | Even-Finish | Vegan | Non-Toxic | Ethanol-Free       ",Nail paint,Faces,All,https://www.amazon.in/FACES-CANADA-Ultime-Splash-Enamel/dp/B0BVZH3FTD/ref=sr_1_92?keywords=Nail+paint&qid=1680710759&sr=8-92,,
        DeBelle Gel Nail Polish Fuschia Rose (Bright Pink Nail Paint)|Non UV - Gel Finish |Chip Resistant | Seaweed Enriched Formula| Long Lasting|Cruelty and Toxic Free| 8ml       ,Nail paint,DeBelle,All,https://www.amazon.in/DeBelle-Nail-Polish-Fuschia-Rose/dp/B091Y2S4T6/ref=sr_1_93?keywords=Nail+paint&qid=1680710759&sr=8-93,,
"        PRAUSH (Formerly Plume) ColorPlay 5-in-1 Nail Paint Combo Kit (25 ml),The Poppin Gang | Quick Drying | Long Lasting | Chemical Free |       ",Nail paint,PRAUSH BEAUTY,All,https://www.amazon.in/PRAUSH-Formerly-ColorPlay-Lasting-Chemical/dp/B0BRCQDR6Z/ref=sr_1_94?keywords=Nail+paint&qid=1680710759&sr=8-94,,
        DeBelle Gel Nail Polish Royale Cocktail (Turquoise Blue Nail Paint)|Non UV - Gel Finish |Chip Resistant | Seaweed Enriched Formula| Long Lasting|Cruelty and Toxic Free| 8ml       ,Nail paint,DeBelle,All,https://www.amazon.in/DeBelle-Gel-Nail-Polish-Turquoise/dp/B091Y1MLWF/ref=sr_1_95?keywords=Nail+paint&qid=1680710759&sr=8-95,,
"        Lakme True Wear Nail Polish, Reds and Maroons 401, Long Lasting Gel Nail Paint for Women - Glossy Finish, Chip Resistant Nails, 9 ml & Lakmé True Wear Nail Color, Pinks N238, 9ml       ",Nail paint,LAKMÉ,All,https://www.amazon.in/Lakme-Polish-Maroons-Lasting-Paint/dp/B0B8ZS7QL5/ref=sr_1_96?keywords=Nail+paint&qid=1680710759&sr=8-96,,
"        SUGAR POP Nail Lacquer - 09 Lilac Rush (Lilac) – 10 ml - Dries in 45 seconds - Quick-drying, Chip-resistant, Long-lasting. Glossy high shine Nail Enamel / Polish for women.       ",Nail paint,SUGAR POP,All,https://www.amazon.in/SUGAR-POP-Nail-Lacquer-Chip-resistant/dp/B09WZX8PX5/ref=sr_1_97?keywords=Nail+paint&qid=1680710759&sr=8-97,,
"        Revson Nail Lacquer | 6 ml | Long-Lasting, Matte Nail Polish | Fast Drying, Chip Resistant For Women (Pack of 6)       ",Nail paint,Generic,All,https://www.amazon.in/Revson-Lacquer-Long-Lasting-Polish-Resistant/dp/B0BHZS517P/ref=sr_1_98?keywords=Nail+paint&qid=1680710759&sr=8-98,,
"        EOD Gloss Pop Shine Long Stay Glossy Nail Paint Polish Set , 6ml each (Red, Pink, Grey, Green, Nude, Light Pink, Brown, Mauve ) - Combo Pack of 12 Pieces       ",Nail paint,EOD,All,https://www.amazon.in/EOD-Gloss-Shine-Glossy-Polish/dp/B08P4WR17N/ref=sr_1_99?keywords=Nail+paint&qid=1680710759&sr=8-99,,
"        SUGAR POP Nail Lacquer - 21 Black Berry (Black) – 10 ml - Dries in 45 seconds - Quick-drying, Chip-resistant, Long-lasting. Glossy high shine Nail Enamel / Polish for women.       ",Nail paint,SUGAR POP,All,https://www.amazon.in/SUGAR-POP-Nail-Lacquer-Chip-resistant/dp/B09WZWT1PC/ref=sr_1_100?keywords=Nail+paint&qid=1680710759&sr=8-100,,
        FACESCANADA Ultime Pro Splash Nail Enamel I Quick-drying I Longlasting I Chip-defiant I Smooth application I Black Beauty 15 5ml       ,Nail paint,FACESCANADA,All,https://www.amazon.in/FACESCANADA-Quick-drying-Longlasting-Chip-defiant-application/dp/B0B5Y3ZF7D/ref=sr_1_101?keywords=Nail+paint&qid=1680710759&sr=8-101,,
        DeBelle Gel Nail Polish Matcha Cookie (Parrot Green Nail Paint)|Non UV - Gel Finish |Chip Resistant | Seaweed Enriched Formula| Long Lasting|Cruelty and Toxic Free| 8ml       ,Nail paint,DeBelle,All,https://www.amazon.in/DeBelle-Nail-Lacquer-Matcha-Cookie/dp/B09B58946M/ref=sr_1_102?keywords=Nail+paint&qid=1680710759&sr=8-102,,
        MyGlamm Wandurlust Sand Matt Nail Paint-Baklava (Peach)-11 ml | Long-lasting Sand Matte Nail Polish       ,Nail paint,MyGlamm,All,https://www.amazon.in/MyGlamm-Wanderlust-Sand-Matt-Paint/dp/B087S1YFGZ/ref=sr_1_103?keywords=Nail+paint&qid=1680710759&sr=8-103,,
"        NUGEL Quick-dry, Long Lasting, Chip Resistant, Gel Finish, High Gloss, F&D APPROVED COLORS & PIGMENTS Nail Kit, 3 in 1 Nude Collection (BASICS)       ",Nail paint,NUGEL,All,https://www.amazon.in/Nugel-Polish-Basic-Lacquer-Combo/dp/B081ZF4826/ref=sr_1_104?keywords=Nail+paint&qid=1680710759&sr=8-104,,
        Belora Paris Breathable Made Safe Longstay Nail Polish | Quick Drying | Nail Paint | Non toxic |No yellow nails| Vegan-16 Vampire Blood       ,Nail paint,Belora,All,https://www.amazon.in/sspa/click?ie=UTF8&spc=MTo3ODM0Mzk0MjU2MjQzODcxOjE2ODA3MTA3NTk6c3BfYnRmOjIwMTA4MDgwNDg1MTk4OjowOjo&url=%2FBelora-Breathable-Longstay-Vegan-16-Vampire%2Fdp%2FB09SZ9RC3D%2Fref%3Dsr_1_105_sspa%3Fkeywords%3DNail%2Bpaint%26qid%3D1680710759%26sr%3D8-105-spons%26sp_csd%3Dd2lkZ2V0TmFtZT1zcF9idGY%26psc%3D1,,
"        JUICE #SHINE Glitter Girls | High Gloss, Chip Resistant, Gel Effect, Upto 80% more pigmented for Intense colour | Nail Polish Combo 3 in 1 | Long Lasting Nail Paint       ",Nail paint,JUICE,All,https://www.amazon.in/sspa/click?ie=UTF8&spc=MTo3ODM0Mzk0MjU2MjQzODcxOjE2ODA3MTA3NTk6c3BfYnRmOjIwMTI4MDAzOTM0NDk4OjowOjo&url=%2FJUICE-Glitter-Resistant-pigmented-Intense%2Fdp%2FB0BLSCBBX8%2Fref%3Dsr_1_106_sspa%3Fkeywords%3DNail%2Bpaint%26qid%3D1680710759%26sr%3D8-106-spons%26sp_csd%3Dd2lkZ2V0TmFtZT1zcF9idGY%26psc%3D1,,
        OPI Nail Polish Mini- I love you just be cusco       ,Nail paint,O.P.I,All,https://www.amazon.in/sspa/click?ie=UTF8&spc=MTo3ODM0Mzk0MjU2MjQzODcxOjE2ODA3MTA3NTk6c3BfYnRmOjIwMTI3NTU0MDI4MTk4OjowOjo&url=%2FNail-Polish-Mini-love-cusco%2Fdp%2FB0B88QYDX6%2Fref%3Dsr_1_107_sspa%3Fkeywords%3DNail%2Bpaint%26qid%3D1680710759%26sr%3D8-107-spons%26sp_csd%3Dd2lkZ2V0TmFtZT1zcF9idGY%26psc%3D1,,
        Gleevia Color Changing UV Gel Polish for Professionals 15ml Brush Cap Shade CC2       ,Nail paint,Gleevia,All,https://www.amazon.in/sspa/click?ie=UTF8&spc=MTo3ODM0Mzk0MjU2MjQzODcxOjE2ODA3MTA3NTk6c3BfYnRmOjIwMTIwNjc4NDU0MTk4OjowOjo&url=%2FGleevia-Color-Changing-Polish-Professionals%2Fdp%2FB0B34T9Y24%2Fref%3Dsr_1_108_sspa%3Fkeywords%3DNail%2Bpaint%26qid%3D1680710759%26sr%3D8-108-spons%26sp_csd%3Dd2lkZ2V0TmFtZT1zcF9idGY%26psc%3D1,,
"        MyGlamm POPXO MINI NAIL KIT - BESTIE-Pretty Peach, Old S-cool, Cherry-ish You, Midnight Bae, Buddy Forever-Paraben Free, Long Lasting Formula, valentine gift set, 5 in 1 Combo(Pack of 5)       ",Nail paint,MyGlamm,All,https://www.amazon.in/sspa/click?ie=UTF8&spc=MTo1NDQxMDkzNTg3NjQ5MTM4OjE2ODA3MTEwMjU6c3BfYXRmX25leHQ6MjAwNzk2NjIxNzE2OTg6OjA6Og&url=%2FMyGlamm-POPXO-MINI-NAIL-Forever-Paraben%2Fdp%2FB0B9SXBLLF%2Fref%3Dsr_1_97_sspa%3Fkeywords%3DNail%2Bpaint%26qid%3D1680711025%26sr%3D8-97-spons%26sp_csd%3Dd2lkZ2V0TmFtZT1zcF9hdGZfbmV4dA%26psc%3D1,,
        FACESCANADA Viola 41 Quick Drying Glossy Finish Long Lasting No Chip Formula High Shine Nail Polish For Women Smooth Application No Harmful Chemicals 8 Ml       ,Nail paint,FACESCANADA,All,https://www.amazon.in/sspa/click?ie=UTF8&spc=MTo1NDQxMDkzNTg3NjQ5MTM4OjE2ODA3MTEwMjU6c3BfYXRmX25leHQ6MjAwOTE5NTUzMDc0OTg6OjA6Og&url=%2FFaces-Splash-Nail-Enamel-Viola%2Fdp%2FB0853LLFFL%2Fref%3Dsr_1_98_sspa%3Fkeywords%3DNail%2Bpaint%26qid%3D1680711025%26sr%3D8-98-spons%26sp_csd%3Dd2lkZ2V0TmFtZT1zcF9hdGZfbmV4dA%26psc%3D1,,
"        SUGAR POP Nail Lacquer - 11 Chocolate Treat (Brown Nude) – 10 ml - Dries in 45 seconds - Quick-drying, Chip-resistant, Long-lasting. Glossy high shine Nail Enamel / Polish for women.       ",Nail paint,SUGAR POP,All,https://www.amazon.in/sspa/click?ie=UTF8&spc=MTo1NDQxMDkzNTg3NjQ5MTM4OjE2ODA3MTEwMjU6c3BfYXRmX25leHQ6MjAxMjAwMTc5MTY0OTg6OjA6Og&url=%2FSUGAR-POP-Nail-Lacquer-Chip-resistant%2Fdp%2FB09WZXVR9L%2Fref%3Dsr_1_99_sspa%3Fkeywords%3DNail%2Bpaint%26qid%3D1680711025%26sr%3D8-99-spons%26sp_csd%3Dd2lkZ2V0TmFtZT1zcF9hdGZfbmV4dA%26psc%3D1,,
        FACESCANADA Linty 45 Quick Drying Glossy Finish Long Lasting No Chip Formula High Shine Nail Polish For Women Smooth Application No Harmful Chemicals 8 Ml       ,Nail paint,FACESCANADA,All,https://www.amazon.in/sspa/click?ie=UTF8&spc=MTo1NDQxMDkzNTg3NjQ5MTM4OjE2ODA3MTEwMjU6c3BfYXRmX25leHQ6MjAwNTg0NjI2NzcyOTg6OjA6Og&url=%2FFaces-Splash-Nail-Enamel-Linty%2Fdp%2FB0853LPTKG%2Fref%3Dsr_1_100_sspa%3Fkeywords%3DNail%2Bpaint%26qid%3D1680711025%26sr%3D8-100-spons%26sp_csd%3Dd2lkZ2V0TmFtZT1zcF9hdGZfbmV4dA%26psc%3D1,,
"        JUICE #SHINE Shade - 05 | High Gloss, Chip Resistant, Gel Effect, Upto 80% more pigmented for Intense colour | Vegan & Cruelty Free | Nail Polish | Long Lasting Nail Paint       ",Nail paint,JUICE,All,https://www.amazon.in/JUICE-SHINE-Shade-Resistant-pigmented/dp/B0BLSR9NWG/ref=sr_1_101?keywords=Nail+paint&qid=1680711025&sr=8-101,,
"        Blue Heaven Bling Nail Paint, Pink Angel - 06, 8gm       ",Nail paint,Blue Heaven,All,https://www.amazon.in/Blue-Heaven-Bling-Paint-Angel/dp/B0BLW51F4L/ref=sr_1_102?keywords=Nail+paint&qid=1680711025&sr=8-102,,
"        Lakmé True Wear Color Crush Nail Color, Pinks 19, 9 ml       ",Nail paint,LAKMÉ,All,https://www.amazon.in/Lakme-True-Color-Crush-Pinks/dp/B00791EJBY/ref=sr_1_103?keywords=Nail+paint&qid=1680711025&sr=8-103,,
"        Colorbar Vegan Nail Lacquer - Bluesome, 8ml       ",Nail paint,Colorbar,All,https://www.amazon.in/Colorbar-Vegan-Nail-Lacquer-Bluesome/dp/B09SPZC7YB/ref=sr_1_104?keywords=Nail+paint&qid=1680711025&sr=8-104,,
        Lotus Makeup Ecostay Nail Enamel - Candy Love | Pink | Long Lasting | Super Glossy | Chip Resistant | DBP & Toulene Free | Vegetarian | 10ml       ,Nail paint,Lotus Makeup,All,https://www.amazon.in/Lotus-Makeup-Ecostay-Nail-Enamel/dp/B096L599PC/ref=sr_1_105_mod_primary_new?keywords=Nail+paint&qid=1680711025&sbo=RZvfv%2F%2FHxDF%2BO5021pAnSA%3D%3D&sr=8-105,,
"        Colorbar Vegan Nail Lacquer - Snuggle, 8ml       ",Nail paint,Colorbar,All,https://www.amazon.in/Colorbar-Vegan-Nail-Lacquer-Snuggle/dp/B09SQ17NY9/ref=sr_1_106?keywords=Nail+paint&qid=1680711025&sr=8-106,,
"        Blue Heaven Bling Nail Paint, Smokey Night - 441, 8gm       ",Nail paint,Blue Heaven,All,https://www.amazon.in/Blue-Heaven-Bling-Paint-Smokey/dp/B0BLW64ZFN/ref=sr_1_107?keywords=Nail+paint&qid=1680711025&sr=8-107,,
"        Bad Company Nail Polish Set, No Toxin Nail Lacquer, Long Lasting, Chip Resistant Nail Paint Enamel, Glossy Finish, Combo Pack Of 2 (10Ml Each X 2) (Browns)       ",Nail paint,BAD COMPANY,All,https://www.amazon.in/BAD-COMPANY-Toxin-Lacquer-Browns/dp/B08WPXY2XV/ref=sr_1_108?keywords=Nail+paint&qid=1680711025&sr=8-108,,
        DeBelle Gel Nail Polish Starry Walnut (Glitter Dark Brown Nail Paint)|Non UV - Gel Finish |Chip Resistant | Seaweed Enriched Formula| Long Lasting|Cruelty and Toxic Free| 8ml       ,Nail paint,DeBelle,All,https://www.amazon.in/DeBelle-Lacquer-Starry-Walnut-Glitter/dp/B09M7GNC9T/ref=sr_1_109?keywords=Nail+paint&qid=1680711025&sr=8-109,,
"        JUICE Quick-dry, 100% Veg & Cruelty Free Nail Paint I Long Lasting, Chip Resistant, Nail Polish for Women, High Gloss, F&D APPROVED COLORS&PIGMENTS, One Coat Nail Paint | Pearly Lavender - 75       ",Nail paint,JUICE,All,https://www.amazon.in/JUICE-Quick-dry-Resistant-Pearly-Lavender/dp/B0BPHTMQK4/ref=sr_1_110?keywords=Nail+paint&qid=1680711025&sr=8-110,,
"        Revlon Nail Enamel, Cherry Berry, 8ml       ",Nail paint,REVLON,All,https://www.amazon.in/Revlon-Nail-Enamel-Cherry-Berry/dp/B00DGQW512/ref=sr_1_111?keywords=Nail+paint&qid=1680711025&sr=8-111,,
"        JUICE Quick-dry, Long Lasting, Chip Resistant, Gel Finish, High Gloss, F&D APPROVED COLORS & PIGMENTS Nail Polish | Zaffre - 116Your previous contribution: JUICE Quick-dry, 100% Veg & Cruelty Free Nail Paint I Long Lasting, Chip Resistant, Nail Polish for Women, High Gloss, F&D APPROVED COLORS&PIGMENTS, One Coat Nail Paint | Zaffre - 116       ",Nail paint,JUICE,All,https://www.amazon.in/JUICE-Quick-dry-Resistant-APPROVED-Zaffre/dp/B0BPH7J3LH/ref=sr_1_112?keywords=Nail+paint&qid=1680711025&sr=8-112,,
"        JUICE Quick-dry, Nail Paint, Long Lasting, Chip Resistant, High Gloss, F&D APPROVED COLORS&PIGMENTS, One Coat | Pearly Flint - 269       ",Nail paint,JUICE,All,https://www.amazon.in/JUICE-Quick-dry-Resistant-Pearly-Flint/dp/B0BPH34MF7/ref=sr_1_113?keywords=Nail+paint&qid=1680711025&sr=8-113,,
        Belora Paris Breathable Made Safe Longstay Nail Polish | Quick Drying | Nail Paint | Non toxic |No yellow nails| Vegan-16 Vampire Blood       ,Nail paint,Belora,All,https://www.amazon.in/Belora-Breathable-Longstay-Vegan-16-Vampire/dp/B09SZ9RC3D/ref=sr_1_114?keywords=Nail+paint&qid=1680711025&sr=8-114,,
"        JUICE Quick-dry, Nail Paint, Long Lasting, Chip Resistant, Gel Finish, High Gloss, F&D APPROVED COLORS & PIGMENTS, 3 in 1 Nail Polish Combo 07, Gloss       ",Nail paint,JUICE,All,https://www.amazon.in/Juice-Polish-Black-Cotton-COMBO_7/dp/B07TTPMTGC/ref=sr_1_116?keywords=Nail+paint&qid=1680711025&sr=8-116,,
        LoveChild Masaba - The Classics! - 20 Daastan - Nail Enamel       ,Nail paint,Lovechild Masaba,All,https://www.amazon.in/sspa/click?ie=UTF8&spc=MTo1NDQxMDkzNTg3NjQ5MTM4OjE2ODA3MTEwMjU6c3BfbXRmOjIwMTAwNTIyODEyMTk4OjowOjo&url=%2FLoveChild-Masaba-Classics-Daastan-Enamel%2Fdp%2FB0BFRC2P1B%2Fref%3Dsr_1_117_sspa%3Fkeywords%3DNail%2Bpaint%26qid%3D1680711025%26sr%3D8-117-spons%26sp_csd%3Dd2lkZ2V0TmFtZT1zcF9tdGY%26psc%3D1,,
        SUGAR POP Nail Lacquers Glitter – 06 Wedding Bells (Silver Glitter) | Dries in 45 seconds |Chip-resistant | Glossy Finish | High Shine | Glitter Nail Polish for Women       ,Nail paint,SUGAR POP,All,https://www.amazon.in/sspa/click?ie=UTF8&spc=MTo1NDQxMDkzNTg3NjQ5MTM4OjE2ODA3MTEwMjU6c3BfbXRmOjIwMTIyODYwMDc0MTk4OjowOjo&url=%2FSUGAR-POP-Nail-Lacquers-Glitter%2Fdp%2FB0BVVT1RRC%2Fref%3Dsr_1_118_sspa%3Fkeywords%3DNail%2Bpaint%26qid%3D1680711025%26sr%3D8-118-spons%26sp_csd%3Dd2lkZ2V0TmFtZT1zcF9tdGY%26psc%3D1,,
"        JUICE Quick-dry, 100% Veg & Cruelty Free Nail Paint | Long Lasting, Chip Resistant, Nail Polish for Women, Gel Finish, High Gloss, F&D APPROVED COLORS & PIGMENTS, Nail Kit, 3 in 1 Combo 28, Shimmer       ",Nail paint,JUICE,All,https://www.amazon.in/sspa/click?ie=UTF8&spc=MTo1NDQxMDkzNTg3NjQ5MTM4OjE2ODA3MTEwMjU6c3BfbXRmOjIwMDE2ODUyNDQ1MDk4OjowOjo&url=%2FPolish-Sparkling-Pearly-SHIMMER-COMBO_28%2Fdp%2FB07TWYGSF1%2Fref%3Dsr_1_119_sspa%3Fkeywords%3DNail%2Bpaint%26qid%3D1680711025%26sr%3D8-119-spons%26sp_csd%3Dd2lkZ2V0TmFtZT1zcF9tdGY%26psc%3D1,,
"        JUICE #SHINE Get Glow | High Gloss, Chip Resistant, Gel Effect, Upto 80% more pigmented for Intense colour | Nail Polish Combo 5 in 1 | Long Lasting Nail Paint       ",Nail paint,JUICE,All,https://www.amazon.in/sspa/click?ie=UTF8&spc=MTo1NDQxMDkzNTg3NjQ5MTM4OjE2ODA3MTEwMjU6c3BfbXRmOjIwMTI4MDAzOTMzODk4OjowOjo&url=%2FJUICE-Resistant-pigmented-Intense-Lasting%2Fdp%2FB0BLSPKYTZ%2Fref%3Dsr_1_120_sspa%3Fkeywords%3DNail%2Bpaint%26qid%3D1680711025%26sr%3D8-120-spons%26sp_csd%3Dd2lkZ2V0TmFtZT1zcF9tdGY%26psc%3D1,,
"        BANETION Nail Polish/Nail Paint Combo Set of 12 , Multicolor Nail Paint of 6 ml each (Multicolor-1)       ",Nail paint,BANETION,All,https://www.amazon.in/BANETION-Polish-Paint-Multicolor-Multicolor-1/dp/B08W58C9DS/ref=sr_1_121?keywords=Nail+paint&qid=1680711025&sr=8-121,,
"        Colorbar Vegan Nail Lacquer - Rapunzel, 8ml       ",Nail paint,Colorbar,All,https://www.amazon.in/Colorbar-Vegan-Nail-Lacquer-Rapunzel/dp/B09SQ2L5RV/ref=sr_1_122?keywords=Nail+paint&qid=1680711025&sr=8-122,,
"        JUICE Nail Polish Coral Sunset - 292 / Golden Orange - 249 / Firey Red - 208, Glossy Finish (Pack Of 3) 33ml       ",Nail paint,JUICE,All,https://www.amazon.in/Juice-Nail-Polish-Coral-Sunset/dp/B07TVVT3JH/ref=sr_1_123?keywords=Nail+paint&qid=1680711025&sr=8-123,,
"        DeBelle Gel Nail Polish Poise Nicole (Shimmer Dark Mauve Nail Paint), 6ml | Non UV - Gel Finish | Seaweed Enriched Formula | Long Lasting Nail Paint | Cruelty & Toxic Free |       ",Nail paint,DeBelle,All,https://www.amazon.in/DeBelle-Lacquer-Poise-Nicole-Shimmer/dp/B0B2X1YRSJ/ref=sr_1_124?keywords=Nail+paint&qid=1680711025&sr=8-124,,
"        Paaroots Nail Art Kit With 12 Artificial Nails With Tools And Glitters Nail Paints Home Salon Birthday Gift For Girls Little Girls, Kids (Random Cute Nail Designs)       ",Nail paint,Paaroots,All,https://www.amazon.in/Paaroots-Artificial-Glitters-Birthday-Designs/dp/B08DG1PS3K/ref=sr_1_125?keywords=Nail+paint&qid=1680711025&sr=8-125,,
        Bella Voste MATTE Nail Paints| Quick Drying Formula| Cruelty Free| No Harmful Chemicals| Vegan | Lasts for 7 Days & more|Chip Resistant | DEEP MATT Formula with Smooth & Easy Application (M03)       ,Nail paint,Bella Voste,All,https://www.amazon.in/Bella-Voste-Chemicals-Resistant-Application/dp/B0BY4X2736/ref=sr_1_126?keywords=Nail+paint&qid=1680711025&sr=8-126,,
        DeBelle Gel Nail Polish Scarlet Ruby (Pastel Burgundy Nail Paint)|Non UV - Gel Finish |Chip Resistant | Seaweed Enriched Formula| Long Lasting|Cruelty and Toxic Free| 8ml       ,Nail paint,DeBelle,All,https://www.amazon.in/DeBelle-Polish-Scarlet-Pastel-Burgundy/dp/B081V2SFNQ/ref=sr_1_127?keywords=Nail+paint&qid=1680711025&sr=8-127,,
        FABLO 6 Colors Nail Paint Nail Polish Set A 02 Summer-Winter ST 5-6       ,Nail paint,Fablo,All,https://www.amazon.in/FABLO-Colors-Paint-Polish-Summer-Winter/dp/B0B499YSBB/ref=sr_1_128?keywords=Nail+paint&qid=1680711025&sr=8-128,,
"        MyGlamm Wandurlust Matt Chrome Nail Paint-Laguna Beach (Purple)-11 ml | Nail Polish | Nail Paint | Long Lasting, Matte Finish       ",Nail paint,MyGlamm,All,https://www.amazon.in/MyGlamm-Wanderlust-Matt-Chrome-Paint/dp/B087S4D77C/ref=sr_1_129?keywords=Nail+paint&qid=1680711025&sr=8-129,,
        Revson Light Matte Nail Paint Glossy Matte Finish Combo Set of 12 Colours Each Bottle Contain 6ml       ,Nail paint,Revson,All,https://www.amazon.in/Revson-Glossy-Finish-Colours-Contain/dp/B08PBVCLK9/ref=sr_1_130?keywords=Nail+paint&qid=1680711025&sr=8-130,,
"        Lakmé Nail Color Remover, 27ml       ",Nail paint,LAKMÉ,All,https://www.amazon.in/Lakme-Nail-Color-Remover-27ml/dp/B006LXBF0E/ref=sr_1_131_mod_primary_new?keywords=Nail+paint&qid=1680711025&sbo=RZvfv%2F%2FHxDF%2BO5021pAnSA%3D%3D&sr=8-131,,
"        MI FASHION Nail Polish, Glossy Finish, Vanilla Nude, 15Ml       ",Nail paint,MI FASHION,All,https://www.amazon.in/MI-FASHION-Polish-Glossy-Vanilla/dp/B09B6J6BQ9/ref=sr_1_132?keywords=Nail+paint&qid=1680711025&sr=8-132,,
"        JUICE Quick-Dry, Nail Paint, Long Lasting, Chip Resistant, Glossy Finish, High Gloss, F&D Approved Colors & Pigments, Nail Polish Combo_25, Gloss, 33ml       ",Nail paint,JUICE,All,https://www.amazon.in/Juice-Nail-Polish-Pack-Baby/dp/B07TZ6D138/ref=sr_1_133?keywords=Nail+paint&qid=1680711025&sr=8-133,,
        COLORESSENCE REGULAR NAIL PAINT - MULBERRY       ,Nail paint,Coloressence,All,https://www.amazon.in/COLORESSENCE-REGULAR-NAIL-PAINT-MULBERRY/dp/B086RPC395/ref=sr_1_134?keywords=Nail+paint&qid=1680711025&sr=8-134,,
"        Mi Fashion Gloss Shine Nail Polish Combo Sets Of 4 Pcs, Glossy Finish, 12Ml Each Multicolor       ",Nail paint,MI FASHION,All,https://www.amazon.in/MI-Fashion-Professional-Summer-Spring/dp/B07QCGDXYW/ref=sr_1_135?keywords=Nail+paint&qid=1680711025&sr=8-135,,
        DeBelle Gel Nail Polish Classy Chloe(Dark Mauve with Micro Shimmer Nail Paint)| Non UV - Gel Finish |Chip Resistant | Seaweed Enriched Formula| Long Lasting|Cruelty and Toxic Free| 6ml       ,Nail paint,DeBelle,All,https://www.amazon.in/DeBelle-Polish-Classy-Chloe-Shimmer/dp/B0BD7GHQVK/ref=sr_1_136?keywords=Nail+paint&qid=1680711025&sr=8-136,,
"        OROMAC-Mar-S Mirror Finish Glass Nail Paint Bottle (Pack Of 4) With 1-Nail Polish Top Coat , Protective High- Gloss Shine(Free) {SET OF-B}       ",Nail paint,OROMAC,All,https://www.amazon.in/OROMAC-Mar-S-Mirror-Finish-Bottle-Protective/dp/B09FGTZ5H5/ref=sr_1_138?keywords=Nail+paint&qid=1680711025&sr=8-138,,
        MI FASHION Soft Smooth Matte Nail Polish Paint Set of 4 Long Lasting are Nude set (Pack of 4)       ,Nail paint,MI FASHION,All,https://www.amazon.in/MI-FASHION-Bundle-Polish-Lasting/dp/B08C9QKGBQ/ref=sr_1_141?keywords=Nail+paint&qid=1680711025&sr=8-141,,
        Coloressence Everyday Nail Paint Kit       ,Nail paint,Coloressence,All,https://www.amazon.in/Coloressence-Everyday-Nail-Paint-Kit/dp/B0BSTY4HDW/ref=sr_1_142?keywords=Nail+paint&qid=1680711025&sr=8-142,,
"        Makeup Mania Nail Polish Set, Velvet Matte Nail Paint Combo Set of 4 Pcs, Multicolor Nail Polish Combo 12 ml each bottle (Set # 70)       ",Nail paint,Makeup Mania,All,https://www.amazon.in/Makeup-Mania-Premium-Professional-Perfect/dp/B07R1Y285R/ref=sr_1_143?keywords=Nail+paint&qid=1680711025&sr=8-143,,
"        DeBelle Gel Nail Polish Combo Set of 2 Pretty Petunia(Rust Mauve Nail Paint), Hyacinth Folio(Bottle Green Nail Paint) - 16 ml (8 ml Each) Gift for women       ",Nail paint,DeBelle,All,https://www.amazon.in/DeBelle-Gel-Nail-Polish-Combo/dp/B092SMYXW8/ref=sr_1_144?keywords=Nail+paint&qid=1680711025&sr=8-144,,
"        Swiss Beauty SB-MS70 Super Shine Nail Polish Shade 32,12ml - High Smooth, Full Coverage, Rich Pigment, Trendy and Stylish Color, Nail Paint, Nail Lacquer       ",Nail paint,SWISS BEAUTY,All,https://www.amazon.in/Swiss-Beauty-Super-Polish-MS70-Shade-32/dp/B087BN3V57/ref=sr_1_145?keywords=Nail+paint&qid=1680711025&sr=8-145,,
"        DeBelle Gel Nail Polish Flamboyant Florina (Dark Pink Mauve Nail Paint), 6ml | Non UV - Gel Finish | Seaweed Enriched Formula | Long Lasting Nail Paint | Cruelty & Toxic Free |       ",Nail paint,DeBelle,All,https://www.amazon.in/DeBelle-Polish-Flamboyant-Florina-Mauve/dp/B0BD8BJF6N/ref=sr_1_146?keywords=Nail+paint&qid=1680711025&sr=8-146,,
"        JUICE Quick-dry, Nail Paint, Long Lasting, Chip Resistant, High Gloss, F&D APPROVED COLORS&PIGMENTS, One Coat | Desire Pink - D03       ",Nail paint,JUICE,All,https://www.amazon.in/JUICE-Quick-dry-Resistant-Desire-Pink/dp/B0BPHVZTXH/ref=sr_1_147?keywords=Nail+paint&qid=1680711025&sr=8-147,,
"        JUICE #SHINE | High Gloss, Chip Resistant, Gel Effect, Upto 80% more pigmented for Intense colour | Vegan & Cruelty Free | Nail Polish | Long Lasting Nail Paint (Shade - S18)       ",Nail paint,JUICE,All,https://www.amazon.in/JUICE-Resistant-pigmented-Intense-Cruelty/dp/B0BMGCXQ3M/ref=sr_1_149?keywords=Nail+paint&qid=1680711025&sr=8-149,,
        D.B.Z. ® Silver Spider Gel Polish Kit Nail Spider Gel Paint For Nail Art Polish Thin Brush Spider Nail Gel Art Paint For Nails Uv Led Nail Polish Drawing Painting       ,Nail paint,D.B.Z.,All,https://www.amazon.in/D-B-Z-Silver-Spider-Drawing-Painting/dp/B0BPP4RDW5/ref=sr_1_150?keywords=Nail+paint&qid=1680711025&sr=8-150,,
"        La Perla Nail Paint, Glossy Finish, Hot Red, 6Ml       ",Nail paint,La Perla,All,https://www.amazon.in/LaPerla-Hot-Red-Nail-Paint/dp/B07RZXNP93/ref=sr_1_151?keywords=Nail+paint&qid=1680711025&sr=8-151,,
        Revson Jari Nail Paint Semi Sparkle Finish Combo Set of 12 Colours Each Bottle Contain 6ml.       ,Nail paint,Revson,All,https://www.amazon.in/Revson-Sparkle-Finish-Colours-Contain/dp/B08PBV3FXR/ref=sr_1_152?keywords=Nail+paint&qid=1680711025&sr=8-152,,
"        Bad Company Nail Polish, No Toxin Nail Lacquer, Long Lasting, Chip Resistant, Vegan, Quick Dry & Cruelty-Free Nail Paint Enamel, Glossy Finish (I Believe In Me - 78) 10Ml       ",Nail paint,BAD COMPANY,All,https://www.amazon.in/sspa/click?ie=UTF8&spc=MTo1NDQxMDkzNTg3NjQ5MTM4OjE2ODA3MTEwMjU6c3BfYnRmOjIwMDc0MzE0MDcyMjAxOjowOjo&url=%2FBAD-COMPANY-Toxin-Lacquer-Polish%2Fdp%2FB08PFPCFNR%2Fref%3Dsr_1_153_sspa%3Fkeywords%3DNail%2Bpaint%26qid%3D1680711025%26sr%3D8-153-spons%26sp_csd%3Dd2lkZ2V0TmFtZT1zcF9idGY%26psc%3D1,,
        DeBelle Gel Nail Polish Roseate Gold (Metallic Rose Gold Nail Paint)|Non UV - Gel Finish |Chip Resistant | Seaweed Enriched Formula| Long Lasting|Cruelty and Toxic Free| 8ml       ,Nail paint,DeBelle,All,https://www.amazon.in/sspa/click?ie=UTF8&spc=MTo1NDQxMDkzNTg3NjQ5MTM4OjE2ODA3MTEwMjU6c3BfYnRmOjIwMTAxMjg2OTQ1NTk4OjowOjo&url=%2FDeBelle-Nail-Polish-Roseate-Metallic%2Fdp%2FB091XX5XZ5%2Fref%3Dsr_1_154_sspa%3Fkeywords%3DNail%2Bpaint%26qid%3D1680711025%26sr%3D8-154-spons%26sp_csd%3Dd2lkZ2V0TmFtZT1zcF9idGY%26psc%3D1,,
"        JUICE One Coat Nail Polish Combo No.27 Nude Collection, High Gloss, Chip Resistant, Quick Dry, Gel Effect, Shades : Sun Kissed / Dusty Coral / Camel GLOSS, 11ml each       ",Nail paint,JUICE,All,https://www.amazon.in/sspa/click?ie=UTF8&spc=MTo1NDQxMDkzNTg3NjQ5MTM4OjE2ODA3MTEwMjU6c3BfYnRmOjIwMDE2ODUyNDQ0MDk4OjowOjo&url=%2FJuice-Polish-Kissed-Dusty-COMBO_27%2Fdp%2FB07TY2KZKY%2Fref%3Dsr_1_155_sspa%3Fkeywords%3DNail%2Bpaint%26qid%3D1680711025%26sr%3D8-155-spons%26sp_csd%3Dd2lkZ2V0TmFtZT1zcF9idGY%26psc%3D1,,
        DeBelle Gel Nail Polish Majestique Mauve (Mauve Nail Paint)|Non UV - Gel Finish |Chip Resistant | Seaweed Enriched Formula| Long Lasting|Cruelty and Toxic Free| 8ml       ,Nail paint,DeBelle,All,https://www.amazon.in/sspa/click?ie=UTF8&spc=MTo1NDQxMDkzNTg3NjQ5MTM4OjE2ODA3MTEwMjU6c3BfYnRmOjIwMDk5MTQwNzM1MDk4OjowOjo&url=%2FDeBelle-Nail-Lacquer-Majestique-Mauve%2Fdp%2FB01JZHVY7G%2Fref%3Dsr_1_156_sspa%3Fkeywords%3DNail%2Bpaint%26qid%3D1680711025%26sr%3D8-156-spons%26sp_csd%3Dd2lkZ2V0TmFtZT1zcF9idGY%26psc%3D1,,
        MyGlamm POPxo Makeup Collection -Mini Nail Kit-Queenin'-5X3ml       ,Nail paint,MyGlamm,All,https://www.amazon.in/sspa/click?ie=UTF8&spc=MTo0MTc2MjIwMTI4OTYyMTExOjE2ODA3MTEyNTI6c3BfYXRmX25leHQ6MjAwNzQ4NzUwNTQ4OTg6OjA6Og&url=%2FMyGlamm-POPxo-Makeup-Collection-Kit-Queenin-5X3ml%2Fdp%2FB09Q3K6QWB%2Fref%3Dsr_1_145_sspa%3Fkeywords%3DNail%2Bpaint%26qid%3D1680711252%26sr%3D8-145-spons%26sp_csd%3Dd2lkZ2V0TmFtZT1zcF9hdGZfbmV4dA%26psc%3D1,,
        Faces Canada Splash Nail Enamel Ginger 37 8ml       ,Nail paint,FACESCANADA,All,https://www.amazon.in/sspa/click?ie=UTF8&spc=MTo0MTc2MjIwMTI4OTYyMTExOjE2ODA3MTEyNTI6c3BfYXRmX25leHQ6MjAwOTE5NDk3Mjc4OTg6OjA6Og&url=%2FFaces-Splash-Nail-Enamel-Ginger%2Fdp%2FB0853LWQY4%2Fref%3Dsr_1_146_sspa%3Fkeywords%3DNail%2Bpaint%26qid%3D1680711252%26sr%3D8-146-spons%26sp_csd%3Dd2lkZ2V0TmFtZT1zcF9hdGZfbmV4dA%26psc%3D1,,
"        SUGAR POP Nail Lacquer - 17 Mint marvel (Mint) – 10 ml - Dries in 45 seconds - Quick-drying, Chip-resistant, Long-lasting. Glossy high shine Nail Enamel / Polish for women.       ",Nail paint,SUGAR POP,All,https://www.amazon.in/sspa/click?ie=UTF8&spc=MTo0MTc2MjIwMTI4OTYyMTExOjE2ODA3MTEyNTI6c3BfYXRmX25leHQ6MjAxMjAwMTc5MTcwOTg6OjA6Og&url=%2FSUGAR-POP-Nail-Lacquer-Chip-resistant%2Fdp%2FB09WZXSD68%2Fref%3Dsr_1_147_sspa%3Fkeywords%3DNail%2Bpaint%26qid%3D1680711252%26sr%3D8-147-spons%26sp_csd%3Dd2lkZ2V0TmFtZT1zcF9hdGZfbmV4dA%26psc%3D1,,
        LoveChild Masaba - The Classics! - 01 Albela - Nail Enamel       ,Nail paint,Lovechild Masaba,All,https://www.amazon.in/sspa/click?ie=UTF8&spc=MTo0MTc2MjIwMTI4OTYyMTExOjE2ODA3MTEyNTI6c3BfYXRmX25leHQ6MjAxMDA1MjI4MTE5OTg6OjA6Og&url=%2FLoveChild-Masaba-Classics-Albela-Enamel%2Fdp%2FB0BFR9NC8H%2Fref%3Dsr_1_148_sspa%3Fkeywords%3DNail%2Bpaint%26qid%3D1680711252%26sr%3D8-148-spons%26sp_csd%3Dd2lkZ2V0TmFtZT1zcF9hdGZfbmV4dA%26psc%3D1,,
"        Elle18 Nail Pops Nail Polish - Shade 59, 5ml Bottle       ",Nail paint,Elle18,All,https://www.amazon.in/Elle18-Nail-Pops-Polish-Bottle/dp/B07D4PHP3T/ref=sr_1_149?keywords=Nail+paint&qid=1680711252&sr=8-149,,
        COLOR DIVA Dual Nail Paint Pack of 5       ,Nail paint,Color Diva,All,https://www.amazon.in/ColorDiva-Dual-Nail-Paint-Pack/dp/B077NBGJ6N/ref=sr_1_150?keywords=Nail+paint&qid=1680711252&sr=8-150,,
"        Avlon International Matte Finish Nail Polish With Chip Defying Formula - Long Lasting Nail Paint, High Coverage, Vegan, Nail Color - Silk White; 15ml…       ",Nail paint,AVLON INTERNATIONAL,All,https://www.amazon.in/Avlon-International-Glossy-Defying-Formula/dp/B09RFF2ZHX/ref=sr_1_151?keywords=Nail+paint&qid=1680711252&sr=8-151,,
        Das Dnails Nail Paint Blood Red (Cornation Pink)       ,Nail paint,Das Dnails,All,https://www.amazon.in/Das-Dnails-Paint-Blood-Cornation/dp/B0BNG7RN8B/ref=sr_1_152?keywords=Nail+paint&qid=1680711252&sr=8-152,,
"        Disguise Cosmetics Nail Polish with Lotus Extract | Glossy Finish Enamel Color | 100% Vegan, Cruelty-Free Gel Based Nail Paint | Quick-drying, Chip resistant, Long Lasting | Simply Sky 119-9ml       ",Nail paint,DISGUISE COSMETICS,All,https://www.amazon.in/Disguise-Glossy-Effect-Polish-Helathy/dp/B0982YZ7H2/ref=sr_1_153?keywords=Nail+paint&qid=1680711252&sr=8-153,,
        Faces Canada Splash Nail Enamel Set of 2 - Floral Dream & Linty (16ml)       ,Nail paint,Faces,All,https://www.amazon.in/Faces-Canada-Splash-Nail-Enamel/dp/B0982NXX41/ref=sr_1_154?keywords=Nail+paint&qid=1680711252&sr=8-154,,
"        PERPAA® Trendy Quick-drying, Long-Lasting Gel Based Nail Polish Combo of 12 (Multicolor Combo no. 7)       ",Nail paint,PERPAA,All,https://www.amazon.in/PERPAA%C2%AE-Trendy-Quick-drying-Long-Lasting-Multicolor/dp/B09JSQXFKY/ref=sr_1_155?keywords=Nail+paint&qid=1680711252&sr=8-155,,
        DeBelle Gel Nail Polish Hyacinth Folio (Bottle Green Nail Paint)|Non UV - Gel Finish |Chip Resistant | Seaweed Enriched Formula| Long Lasting|Cruelty and Toxic Free| 8ml       ,Nail paint,DeBelle,All,https://www.amazon.in/DeBelle-Polish-Hyacinth-Folio-Bottle/dp/B08X1C24RJ/ref=sr_1_156?keywords=Nail+paint&qid=1680711252&sr=8-156,,
"        DeBelle Gel Nail Polish Combo Set of 2 Coco Bean(Light Brown Nail Paint), Natural Blush (Light Nude Nail Paint) - 16 ml (8 ml each)       ",Nail paint,DeBelle,All,https://www.amazon.in/DeBelle-Nail-Polish-Light-Brown/dp/B07J3CK3K4/ref=sr_1_157?keywords=Nail+paint&qid=1680711252&sr=8-157,,
"        Makeup Mania Nail Polish Set of 24 Pcs, Nail Paint of 6ml each x 24 Pcs, MultiColor Set 88-94 (Combo of 24 Pcs)       ",Nail paint,Makeup Mania,All,https://www.amazon.in/Makeup-Mania-Ultimately-Attractive-Multicolor/dp/B07MYJC2SK/ref=sr_1_158?keywords=Nail+paint&qid=1680711252&sr=8-158,,
"        REVSON Nail Polish Coffee Set, Velvet Matte Nail Paint Combo Set of 12 Pcs , Multicolor Nail Paint of 6 ml each.       ",Nail paint,Revson,All,https://www.amazon.in/REVSON-Polish-Coffee-Velvet-Multicolor/dp/B095KMZYTG/ref=sr_1_159?keywords=Nail+paint&qid=1680711252&sr=8-159,,
        MyGlamm LIT Matte Nail Enamel-Bye Felicia (Blue)- Nail Polish | Nail Paint | Long Lasting | Chip Resistant | Matte Finish       ,Nail paint,MyGlamm,All,https://www.amazon.in/MyGlamm-Matte-Nail-Enamel-Felicia/dp/B0859Q8277/ref=sr_1_160?keywords=Nail+paint&qid=1680711252&sr=8-160,,
"        ILLUMOR Nail Polish Long Lasting, Creme Finish, Quick Dry, No Toxin & Vegan Nail Paint (Cocoa) 7ml       ",Nail paint,ILLUMOR,All,https://www.amazon.in/ILLUMOR-Shine-Collection-Polish-Cocoa/dp/B08XXP4ZQW/ref=sr_1_161?keywords=Nail+paint&qid=1680711252&sr=8-161,,
        NAVMAV Nail Polish Set of 12Pcs Nail Paint of 20ml MultiColor Gel Finish Glossy Long Lasting Matte & Shimmer Nail Paint For Women & Girls       ,Nail paint,NAVMAV,All,https://www.amazon.in/NAVMAV-Nail-Polish-MultiColor-Lasting/dp/B0BWTWMMWY/ref=sr_1_162?keywords=Nail+paint&qid=1680711252&sr=8-162,,
"        HUDA NAILS BEAUTY Professional Nail Polish Set of 2 Red and Maroon Shade, Long Lasting Waterproof Glossy Finish Nail Paint Combo Pack       ",Nail paint,HUDANAILS,All,https://www.amazon.in/BEAUTY-Professional-Polish-Lasting-Waterproof/dp/B09KCPLX27/ref=sr_1_163?keywords=Nail+paint&qid=1680711252&sr=8-163,,
        DeBelle Gel Nail Polish Delightful Daphne(Duo Holo Purple Glitter Nail Paint)| Non UV - Gel Finish |Chip Resistant | Seaweed Enriched Formula| Long Lasting|Cruelty and Toxic Free| 6ml       ,Nail paint,DeBelle,All,https://www.amazon.in/DeBelle-Polish-Delightful-Daphne-Glitter/dp/B0BD7CSB3W/ref=sr_1_164?keywords=Nail+paint&qid=1680711252&sr=8-164,,
        DeBelle Gel Nail Polish Peony Blossom (Nude Nail Paint)|Non UV - Gel Finish |Chip Resistant | Seaweed Enriched Formula| Long Lasting|Cruelty and Toxic Free| 8ml       ,Nail paint,DeBelle,All,https://www.amazon.in/sspa/click?ie=UTF8&spc=MTo0MTc2MjIwMTI4OTYyMTExOjE2ODA3MTEyNTI6c3BfbXRmOjIwMTAxMzIwMzg4NTk4OjowOjo&url=%2FDeBelle-Polish-Peony-Blossom-polish%2Fdp%2FB07MY4L4TL%2Fref%3Dsr_1_165_sspa%3Fkeywords%3DNail%2Bpaint%26qid%3D1680711252%26sr%3D8-165-spons%26sp_csd%3Dd2lkZ2V0TmFtZT1zcF9tdGY%26psc%3D1,,
"        Sally Hansen Insta-Dri-Nail Color-Let's Jam, 363 - Let's Jam, 50 g       ",Nail paint,Sally Hansen,All,https://www.amazon.in/sspa/click?ie=UTF8&spc=MTo0MTc2MjIwMTI4OTYyMTExOjE2ODA3MTEyNTI6c3BfbXRmOjIwMTI3Njk5ODE0Mzk4OjowOjo&url=%2FSally-Hansen-Insta-Dri-Nail-Color-Lets-Jam%2Fdp%2FB079G4N8X9%2Fref%3Dsr_1_166_sspa%3Fkeywords%3DNail%2Bpaint%26qid%3D1680711252%26sr%3D8-166-spons%26sp_csd%3Dd2lkZ2V0TmFtZT1zcF9tdGY%26psc%3D1,,
"        DeBelle Gel Nail Polish Gift Set of 2 Pastel Green (Mystique Green), Turquoise Blue(Royale Cocktail) 16 ml(8ml each Nail Paint)       ",Nail paint,DeBelle,All,https://www.amazon.in/sspa/click?ie=UTF8&spc=MTo0MTc2MjIwMTI4OTYyMTExOjE2ODA3MTEyNTI6c3BfbXRmOjIwMDgyOTY5ODMyNTk4OjowOjo&url=%2FDeBelle-Polish-Combo-Pastel-Turquoise%2Fdp%2FB06XWBCLMT%2Fref%3Dsr_1_167_sspa%3Fkeywords%3DNail%2Bpaint%26qid%3D1680711252%26sr%3D8-167-spons%26sp_csd%3Dd2lkZ2V0TmFtZT1zcF9tdGY%26psc%3D1,,
        SUGAR POP Nail Lacquers Glitter – 03 Star Glazing (Green Glitter) | Dries in 45 seconds |Chip-resistant | Glossy Finish | High Shine | Glitter Nail Polish for Women       ,Nail paint,SUGAR POP,All,https://www.amazon.in/sspa/click?ie=UTF8&spc=MTo0MTc2MjIwMTI4OTYyMTExOjE2ODA3MTEyNTI6c3BfbXRmOjIwMTIyODYwMDczODk4OjowOjo&url=%2FSUGAR-POP-Nail-Lacquers-Glitter%2Fdp%2FB0BVVY56YG%2Fref%3Dsr_1_168_sspa%3Fkeywords%3DNail%2Bpaint%26qid%3D1680711252%26sr%3D8-168-spons%26sp_csd%3Dd2lkZ2V0TmFtZT1zcF9tdGY%26psc%3D1,,
"        JUICE #SHINE Glitter Girls | High Gloss, Chip Resistant, Gel Effect, Upto 80% more pigmented for Intense colour | Nail Polish Combo 3 in 1 | Long Lasting Nail Paint       ",Nail paint,JUICE,All,https://www.amazon.in/JUICE-Glitter-Resistant-pigmented-Intense/dp/B0BLSCBBX8/ref=sr_1_169?keywords=Nail+paint&qid=1680711252&sr=8-169,,
"        REVSON Nail Polish Neon matte light lacquer, Nail Paint Combo Set of 12 Pcs , Multi color Nail Paint of 6 ml. each       ",Nail paint,Revson,All,https://www.amazon.in/REVSON-Polish-matte-light-lacquer/dp/B08P8ZJWG3/ref=sr_1_170?keywords=Nail+paint&qid=1680711252&sr=8-170,,
        SUGAR POP Nail Lacquers Glitter – 01 Rose Quartz (Pink Glitter) | Dries in 45 seconds |Chip-resistant | Glossy Finish | High Shine | Glitter Nail Polish for Women       ,Nail paint,SUGAR POP,All,https://www.amazon.in/SUGAR-POP-Nail-Lacquers-Glitter/dp/B0BVVX12TV/ref=sr_1_171?keywords=Nail+paint&qid=1680711252&sr=8-171,,
"        SUGAR POP Nail Lacquer - 22 Burgundy Bloom (Maroon) – 10 ml - Dries in 45 seconds - Quick-drying, Chip-resistant, Long-lasting. Glossy high shine Nail Enamel / Polish for women.       ",Nail paint,SUGAR POP,All,https://www.amazon.in/SUGAR-POP-Nail-Lacquer-Chip-resistant/dp/B0B1X5Z658/ref=sr_1_172?keywords=Nail+paint&qid=1680711252&sr=8-172,,
        VENALISA 5ml UV Mud Gel Paint Gel Nail Polish for Nails Art Starter Manicure Nail Art Design Salon DIY at Home UV Nail Gel - Brush not Included (V41)       ,Nail paint,VENALISA,All,https://www.amazon.in/VENALISA-Polish-Starter-Manicure-Design/dp/B0BZJQ1YWL/ref=sr_1_173?keywords=Nail+paint&qid=1680711252&sr=8-173,,
"        Sally Hansen Hard as Nails Xtreme Wear Nail Polish, Babe Blue, 11.8ml       ",Nail paint,Sally Hansen,All,https://www.amazon.in/Sally-Hansen-Xtreme-Polish-11-8ml/dp/B00PWANI5M/ref=sr_1_174?keywords=Nail+paint&qid=1680711252&sr=8-174,,
        Volo Nail Paints Combo for girls Nail Polish Set of 12 Unique Long Lasting Colors for city girls       ,Nail paint,VOLO,All,https://www.amazon.in/Volo-Extra-Shine-Shade-Orange-Passion-Metallic/dp/B07GC6YD33/ref=sr_1_175?keywords=Nail+paint&qid=1680711252&sr=8-175,,
"        Revlon Nail Enamel, Matte Finish, Raven Red, 8Ml       ",Nail paint,REVLON,All,https://www.amazon.in/Revlon-Nail-Enamel-Raven-Red/dp/B00YSBUE4O/ref=sr_1_176_mod_primary_new?keywords=Nail+paint&qid=1680711252&sbo=RZvfv%2F%2FHxDF%2BO5021pAnSA%3D%3D&sr=8-176,,
"        Makeup Mania Velvet Nail Paint Combo, Matte Nail Poilish Set of 8 Pcs, Multicolor (MM # 16-18)       ",Nail paint,Makeup Mania,All,https://www.amazon.in/Makeup-Mania-Premium-Velvet-Magenta/dp/B07BWGQ8PK/ref=sr_1_177?keywords=Nail+paint&qid=1680711252&sr=8-177,,
"        EOD 6ml each Glossy Shine Long Lasting Nail Polish Paint Set of 12 Bottles White, Red, Purple, Pink (Pack of 12)       ",Nail paint,EOD,All,https://www.amazon.in/EOD-Glossy-Lasting-Polish-Bottles/dp/B08P4XXJZL/ref=sr_1_178?keywords=Nail+paint&qid=1680711252&sr=8-178,,
        Volo Gloss Shine Moon Magenta Nail Polish Glitter High Shine Silver Nail Paint Set of 2 Pcs Long Stay on Nails 19.8 ml       ,Nail paint,VOLO,All,https://www.amazon.in/Gloss-Magenta-Polish-Glitter-Silver/dp/B09XMYFHYD/ref=sr_1_179?keywords=Nail+paint&qid=1680711252&sr=8-179,,
"        Coslifestore UV Lamp dry -Gel nail polish- nude nail paints for nail art, gel/ acrylic/ polygel nail extensions or on natural nail tips, 15 ml each Pack of 3       ",Nail paint,Generic,All,https://www.amazon.in/Coslifestore-polish-acrylic-polygel-extensions/dp/B09FC56X3P/ref=sr_1_180?keywords=Nail+paint&qid=1680711252&sr=8-180,,
"        Glavon Set of 2 [1,Yellow + 1,Dark Red Nail Paint Gloss,[6 ml each] [ Combo Pack of 2 Items ]       ",Nail paint,GLAVON,All,https://www.amazon.in/Glavon-Yellow-Paint-Gloss-Combo/dp/B09JN425PB/ref=sr_1_181?keywords=Nail+paint&qid=1680711252&sr=8-181,,
        DeBelle Gel Nail Polish Hello Hannah(Light Purple with Gold Micro Shimmer Nail Paint)| Non UV - Gel Finish |Chip Resistant | Seaweed Enriched Formula| Long Lasting|Cruelty and Toxic Free| 6ml       ,Nail paint,DeBelle,All,https://www.amazon.in/DeBelle-Polish-Hannah-Purple-Shimmer/dp/B0BD7H7GXV/ref=sr_1_182?keywords=Nail+paint&qid=1680711252&sr=8-182,,
        UUSUPSO NAIL POLISH / PAINT       ,Nail paint,UUSUPSO,All,https://www.amazon.in/UUSUPSO-NAIL-POLISH-PAINT/dp/B0BGPQF34R/ref=sr_1_183?keywords=Nail+paint&qid=1680711252&sr=8-183,,
        XVLife Nail Polish Long Lasting Nail Paint (WARM ORANGE)       ,Nail paint,XVLife,All,https://www.amazon.in/XVLife-Polish-Lasting-Paint-ORANGE/dp/B09ZD92353/ref=sr_1_184?keywords=Nail+paint&qid=1680711252&sr=8-184,,
        Revson Disco matte Nail Paint Nude Finish Combo Set of 12 Colors nail paint set Each Bottle Contain 6ml.       ,Nail paint,Revson,All,https://www.amazon.in/Revson-Finish-Colours-Bottle-Contain/dp/B08PBTLLZT/ref=sr_1_185?keywords=Nail+paint&qid=1680711252&sr=8-185,,
"        Fashion Bar Nail Paint, Glossy Finish, 6 Ml       ",Nail paint,Fashion Bar,All,https://www.amazon.in/Fashion-Bar-Style-Paint-Combo/dp/B06Y62K1RX/ref=sr_1_186?keywords=Nail+paint&qid=1680711252&sr=8-186,,
"        Makeup Mania Velvet Nail Paint Combo, Matte Nail Poilish Set of 8 Pcs, Multicolor (MM # 60-68)       ",Nail paint,Makeup Mania,All,https://www.amazon.in/Makeup-Mania-Premium-Professional-Perfect/dp/B07R2CWPX7/ref=sr_1_188?keywords=Nail+paint&qid=1680711252&sr=8-188,,
"        Bluesky Gel Nail Polish Christmas Gift Set, Glitter Gel Polish - Heart Queen, Golden Star, Silver Flakes, Silver, Red, Gold, 3 x 5 ml Gel Polish Set (Requires Drying Under UV LED Lamp)       ",Nail paint,Bluesky,All,https://www.amazon.in/Bluesky-Nail-Polish-Christmas-Glitter/dp/B08HHFSZBT/ref=sr_1_189?keywords=Nail+paint&qid=1680711252&sr=8-189,,
"        WorldWesties 30 Colors Nail Art Polish, Gel Paint Nail Kit, Gel Paint for Nails Art with 3 Nail Brush for Nails DIY Nail Art Design       ",Nail paint,Western World,All,https://www.amazon.in/WorldWesties-Colors-Polish-Paint-Design/dp/B09NJPGBPH/ref=sr_1_190?keywords=Nail+paint&qid=1680711252&sr=8-190,,
        Juice Ice Matte Nail Paint (12 Piece Set)       ,Nail paint,JUICE,All,https://www.amazon.in/Juice-Matte-Nail-Paint-Piece/dp/B074CGN97F/ref=sr_1_191?keywords=Nail+paint&qid=1680711252&sr=8-191,,
"        Revson Nail Lacquer | 6 ml | Long-Lasting, Glossy Nail Paint set | Fast Drying, Chip Resistant For Women (Pack of 12)(M-111)       ",Nail paint,Generic,All,https://www.amazon.in/Revson-Lacquer-Long-Lasting-Glossy-Resistant/dp/B0BRFR1623/ref=sr_1_192?keywords=Nail+paint&qid=1680711252&sr=8-192,,
        Revson Light Matte 2 Nail Paint Nude Finish Combo Set of 12 Colors nail paint set Each Bottle Contain 6ml       ,Nail paint,Revson,All,https://www.amazon.in/Revson-Finish-Colours-Bottle-Contain/dp/B08PBWZCZF/ref=sr_1_193?keywords=Nail+paint&qid=1680711252&sr=8-193,,
"        SERY Coat It With Care Nail Paint, Instant Dry, High Shine, Used as Top and Base Coat, Formulated with Plant Origin - 10ML       ",Nail paint,SERY,All,https://www.amazon.in/SERY-Paint-Instant-Formulated-Origin/dp/B09N3RQVFD/ref=sr_1_194?keywords=Nail+paint&qid=1680711252&sr=8-194,,
"        MI Fashion Nail Paint Set Baby Pink, Mauve, Dark Green, Pink Dull Matte Nail Polishes Combo Set of 4 Pcs 9.9ml each       ",Nail paint,MI FASHION,All,https://www.amazon.in/Fashion-Velvet-Polish-39-6ml-Pieces/dp/B079TRJ9CW/ref=sr_1_195?keywords=Nail+paint&qid=1680711252&sr=8-195,,
        BANETION High Gloss Shine Matte Nail Paint | Nail Polish In Set of 6 - Multicolor Nail Paint of 6 ml each (Style-23)       ,Nail paint,BANETION,All,https://www.amazon.in/BANETION-Gloss-Shine-Matte-Polish/dp/B09375DHB7/ref=sr_1_196?keywords=Nail+paint&qid=1680711252&sr=8-196,,
"        Elitty Mad Over Nails- Nail Paint - Matte Combo (Secret Crush, Juicy Gossip, Green Flags Only)12 Toxin Free Formula, Infused with Witch Hazel & Vit E, Vegan & Cruelty Free       ",Nail paint,Elitty,All,https://www.amazon.in/Elitty-Over-Nails-Nail-Paint/dp/B09Y9CTT6V/ref=sr_1_197?keywords=Nail+paint&qid=1680711252&sr=8-197,,
"        DeBelle Gel Nail Polish De'Carnation (Blush Pink Nail Paint), 8ml | Non UV - Gel Finish | Seaweed Enriched Formula | Long Lasting Nail Paint | Cruelty & Toxic Free |       ",Nail paint,DeBelle,All,https://www.amazon.in/DeBelle-Glossy-Polish-DeCarnation-Blush/dp/B08RRLRYH7/ref=sr_1_198?keywords=Nail+paint&qid=1680711252&sr=8-198,,
"        JUICE Quick-dry, Nail Paint, Long Lasting, Chip Resistant, High Gloss, F&D APPROVED COLORS&PIGMENTS, One Coat | Hot Silver – S26       ",Nail paint,JUICE,All,https://www.amazon.in/JUICE-Quick-dry-Resistant-Hot-Silver/dp/B0BPHLJ2NT/ref=sr_1_199?keywords=Nail+paint&qid=1680711252&sr=8-199,,
"        JUICE #SHINE Party Poppers | High Gloss, Chip Resistant, Gel Effect, Upto 80% more pigmented for Intense colour | Nail Polish Combo 5 in 1 | Nail Paint       ",Nail paint,JUICE,All,https://www.amazon.in/sspa/click?ie=UTF8&spc=MTo0MTc2MjIwMTI4OTYyMTExOjE2ODA3MTEyNTI6c3BfYnRmOjIwMTI4MDAzOTM0MDk4OjowOjo&url=%2FJUICE-Poppers-Resistant-pigmented-Intense%2Fdp%2FB0BLST353M%2Fref%3Dsr_1_201_sspa%3Fkeywords%3DNail%2Bpaint%26qid%3D1680711252%26sr%3D8-201-spons%26sp_csd%3Dd2lkZ2V0TmFtZT1zcF9idGY%26psc%3D1,,
"        Bad Company Nail Polish, No Toxin Nail Lacquer, Long Lasting, Chip Resistant, Vegan, Quick Dry & Cruelty-Free Nail Paint Enamel, Glossy Finish (Fresh Lilac Color - 76) 10Ml       ",Nail paint,BAD COMPANY,All,https://www.amazon.in/sspa/click?ie=UTF8&spc=MTo0MTc2MjIwMTI4OTYyMTExOjE2ODA3MTEyNTI6c3BfYnRmOjIwMDc0MzE0MDY5OTAxOjowOjo&url=%2FBAD-COMPANY-Polish-Lacquer-Believer%2Fdp%2FB08Q7CRKZJ%2Fref%3Dsr_1_202_sspa%3Fkeywords%3DNail%2Bpaint%26qid%3D1680711252%26sr%3D8-202-spons%26sp_csd%3Dd2lkZ2V0TmFtZT1zcF9idGY%26psc%3D1,,
"        JUICE Quick-dry, 100% Veg & Cruelty Free Nail Paint I Long Lasting, Chip Resistant, Nail Polish for Women, Gel Finish, High Gloss, F&D APPROVED COLORS & PIGMENTS, Nail Kit, 3 in 1 Combo 08, Gloss       ",Nail paint,JUICE,All,https://www.amazon.in/sspa/click?ie=UTF8&spc=MTo0MTc2MjIwMTI4OTYyMTExOjE2ODA3MTEyNTI6c3BfYnRmOjIwMDU5MTE3MjIzMTk4OjowOjo&url=%2FJuice-Nail-Polish-Pack-Cobalt%2Fdp%2FB07TWSXJR2%2Fref%3Dsr_1_203_sspa%3Fkeywords%3DNail%2Bpaint%26qid%3D1680711252%26sr%3D8-203-spons%26sp_csd%3Dd2lkZ2V0TmFtZT1zcF9idGY%26psc%3D1,,
        GUBB Nail Paint Remover Dip & Twist | Acetone Free & contain vitamin E| Best For Natural Fingernail | Lavender - 80ml       ,Nail paint,GUBB,All,https://www.amazon.in/sspa/click?ie=UTF8&spc=MTo0MTc2MjIwMTI4OTYyMTExOjE2ODA3MTEyNTI6c3BfYnRmOjIwMTM1NDcwMDQzNTk4OjowOjo&url=%2FGUBB-Acetone-Remover-Vanilla-Lavender%2Fdp%2FB07X7ZXGRN%2Fref%3Dsr_1_204_sspa%3Fkeywords%3DNail%2Bpaint%26qid%3D1680711252%26sr%3D8-204-spons%26sp_csd%3Dd2lkZ2V0TmFtZT1zcF9idGY%26psc%3D1,,
        MyGlamm POPxo Makeup Collection -Mini Nail Kit-Thrivin'-5X3ml       ,Nail paint,MyGlamm,All,https://www.amazon.in/sspa/click?ie=UTF8&spc=MTo2NjAxMzMxNDM5ODA0Mzc3OjE2ODA3MTE0OTM6c3BfYXRmX25leHQ6MjAwNzQ4NzUwNTQ3OTg6OjA6Og&url=%2FMyGlamm-POPxo-Makeup-Collection-Kit-Thrivin-5X3ml%2Fdp%2FB09Q3J2F2R%2Fref%3Dsr_1_193_sspa%3Fkeywords%3DNail%2Bpaint%26qid%3D1680711493%26sr%3D8-193-spons%26sp_csd%3Dd2lkZ2V0TmFtZT1zcF9hdGZfbmV4dA%26psc%3D1,,
        FACESCANADA Floral Dream 56 Quick Drying Glossy Finish Long Lasting No Chip Formula High Shine Nail Polish For Women Smooth Application No Harmful Chemicals 8 Ml       ,Nail paint,FACESCANADA,All,https://www.amazon.in/sspa/click?ie=UTF8&spc=MTo2NjAxMzMxNDM5ODA0Mzc3OjE2ODA3MTE0OTM6c3BfYXRmX25leHQ6MjAwOTE5NDk3MjY3OTg6OjA6Og&url=%2FFaces-Splash-Enamel-Floral-Dream%2Fdp%2FB0853LTFMF%2Fref%3Dsr_1_194_sspa%3Fkeywords%3DNail%2Bpaint%26qid%3D1680711493%26sr%3D8-194-spons%26sp_csd%3Dd2lkZ2V0TmFtZT1zcF9hdGZfbmV4dA%26psc%3D1,,
"        SUGAR POP Nail Lacquer - 19 Baked Bae (Eggnog) – 10 ml - Dries in 45 seconds - Quick-drying, Chip-resistant, Long-lasting. Glossy high shine Nail Enamel / Polish for women.       ",Nail paint,SUGAR POP,All,https://www.amazon.in/sspa/click?ie=UTF8&spc=MTo2NjAxMzMxNDM5ODA0Mzc3OjE2ODA3MTE0OTM6c3BfYXRmX25leHQ6MjAxMjAwMTc5MTcyOTg6OjA6Og&url=%2FSUGAR-POP-Nail-Lacquer-Chip-resistant%2Fdp%2FB09WZWPZSH%2Fref%3Dsr_1_195_sspa%3Fkeywords%3DNail%2Bpaint%26qid%3D1680711493%26sr%3D8-195-spons%26sp_csd%3Dd2lkZ2V0TmFtZT1zcF9hdGZfbmV4dA%26psc%3D1,,
"        JUICE | ONE COAT | NAIL PAINT COMBO | ASH BLONDE - C06, HANDBALL COURTS - C09, STEEL GRAY - 23, GRAVEL GRAY - 27, BRISTOL FOG - 76 | LONG LASTING | 11ML EACH | PACK OF 5       ",Nail paint,JUICE,All,https://www.amazon.in/sspa/click?ie=UTF8&spc=MTo2NjAxMzMxNDM5ODA0Mzc3OjE2ODA3MTE0OTM6c3BfYXRmX25leHQ6MjAwNTkxMTcyMjM5OTg6OjA6Og&url=%2FJUICE-COAT-PAINT-COMBO-BLONDE%2Fdp%2FB09LS2B83C%2Fref%3Dsr_1_196_sspa%3Fkeywords%3DNail%2Bpaint%26qid%3D1680711493%26sr%3D8-196-spons%26sp_csd%3Dd2lkZ2V0TmFtZT1zcF9hdGZfbmV4dA%26psc%3D1,,
"        Glavon Set of 2 [1,Black + 1,White Nail Paint Gloss,[6 ml each] [ Combo Pack of 2 Items ]       ",Nail paint,GLAVON,All,https://www.amazon.in/Glavon-Black-White-Paint-Gloss/dp/B09JN4CKHN/ref=sr_1_197?keywords=Nail+paint&qid=1680711493&sr=8-197,,
        MORAZE Nail Polish Glossy Finish Beige Nude 8 Ml       ,Nail paint,MORAZE,All,https://www.amazon.in/Vegan-Toxic-Moraze-Nude-Polish/dp/B095YYFK1W/ref=sr_1_198?keywords=Nail+paint&qid=1680711493&sr=8-198,,
        Volo Nail Paints Combo for girls Nail Polish Set of 12 Unique Long Lasting Colors for city girls       ,Nail paint,VOLO,All,https://www.amazon.in/Volo-Extra-Shine-Shade-Yellow-Passion-Chocolate/dp/B07GCB2FT4/ref=sr_1_199?keywords=Nail+paint&qid=1680711493&sr=8-199,,
"        BRICK New York Nail Polish, Glowing Grey, Long Lasting Sugar Nail Paint for Women, Glossy Finish 9 Ml       ",Nail paint,BRICK,All,https://www.amazon.in/BRICK-Polish-Glowing-Lasting-Glossy/dp/B09PHKLBY4/ref=sr_1_200?keywords=Nail+paint&qid=1680711493&sr=8-200,,
"        Beromt Nail Polish Thinner, Transparent, Cruelty Free, Nail Paint Restoration Drops, Dropper Bottle, Versatile Nail Lacquer Thinner 40ml- 01       ",Nail paint,Beromt,All,https://www.amazon.in/Beromt-Thinner-Transparent-Restoration-Versatile/dp/B09HMCQK6Y/ref=sr_1_201?keywords=Nail+paint&qid=1680711493&sr=8-201,,
"        Makeup Mania Nail Polish Set of 24 Pcs, Nail Paint of 6ml each x 24 Pcs, MultiColor Set 93-94 (Combo of 24 Pcs)       ",Nail paint,Makeup Mania,All,https://www.amazon.in/Makeup-Mania-Ultimately-Attractive-Multicolor/dp/B07MYJHHK2/ref=sr_1_202?keywords=Nail+paint&qid=1680711493&sr=8-202,,
        JUICE | NAIL PAINT (BERRY SHIMMER - D02 / MAGIC CRYSTAL - D08 / AQUAMARINE CRYSTAL - D10) & LIPTINT (RED VELVET M-07) | WATERPROOF & LONG LASTING | COMBO OF 4'       ,Nail paint,JUICE,All,https://www.amazon.in/JUICE-NAIL-PAINT-BERRY-SHIMMER/dp/B09R1MJHSM/ref=sr_1_203?keywords=Nail+paint&qid=1680711493&sr=8-203,,
"        Blue Heaven Bling Nail Polish Combo Pack , Hot Glam Edition (Pack of 6) Nail Paint in matte & pearly shades, Long Lasting Chip Resistant, 48ml       ",Nail paint,Blue Heaven,All,https://www.amazon.in/Blue-Heaven-Polish-Lasting-Resistant/dp/B0BJV67HC2/ref=sr_1_204?keywords=Nail+paint&qid=1680711493&sr=8-204,,
"        Coloressence Nail Paint, Matte Finish, Brown Town, 10Ml       ",Nail paint,Coloressence,All,https://www.amazon.in/Coloressence-Matte-Metallic-Paint-BROWN/dp/B086R1KQX8/ref=sr_1_205?keywords=Nail+paint&qid=1680711493&sr=8-205,,
"        Coslifestore Uv Lamp Dry Gel Nail Polish With Top Coat Base Coat - Semi Permanent Nail Paints, Metallic Finish Pack Of 62, 15ml       ",Nail paint,Generic,All,https://www.amazon.in/COSLIFESTORE-PACK-POLISH-PERMANENT-PAINTS-COMBO/dp/B095KVKYDJ/ref=sr_1_206?keywords=Nail+paint&qid=1680711493&sr=8-206,,
"        SERY Color Flirt Nail Paint, Pastel Shimmer Nail Polish, glossy shine, Chip-Resistant, 6 days long lasting, Enriched with Avocado oil and Vitamin E, Glazing Pink, 10ML       ",Nail paint,SERY,All,https://www.amazon.in/SERY-Shimmer-Chip-Resistant-lasting-Enriched/dp/B09N3K2CF1/ref=sr_1_207?keywords=Nail+paint&qid=1680711493&sr=8-207,,
"        DeBelle Gel Nail Polish Carolyn Charisma (Dark Majenta Nail Paint), 6ml | Non UV - Gel Finish | Seaweed Enriched Formula | Long Lasting Nail Paint | Cruelty & Toxic Free |       ",Nail paint,DeBelle,All,https://www.amazon.in/DeBelle-Polish-Carolyn-Charisma-Majenta/dp/B0BD7DK5CV/ref=sr_1_208?keywords=Nail+paint&qid=1680711493&sr=8-208,,
        FABLO 6 Colors Nail Paint Nail Polish Set A 02 Summer-Winter St 3-4       ,Nail paint,Fablo,All,https://www.amazon.in/FABLO-Colors-Paint-Polish-Summer-Winter/dp/B0B42FGPQJ/ref=sr_1_209?keywords=Nail+paint&qid=1680711493&sr=8-209,,
"        Revson Nail Lacquer Long-Lasting, Glossy Nail Paint set For Women - 10ml (Pack of 4)       ",Nail paint,Revson,All,https://www.amazon.in/Revson-Lacquer-Long-Lasting-Glossy-Paint/dp/B0BYSNCS8Q/ref=sr_1_210?keywords=Nail+paint&qid=1680711493&sr=8-210,,
"        PERPAA® Super Matte Nail Polish No Toxin Nail Lacquer, Long Lasting, Chip Resistant, Quick Dry & Cruelty-Free Nail Paint Enamel PACK OF 2, Sea Green & Dark Green       ",Nail paint,PERPAA,All,https://www.amazon.in/PERPAA%C2%AE-Lacquer-Lasting-Resistant-Cruelty-Free/dp/B0BTHDCLRW/ref=sr_1_211?keywords=Nail+paint&qid=1680711493&sr=8-211,,
"        Lenphor Glitter Shine Nail Paint, Sparkle Shine Nail Colour, Long Lasting, Fade Resistant, Quick Dry, Glimmer Finish, Shimmery Gel Nail Polish for Women and Girls, Glitter Finish (My Valentine 26, 12ml)       ",Nail paint,LENPHOR,All,https://www.amazon.in/Lenphor-Nail-Tint-Valentine-Multi/dp/B08HRW27FD/ref=sr_1_212?keywords=Nail+paint&qid=1680711493&sr=8-212,,
        LoveChild Masaba - The Classics! - 09 Khubsurat - Nail Enamel       ,Nail paint,Lovechild Masaba,All,https://www.amazon.in/sspa/click?ie=UTF8&spc=MTo2NjAxMzMxNDM5ODA0Mzc3OjE2ODA3MTE0OTM6c3BfbXRmOjIwMTAwNTIyODExNzk4OjowOjo&url=%2FLoveChild-Masaba-Classics-Khubsurat-Enamel%2Fdp%2FB0BFR9V217%2Fref%3Dsr_1_213_sspa%3Fkeywords%3DNail%2Bpaint%26qid%3D1680711493%26sr%3D8-213-spons%26sp_csd%3Dd2lkZ2V0TmFtZT1zcF9tdGY%26psc%3D1,,
        SUGAR POP Nail Lacquers Glitter – 02 Bling & Beyond (Golden Glitter) | Dries in 45 seconds |Chip-resistant | Glossy Finish | High Shine | Glitter Nail Polish for Women       ,Nail paint,SUGAR POP,All,https://www.amazon.in/sspa/click?ie=UTF8&spc=MTo2NjAxMzMxNDM5ODA0Mzc3OjE2ODA3MTE0OTM6c3BfbXRmOjIwMTIyODYwMDczNzk4OjowOjo&url=%2FSUGAR-POP-Nail-Lacquers-Glitter%2Fdp%2FB0BVVXKVRY%2Fref%3Dsr_1_214_sspa%3Fkeywords%3DNail%2Bpaint%26qid%3D1680711493%26sr%3D8-214-spons%26sp_csd%3Dd2lkZ2V0TmFtZT1zcF9tdGY%26psc%3D1,,
        DeBelle Gel Nail Polish Roselin Fiesta (Metallic Rose Pink Nail Paint)|Non UV - Gel Finish |Chip Resistant | Seaweed Enriched Formula| Long Lasting|Cruelty and Toxic Free| 8ml       ,Nail paint,DeBelle,All,https://www.amazon.in/sspa/click?ie=UTF8&spc=MTo2NjAxMzMxNDM5ODA0Mzc3OjE2ODA3MTE0OTM6c3BfbXRmOjIwMTAxMzIwMzg4Mjk4OjowOjo&url=%2FDeBelle-Polish-Roselin-Fiesta-Metallic%2Fdp%2FB07RZ89XWG%2Fref%3Dsr_1_215_sspa%3Fkeywords%3DNail%2Bpaint%26qid%3D1680711493%26sr%3D8-215-spons%26sp_csd%3Dd2lkZ2V0TmFtZT1zcF9tdGY%26psc%3D1,,
"        JUICE Nail Polish Coral Sunset - 292 / Golden Orange - 249 / Firey Red - 208, Glossy Finish (Pack Of 3) 33ml       ",Nail paint,JUICE,All,https://www.amazon.in/sspa/click?ie=UTF8&spc=MTo2NjAxMzMxNDM5ODA0Mzc3OjE2ODA3MTE0OTM6c3BfbXRmOjIwMDE2ODUyNDQ0Nzk4OjowOjo&url=%2FJuice-Nail-Polish-Coral-Sunset%2Fdp%2FB07TVVT3JH%2Fref%3Dsr_1_216_sspa%3Fkeywords%3DNail%2Bpaint%26qid%3D1680711493%26sr%3D8-216-spons%26sp_csd%3Dd2lkZ2V0TmFtZT1zcF9tdGY%26psc%3D1,,
"        NAMONAVKAR Quick Dry Nail Paint | Long Lasting, Chip Resistant, Nail Polish For Women, High Gloss, Nail Kit, Combo pack of 2       ",Nail paint,NAMONAVKAR,All,https://www.amazon.in/NAMONAVKAR-Quick-Lasting-Resistant-Polish/dp/B0BZFPW8HC/ref=sr_1_217?keywords=Nail+paint&qid=1680711493&sr=8-217,,
"        Makeup Mania Nail Polish Set of 12 Pcs, Nail Paint of 6ml each x 12 Pcs, MultiColor Combo Set No.90       ",Nail paint,Makeup Mania,All,https://www.amazon.in/Makeup-Mania-Polish-Turquoise-Glitter/dp/B074DDSD9D/ref=sr_1_218?keywords=Nail+paint&qid=1680711493&sr=8-218,,
"        Elle18 Nail Pops Nail Polish - Shade 127, 5ml Bottle       ",Nail paint,Elle18,All,https://www.amazon.in/Elle18-Nail-Pops-Polish-Bottle/dp/B07D4RKKNZ/ref=sr_1_219?keywords=Nail+paint&qid=1680711493&sr=8-219,,
        ForSure® Ice Matte Nail Paint Combo Set of 12 Pcs Multicolor Nail Polish (FSMNP_10)       ,Nail paint,ForSure,All,https://www.amazon.in/ForSure%C2%AE-Matte-Multicolor-Polish-FSMNP_10/dp/B0BL3MF2KL/ref=sr_1_220?keywords=Nail+paint&qid=1680711493&sr=8-220,,
"        JUICE Quick-dry, Nail Paint, Long Lasting, Chip Resistant, High Gloss, F&D APPROVED COLORS&PIGMENTS, One Coat | Teal Blue - C02       ",Nail paint,JUICE,All,https://www.amazon.in/JUICE-Quick-dry-Resistant-Teal-Blue/dp/B0BPHBDMPX/ref=sr_1_221?keywords=Nail+paint&qid=1680711493&sr=8-221,,
        DeBelle Gel Nail Polish Cosmic Emerald (Glitter Emerald Green Nail Paint)|Non UV - Gel Finish |Chip Resistant | Seaweed Enriched Formula| Long Lasting|Cruelty and Toxic Free| 8ml       ,Nail paint,DeBelle,All,https://www.amazon.in/DeBelle-Lacquer-Cosmic-Emerald-Glitter/dp/B09MD5MQVC/ref=sr_1_222?keywords=Nail+paint&qid=1680711493&sr=8-222,,
"        MILAP 9to6 TRI Color Nail Paints, Nail Polish Combo Pack, Independence Day Combo Offer, Nail Polish colors -Orange, Green & White Nail Polish, 11 ML each       ",Nail paint,MILAP,All,https://www.amazon.in/MILAP-Paints-Polish-Independence-Orange/dp/B0B92ZBZJL/ref=sr_1_223?keywords=Nail+paint&qid=1680711493&sr=8-223,,
        OH GIRL Nail paint 4-1 - bridal glow glossy Finish Nail Polish Combo Sets of 4 Unique Colors Long Lasting       ,Nail paint,OH Girl,All,https://www.amazon.in/OH-GIRL-Nail-paint-4-1/dp/B0BZN4VPWG/ref=sr_1_224?keywords=Nail+paint&qid=1680711493&sr=8-224,,
        Debelle Gel Nail Polish Slate Stone (Slate Grey Nail Paint)|Non Uv - Gel Glossy Finish |Chip Resistant | Seaweed Enriched Formula| Long Lasting|Cruelty And Toxic Free| 8Ml       ,Nail paint,DeBelle,All,https://www.amazon.in/DeBelle-Nail-Lacquer-Slate-Stone/dp/B09M7DHNP8/ref=sr_1_225?keywords=Nail+paint&qid=1680711493&sr=8-225,,
"        Totta Beauty Nail Polish (Glitter & Normal Nail Paint ) | No Toxin Nail Lacquer | Long Lasting | Chip Resistant | Cruelty-Free | Quick Dry (Silver, Blue, Black) (Pink, Brown, Royal Blue)       ",Nail paint,TOTTA BEAUTY,All,https://www.amazon.in/Glitter-Lacquer-Lasting-Resistant-Cruelty-Free/dp/B0BTW241LH/ref=sr_1_226?keywords=Nail+paint&qid=1680711493&sr=8-226,,
"        Rosalind Glitter Grey Gel Nail Polish 6 Pcs Set Soak Off Uv Led Gel Polish Art Manicure Kit, Glossy Finish, 7Ml Mini Bottles       ",Nail paint,ROSALIND,All,https://www.amazon.in/ROSALIND-Glitter-Polish-Manicure-Bottle/dp/B09TKK41S1/ref=sr_1_227?keywords=Nail+paint&qid=1680711493&sr=8-227,,
"        Note Italy Nail Enamel 38, Purple, 9ml       ",Nail paint,NOTE,All,https://www.amazon.in/Note-Nail-Enamel-Purple-9ml/dp/B07KPRDY3S/ref=sr_1_228?keywords=Nail+paint&qid=1680711493&sr=8-228,,
        Volo nail paints for women girls nail polish combo of 12 multi colors long lasting       ,Nail paint,VOLO,All,https://www.amazon.in/paints-women-polish-colors-lasting/dp/B07X3DB45Y/ref=sr_1_229?keywords=Nail+paint&qid=1680711493&sr=8-229,,
"        Volo Nail Polish Sets ( 4 Bottles) High Shine Smooth Long Lasting Nail Paints Combo Exceptionally Shine (Matte White, Black, Extra Shine Top Coat and Grey)       ",Nail paint,VOLO,All,https://www.amazon.in/Polish-Bottles-Smooth-Lasting-Exceptionally/dp/B08CC464MZ/ref=sr_1_230?keywords=Nail+paint&qid=1680711493&sr=8-230,,
"        INFINIA | SINGLE COAT | NAIL PAINT COMBO | MULBERRY BROWN - 014, WILD LAVENDAR - 057, LAVENDAR STAR - 097 | SUPER SHINE & LONG LASTING | PACK OF 3       ",Nail paint,INFINIA,All,https://www.amazon.in/INFINIA-SINGLE-PAINT-COMBO-MULBERRY/dp/B0B5ZYP81H/ref=sr_1_231?keywords=Nail+paint&qid=1680711493&sr=8-231,,
        GUBB Nail Paint Remover Dip & Twist | Acetone Free & contain vitamin E| Best For Natural Fingernail | Lavender - 80ml       ,Nail paint,GUBB,All,https://www.amazon.in/GUBB-Acetone-Remover-Vanilla-Lavender/dp/B07X7ZXGRN/ref=sr_1_232?keywords=Nail+paint&qid=1680711493&sr=8-232,,
"        INCOLOR Set of 6 Multicolor Color Trendy Nail Polish, Quick Drying Nail Lacquer, Light Weight, Long Lasting Nail Paint For Girl & Women       ",Nail paint,INCOLOR,All,https://www.amazon.in/INCOLOR-Multicolor-Trendy-Lacquer-Lasting/dp/B0BY95B7CQ/ref=sr_1_233?keywords=Nail+paint&qid=1680711493&sr=8-233,,
"        Makeup Mania Nail Polish Set, Velvet Matte Nail Paint Combo Set of 4 Pcs, Multicolor Nail Polish Combo 12 ml each bottle (Set # 64)       ",Nail paint,Makeup Mania,All,https://www.amazon.in/Makeup-Mania-Premium-Professional-Perfect/dp/B07QXKLCX2/ref=sr_1_234?keywords=Nail+paint&qid=1680711493&sr=8-234,,
        MyGlamm LIT Nail Enamel-Say No More (Red)-7ml | Nail Polish | Nail Paint | Long Lasting Nail Polish | Chip Resistant | Glossy Finish       ,Nail paint,MyGlamm,All,https://www.amazon.in/MyGlamm-Enamel-Say-Polish-Lasting-Resistant/dp/B0B1Q8WVGS/ref=sr_1_235?keywords=Nail+paint&qid=1680711493&sr=8-235,,
"        Note Italy Nail Enamel 67, Blue, 9ml       ",Nail paint,NOTE,All,https://www.amazon.in/Note-Nail-Enamel-Blue-9ml/dp/B07KPR2F1J/ref=sr_1_236?keywords=Nail+paint&qid=1680711493&sr=8-236,,
"        Revson Nail Lacquer Long-Lasting, Glossy Nail Paint set | Fast Drying, Chip Resistant For Women       ",Nail paint,Revson,All,https://www.amazon.in/Revson-Lacquer-Long-Lasting-Glossy-Resistant/dp/B0BYSSZ3M5/ref=sr_1_237?keywords=Nail+paint&qid=1680711493&sr=8-237,,
"        JUICE Quick-dry, Nail Paint, Long Lasting, Chip Resistant, High Gloss, F&D APPROVED COLORS & PIGMENTS, One Coat DARKCYAN GREE - M14       ",Nail paint,JUICE,All,https://www.amazon.in/JUICE-Quick-dry-Resistant-APPROVED-PIGMENTS/dp/B0BMQG6BM8/ref=sr_1_238?keywords=Nail+paint&qid=1680711493&sr=8-238,,
        Belora Paris Breathable Made Safe Longstay Nail Polish | Quick Drying | Nail Paint | Non toxic |No yellow nails| Vegan- 24 Met Bronze (8 ml)       ,Nail paint,Belora,All,https://www.amazon.in/Belora-Breathable-Longstay-Polish-Drying/dp/B0BWRKKZPK/ref=sr_1_239?keywords=Nail+paint&qid=1680711493&sr=8-239,,
        Moraze Paint Your Own Rainbow Nail Polish Combo Pack of 12 Different Shades - 60 ML (5 ML Each) Vegan No Toxins Paraben Free       ,Nail paint,MORAZE,All,https://www.amazon.in/Moraze-Rainbow-Polish-Different-Shades/dp/B096B7V5YP/ref=sr_1_240?keywords=Nail+paint&qid=1680711493&sr=8-240,,
        ArtEra SB HD Glitter Beauty Glitter Nail Paints with Remover (Pack of 04 Nos with 02 Nos of Remover)       ,Nail paint,ArtEra,All,https://www.amazon.in/ArtEra-Glitter-Beauty-Paints-Remover/dp/B0BW8KBWCB/ref=sr_1_241?keywords=Nail+paint&qid=1680711493&sr=8-241,,
"        HUDA NAILS BEAUTY Professional Fabulous 4 Nail Polish Set, Pack of 4 Glossy True Wear Nail Paint for Girls (Red Edition)       ",Nail paint,HUDANAILS,All,https://www.amazon.in/BEAUTY-Professional-Fabulous-Polish-Glossy/dp/B09GMC4PZY/ref=sr_1_242?keywords=Nail+paint&qid=1680711493&sr=8-242,,
"        SMC Fabia 6ml each Glossy Nail Polish | Nail Paint Combo Pack of 12 With Trendy Colors,0169       ",Nail paint,SMC Fabia,All,https://www.amazon.in/SMC-Fabia-Glossy-Polish-Trendy/dp/B09CDS9D6G/ref=sr_1_243?keywords=Nail+paint&qid=1680711493&sr=8-243,,
"        JUICE Quick-dry, 100% Veg & Cruelty Free Nail Paint I Long Lasting, Chip Resistant, Nail Polish for Women, High Gloss, F&D APPROVED COLORS&PIGMENTS, One Coat Nail Paint | Sparkling Stars - S13       ",Nail paint,JUICE,All,https://www.amazon.in/JUICE-Quick-dry-Resistant-Sparkling-Stars/dp/B0BPHSVYH2/ref=sr_1_244?keywords=Nail+paint&qid=1680711493&sr=8-244,,
"        Makeup Mania Velvet Nail Paint Combo, Matte Nail Poilish Set of 8 Pcs, Multicolor (MM # 15-64)       ",Nail paint,Makeup Mania,All,https://www.amazon.in/Makeup-Mania-Premium-Professional-Perfect/dp/B07R2DMB9C/ref=sr_1_245?keywords=Nail+paint&qid=1680711493&sr=8-245,,
        RAJPUTANA ENTERPRISES Chestnut shade Nail paint for Girls-051       ,Nail paint,Generic,All,https://www.amazon.in/RAJPUTANA-ENTERPRISES-Chestnut-shade-Girls-051/dp/B0BJBCTKS8/ref=sr_1_246?keywords=Nail+paint&qid=1680711493&sr=8-246,,
"        IN5 Ultra High 3D Shine Long-Lasting Opaque Nail Polish – Luxurious, Quick-Dry Nail Paint with Glossy Finish for Women, 10 ml (Berry Rush)       ",Nail paint,IN5,All,https://www.amazon.in/IN5-Ultra-Long-Lasting-Opaque-Polish/dp/B09B28XJ2L/ref=sr_1_247?keywords=Nail+paint&qid=1680711493&sr=8-247,,
        PAVITYAKSH Saloon Express Stamping Professional Nail Polish Art Kit Decals Paint Stamp       ,Nail paint,PAVITYAKSH,All,https://www.amazon.in/PAVITYAKSH-Saloon-Express-Stamping-Professional/dp/B08KWFD2MM/ref=sr_1_248?keywords=Nail+paint&qid=1680711493&sr=8-248,,
"        JUICE Quick-dry, 100% Veg & Cruelty Free Nail Paint | Long Lasting, Chip Resistant, Nail Polish for Women, Gel Finish, High Gloss, F&D APPROVED COLORS & PIGMENTS, Nail Kit, 5 in 1 Combo 34       ",Nail paint,JUICE,All,https://www.amazon.in/sspa/click?ie=UTF8&spc=MTo2NjAxMzMxNDM5ODA0Mzc3OjE2ODA3MTE0OTM6c3BfYnRmOjIwMDU5MTE3MjIzMzk4OjowOjo&url=%2FPolish-Pearly-Sparkling-SHIMMER-COMBO_34%2Fdp%2FB07TWYFV5J%2Fref%3Dsr_1_249_sspa%3Fkeywords%3DNail%2Bpaint%26qid%3D1680711493%26sr%3D8-249-spons%26sp_csd%3Dd2lkZ2V0TmFtZT1zcF9idGY%26psc%3D1,,
"        JUICE Quick-dry, Nail Paint, Long Lasting, Chip Resistant, Gel Finish, High Gloss, F&D APPROVED COLORS & PIGMENTS, 3 in 1 Nail Polish Combo 07, Gloss       ",Nail paint,JUICE,All,https://www.amazon.in/sspa/click?ie=UTF8&spc=MTo2NjAxMzMxNDM5ODA0Mzc3OjE2ODA3MTE0OTM6c3BfYnRmOjIwMDE2ODUyNDQ0NTk4OjowOjo&url=%2FJuice-Polish-Black-Cotton-COMBO_7%2Fdp%2FB07TTPMTGC%2Fref%3Dsr_1_250_sspa%3Fkeywords%3DNail%2Bpaint%26qid%3D1680711493%26sr%3D8-250-spons%26sp_csd%3Dd2lkZ2V0TmFtZT1zcF9idGY%26psc%3D1,,
"        BAD COMPANY No Toxin Nail Lacquer, Long Lasting, Chip Resistant, Vegan, Quick Dry & Cruelty-Free Glossy Finish Nail Paint Enamel (Gorgeous Brown - 74) 10ml       ",Nail paint,BAD COMPANY,All,https://www.amazon.in/sspa/click?ie=UTF8&spc=MTo2NjAxMzMxNDM5ODA0Mzc3OjE2ODA3MTE0OTM6c3BfYnRmOjIwMDc0MzE0MDcwNjAxOjowOjo&url=%2FBAD-COMPANY-Toxin-Lacquer-Polish%2Fdp%2FB08Q3C3CML%2Fref%3Dsr_1_251_sspa%3Fkeywords%3DNail%2Bpaint%26qid%3D1680711493%26sr%3D8-251-spons%26sp_csd%3Dd2lkZ2V0TmFtZT1zcF9idGY%26psc%3D1,,
        Gleevia Reflective Glitter Color Disco Gel Polish UV/LED Lamp Cure 15ml Bottle Broken Diamond (R11)       ,Nail paint,Gleevia,All,https://www.amazon.in/sspa/click?ie=UTF8&spc=MTo2NjAxMzMxNDM5ODA0Mzc3OjE2ODA3MTE0OTM6c3BfYnRmOjIwMTIwNjc4NDU0NDk4OjowOjo&url=%2FGleevia-Reflective-Glitter-Polish-Diamond%2Fdp%2FB0BTVPLT5M%2Fref%3Dsr_1_252_sspa%3Fkeywords%3DNail%2Bpaint%26qid%3D1680711493%26sr%3D8-252-spons%26sp_csd%3Dd2lkZ2V0TmFtZT1zcF9idGY%26psc%3D1,,
